time_stats.mla_block_norm.min,time_stats.mla_block_norm.max,time_stats.mla_block_norm.mean,time_stats.mla_block_norm.median,time_stats.mla_block_norm.std,time_stats.mla_q_down_proj.min,time_stats.mla_q_down_proj.max,time_stats.mla_q_down_proj.mean,time_stats.mla_q_down_proj.median,time_stats.mla_q_down_proj.std,time_stats.mla_q_up_proj.min,time_stats.mla_q_up_proj.max,time_stats.mla_q_up_proj.mean,time_stats.mla_q_up_proj.median,time_stats.mla_q_up_proj.std,time_stats.mla_kv_down_proj.min,time_stats.mla_kv_down_proj.max,time_stats.mla_kv_down_proj.mean,time_stats.mla_kv_down_proj.median,time_stats.mla_kv_down_proj.std,time_stats.mla_kv_up_proj.min,time_stats.mla_kv_up_proj.max,time_stats.mla_kv_up_proj.mean,time_stats.mla_kv_up_proj.median,time_stats.mla_kv_up_proj.std,time_stats.mla_rope.min,time_stats.mla_rope.max,time_stats.mla_rope.mean,time_stats.mla_rope.median,time_stats.mla_rope.std,time_stats.mla_attn_score.min,time_stats.mla_attn_score.max,time_stats.mla_attn_score.mean,time_stats.mla_attn_score.median,time_stats.mla_attn_score.std,time_stats.mla_o_proj.min,time_stats.mla_o_proj.max,time_stats.mla_o_proj.mean,time_stats.mla_o_proj.median,time_stats.mla_o_proj.std,time_stats.mla_block_residual.min,time_stats.mla_block_residual.max,time_stats.mla_block_residual.mean,time_stats.mla_block_residual.median,time_stats.mla_block_residual.std,hidden_size,num_heads,kv_lora_rank,q_lora_rank,qk_nope_head_dim,qk_rope_head_dim,v_head_dim,num_tokens
0.06467200070619583,0.07939200103282928,0.0671839989721775,0.06593599915504456,0.0041284780954322945,0.13276800513267517,0.13513599336147308,0.13378239870071412,0.1337919980287552,0.0006186918511057784,0.40825599431991577,0.4108799993991852,0.40933440029621126,0.40937599539756775,0.0007784674760147431,0.0729919970035553,0.07568000257015228,0.07389440014958382,0.07371200248599052,0.0007083220651708282,0.24691200256347656,0.24995200335979462,0.24822400212287904,0.24796800315380096,0.0009114121483984973,0.0982080027461052,0.09916800260543823,0.09874880090355873,0.09881599992513657,0.0003010209687317079,0.1555519998073578,0.15875199437141418,0.1578559994697571,0.15806400030851364,0.0008442181400522632,1.2231040000915527,1.2273919582366943,1.2255552053451537,1.2257599830627441,0.001459706520591894,0.057760000228881836,0.059167999774217606,0.05854719989001751,0.058639999479055405,0.0003948340430867719,7168,128,512,1536,128,64,128,4096
0.06515199691057205,0.07651200145483017,0.06897279918193817,0.06883200258016586,0.0027889327457442134,0.13443200290203094,0.14291200041770935,0.14100479930639268,0.1425120010972023,0.003051236545309593,0.40956801176071167,0.42294400930404663,0.41912960410118105,0.4212319999933243,0.004762791279711889,0.07334399968385696,0.0764160007238388,0.07488320022821426,0.07496000081300735,0.0008042705320442629,0.24767999351024628,0.2565760016441345,0.25161599814891816,0.2516319900751114,0.0023624146563950145,0.09865599870681763,0.10924799740314484,0.10380799919366837,0.10439999774098396,0.002890504825815543,0.15904000401496887,0.19177600741386414,0.1755040019750595,0.1775519996881485,0.008947891283672784,1.2285120487213135,1.2913919687271118,1.2459200143814086,1.2424160242080688,0.015719658589297785,0.05769599974155426,0.05955199897289276,0.05862399972975254,0.0585120003670454,0.0006624853306962275,7168,128,512,1536,128,64,128,4096
0.0695360004901886,0.11088000237941742,0.07424000129103661,0.07043199986219406,0.01222142836433729,0.15062400698661804,0.18812799453735352,0.15459199845790864,0.1507679969072342,0.01118082795407027,0.45126399397850037,0.4559360146522522,0.45248959958553314,0.4522719979286194,0.0012155871351114233,0.07715199887752533,0.07836800068616867,0.07771519869565964,0.07782399654388428,0.00037213635369522547,0.23110400140285492,0.23254400491714478,0.23180480003356935,0.23176000267267227,0.00048116136307052045,0.10889600217342377,0.11007999628782272,0.109391999989748,0.10937599837779999,0.0003465010352585904,0.1884479969739914,0.18960000574588776,0.18884479850530625,0.18881599605083466,0.00030799982007140975,1.2878400087356567,1.2955199480056763,1.290492796897888,1.288960039615631,0.0028466684354716454,0.057760000228881836,0.059328000992536545,0.05829439982771874,0.05817599967122078,0.0004621868239252785,7168,128,512,1536,128,64,128,4064
0.06908799707889557,0.08111999928951263,0.07105600014328957,0.0697920024394989,0.0034160428670169008,0.1499200016260147,0.15571199357509613,0.15105599761009217,0.15065599977970123,0.001613906409484689,0.45097601413726807,0.470335990190506,0.4535135984420776,0.45156800746917725,0.0056347976089620565,0.07760000228881836,0.08025600016117096,0.07832639962434769,0.07807999849319458,0.0007729242289964228,0.23107199370861053,0.2412479966878891,0.23289919942617415,0.23174400627613068,0.0028708980488828697,0.1082879975438118,0.11209599673748016,0.10895039886236191,0.10857599973678589,0.001073888941023104,0.18828800320625305,0.19763199985027313,0.18965440094470978,0.18881600350141525,0.002679913289566512,1.4591679573059082,1.5392639636993408,1.4730783939361571,1.4660639762878418,0.022571183999355232,0.05596800148487091,0.057440001517534256,0.05679680034518242,0.05713599920272827,0.0006164383963036113,7168,128,512,1536,128,64,128,4032
0.06921599805355072,0.08182399719953537,0.07122879922389984,0.07028799876570702,0.0035718202249845556,0.150751993060112,0.15702399611473083,0.1525183990597725,0.1515199989080429,0.0021577507268374686,0.4556480050086975,0.4721919894218445,0.45968000292778016,0.45633600652217865,0.006362431014463113,0.07769600301980972,0.0806720033288002,0.07888960018754006,0.07867199927568436,0.0008266967169773443,0.23296000063419342,0.24297599494457245,0.23515839725732804,0.23390399664640427,0.002888344221427235,0.1085439994931221,0.11104000359773636,0.10922560170292854,0.10891200229525566,0.0007028433963589167,0.18873600661754608,0.19494399428367615,0.1900736004114151,0.18939200043678284,0.0017643450081794563,1.4699519872665405,1.5388480424880981,1.4872992038726807,1.484495997428894,0.019101301817819254,0.05539200082421303,0.05737600103020668,0.05628480054438114,0.056432001292705536,0.0006072330559436177,7168,128,512,1536,128,64,128,4000
0.06864000111818314,0.08111999928951263,0.07107520028948784,0.07017600163817406,0.003427002492475895,0.15142400562763214,0.15356799960136414,0.15235200077295302,0.15220800042152405,0.0006375954020930543,0.4607999920845032,0.46160000562667847,0.46112319827079773,0.46115200221538544,0.00024093990983800322,0.07804799824953079,0.08003199845552444,0.078889599442482,0.07894399762153625,0.0005409889885895903,0.21420800685882568,0.21583999693393707,0.21489600092172623,0.2149759978055954,0.0005285793659812518,0.10838399827480316,0.10969600081443787,0.10885760039091111,0.10873600095510483,0.00036508093131508597,0.19043199717998505,0.19103999435901642,0.1908063992857933,0.19086399674415588,0.00021034876474159013,1.3126720190048218,1.3154560327529907,1.3138336062431335,1.3138720393180847,0.0007512974835012012,0.056384000927209854,0.05798399820923805,0.05704319998621941,0.056991999968886375,0.0005503992441791397,7168,128,512,1536,128,64,128,3968
0.0684799998998642,0.08006399869918823,0.0702239990234375,0.06910399720072746,0.0033141324765554063,0.1493760049343109,0.15296000242233276,0.15152640044689178,0.1517760008573532,0.0009156473224491719,0.4559679925441742,0.4615040123462677,0.4596864014863968,0.4609439969062805,0.0021353768422749226,0.0777600035071373,0.07999999821186066,0.07871040031313896,0.07864000275731087,0.000674896164622662,0.21209600567817688,0.2160000056028366,0.21396480202674867,0.21427199989557266,0.0012496552368564933,0.10742399841547012,0.10835199803113937,0.10798080042004585,0.1080160029232502,0.00027460359628424843,0.18592000007629395,0.1881919950246811,0.18747519999742507,0.1879040002822876,0.0007866009501610096,1.2985600233078003,1.3152639865875244,1.3092960238456726,1.3131840229034424,0.00674238251478052,0.055904000997543335,0.05728000029921532,0.056454400345683095,0.056432001292705536,0.00040345375750205594,7168,128,512,1536,128,64,128,3936
0.06748799979686737,0.07968000322580338,0.06924160048365594,0.06806399673223495,0.0035048352097173364,0.14905600249767303,0.15107199549674988,0.1503008022904396,0.15040000528097153,0.000557285341591895,0.4551999866962433,0.45606398582458496,0.4555967956781387,0.45555199682712555,0.00027047347935267086,0.07705599814653397,0.0791039988398552,0.07838080003857613,0.0785440020263195,0.000561999621302264,0.21158400177955627,0.2136320024728775,0.21255040019750596,0.2125599980354309,0.0006409279083157096,0.10566399991512299,0.10761599987745285,0.1061760015785694,0.10606400296092033,0.0005250335964008386,0.18396799266338348,0.1860799938440323,0.18455039858818054,0.1844319999217987,0.0005497660427527731,1.4646400213241577,1.474560022354126,1.468124806880951,1.4673439860343933,0.003368479004008758,0.05427199974656105,0.05628800019621849,0.05513599999248982,0.055136000737547874,0.0006747371904063815,7168,128,512,1536,128,64,128,3904
0.06723199784755707,0.07897599786520004,0.0689023993909359,0.06782400235533714,0.0033846194285519545,0.14953599870204926,0.15078400075435638,0.15010560005903245,0.15011199563741684,0.00043449285798998795,0.4554559886455536,0.4560000002384186,0.455715200304985,0.4556799978017807,0.00015964878292015134,0.07779199630022049,0.08115199953317642,0.07833279818296432,0.07799999788403511,0.0009591950628953243,0.2112639993429184,0.21369600296020508,0.21273599863052367,0.21294400095939636,0.0007895654733769029,0.10499200224876404,0.10572800040245056,0.10538559928536415,0.10540799796581268,0.00020937317239606054,0.18121600151062012,0.18166400492191315,0.1814944013953209,0.1815200001001358,0.0001508089634297629,1.4658880233764648,1.4756159782409668,1.4713215947151184,1.4715520143508911,0.0036781846827254813,0.05446400120854378,0.0568000003695488,0.05510720014572144,0.05500799976289272,0.000622718498666622,7168,128,512,1536,128,64,128,3872
0.0666240006685257,0.07840000092983246,0.06832000091671944,0.06718399748206139,0.003380902626882818,0.1385599970817566,0.14137600362300873,0.13977279961109162,0.13971200585365295,0.0008424515286476042,0.419840008020401,0.4256959855556488,0.4229823976755142,0.42291200160980225,0.0020119696377104545,0.07734400033950806,0.07958400249481201,0.07834879979491234,0.07835200056433678,0.0006435422222814129,0.22467200458049774,0.22668799757957458,0.2255360007286072,0.22537600249052048,0.0006517311309214066,0.10339199751615524,0.10444799810647964,0.10396160036325455,0.1040480025112629,0.0003413072806374269,0.17977599799633026,0.18143999576568604,0.18073920011520386,0.18107199668884277,0.0006982215735527378,1.2913919687271118,1.3022079467773438,1.2984031796455384,1.2993760108947754,0.003284846367813408,0.0544000007212162,0.055776000022888184,0.055209600180387494,0.055344000458717346,0.0004319527439851788,7168,128,512,1536,128,64,128,3840
0.06649599969387054,0.07891199737787247,0.06848319843411446,0.0671519972383976,0.0035106912747548042,0.13916799426078796,0.1409599930047989,0.139868800342083,0.13969600200653076,0.0005545244844086175,0.41974401473999023,0.42579200863838196,0.42231360375881194,0.4209440052509308,0.0025441573982567783,0.07711999863386154,0.07939200103282928,0.07782399952411652,0.0777439996600151,0.000639039593194401,0.22355200350284576,0.22563199698925018,0.22464639991521834,0.22468800097703934,0.0006742523997137331,0.10262399911880493,0.10342399775981903,0.10293440073728562,0.10289600118994713,0.00024912819114617847,0.17664000391960144,0.17744000256061554,0.1771135985851288,0.17716799676418304,0.0002555171653682189,1.2889599800109863,1.3024319410324097,1.294707190990448,1.293615996837616,0.004883135703187522,0.05375999957323074,0.05526399984955788,0.054396800324320795,0.054336000233888626,0.0005036214429833069,7168,128,512,1536,128,64,128,3808
0.06623999774456024,0.07715199887752533,0.06763520017266274,0.06657600030303001,0.0031816816830182474,0.1393280029296875,0.1414719969034195,0.13990080058574678,0.1398880034685135,0.0005845486231182286,0.41923201084136963,0.4256959855556488,0.4218176037073135,0.4211040139198303,0.002060746412066767,0.07705599814653397,0.08182399719953537,0.07794880047440529,0.07753600180149078,0.001329247631687644,0.22390399873256683,0.22547200322151184,0.22455679923295974,0.22446399927139282,0.0004388099757956199,0.1019200012087822,0.10291200131177902,0.10226560086011886,0.1021760031580925,0.00031607144597169384,0.17654399573802948,0.17750400304794312,0.17690880000591278,0.17684800177812576,0.0002631801749345511,1.2893760204315186,1.3017280101776123,1.2956224083900452,1.2956160306930542,0.004413722439523552,0.053247999399900436,0.05484800040721893,0.053836800158023834,0.05374399945139885,0.0005053976436849572,7168,128,512,1536,128,64,128,3776
0.06611199676990509,0.07814399898052216,0.06795199885964394,0.06694399937987328,0.003434876365289958,0.1395840048789978,0.141184002161026,0.14025599956512452,0.1403679996728897,0.0004955356714808971,0.4219520092010498,0.42905598878860474,0.4249664038419724,0.4240640103816986,0.002615782104619784,0.07718399912118912,0.07878399640321732,0.07801279947161674,0.07809599861502647,0.0004956280387073368,0.22383999824523926,0.22707200050354004,0.22563520222902297,0.22568000108003616,0.0010521587620999507,0.10127999633550644,0.10220800340175629,0.1017984002828598,0.1019200012087822,0.0002987527392682162,0.17366400361061096,0.1764480024576187,0.17508479952812195,0.17521599680185318,0.0008674537363072163,1.2939200401306152,1.3138560056686401,1.3018719911575318,1.300271987915039,0.006723351045664311,0.05276799947023392,0.05446400120854378,0.05337280035018921,0.053120000287890434,0.00054446085744123,7168,128,512,1536,128,64,128,3744
0.06521599739789963,0.07539200037717819,0.0666975997388363,0.06577600166201591,0.002913337938191173,0.13788799941539764,0.14070400595664978,0.13870719969272613,0.13846399635076523,0.0007653574990886992,0.4158720076084137,0.42502400279045105,0.4196672022342682,0.41920000314712524,0.002323524319732487,0.07638400048017502,0.07849600166082382,0.07748480066657067,0.07756800204515457,0.000685905985104364,0.19724799692630768,0.2006080001592636,0.19862080067396165,0.1987840011715889,0.0009413073056110072,0.09967999905347824,0.10060799866914749,0.10016960054636001,0.10020800307393074,0.0002588041108871683,0.17215999960899353,0.1743679940700531,0.17291519939899444,0.17268799990415573,0.0006715735827017511,1.278656005859375,1.2959680557250977,1.2864895939826966,1.2862560153007507,0.005233394197958148,0.052352000027894974,0.0541439987719059,0.05317119993269444,0.05305599980056286,0.0005092323997530178,7168,128,512,1536,128,64,128,3712
0.06518399715423584,0.07475200295448303,0.06678399965167045,0.06606400012969971,0.0026925306714878122,0.1398719996213913,0.14153599739074707,0.14082240015268327,0.14083199948072433,0.0005124090987882581,0.4228479862213135,0.4291839897632599,0.4256991982460022,0.4248960018157959,0.002461313210041807,0.07756800204515457,0.07897599786520004,0.07828479930758477,0.07812799885869026,0.0004657515713602813,0.20041599869728088,0.2025279998779297,0.20144320130348206,0.20131200551986694,0.0006386308318747713,0.10012800246477127,0.100832000374794,0.10042240172624588,0.10028800368309021,0.00022798563218072405,0.1725119948387146,0.17343999445438385,0.17300799787044524,0.1730240061879158,0.00030668262906337037,1.3008960485458374,1.3136639595031738,1.3095072031021118,1.3119360208511353,0.004422015897707051,0.05209600180387497,0.05369599908590317,0.052671999856829646,0.052400000393390656,0.00054905866958348,7168,128,512,1536,128,64,128,3680
0.0647680014371872,0.07638400048017502,0.06651520058512687,0.0655359998345375,0.003333539943117696,0.13897599279880524,0.1430400013923645,0.14062399864196778,0.14000000059604645,0.0014736177986502009,0.41948801279067993,0.4259200096130371,0.422188800573349,0.4219039976596832,0.001959964258856422,0.07667200267314911,0.07836800068616867,0.0777376003563404,0.07780800014734268,0.0004776573928349871,0.19926400482654572,0.20025600492954254,0.19964480102062226,0.1995360031723976,0.0002934410744010274,0.09865599870681763,0.1003199964761734,0.09915519952774048,0.09904000163078308,0.0004672865475732092,0.17071999609470367,0.17283199727535248,0.17143999934196472,0.17137599736452103,0.0005765763583328952,1.2894079685211182,1.302240014076233,1.295852780342102,1.2953280210494995,0.0047402396721684574,0.0517439991235733,0.05321599915623665,0.05233599990606308,0.052112000063061714,0.000507832872775304,7168,128,512,1536,128,64,128,3648
0.0639680027961731,0.07609599828720093,0.0658399999141693,0.06472000107169151,0.0034546437030031655,0.13763199746608734,0.14047999680042267,0.13943680077791215,0.1395839974284172,0.0008353401411113187,0.41631999611854553,0.4219200015068054,0.4201280027627945,0.4208479970693588,0.0017479185788928432,0.07651200145483017,0.08233600109815598,0.07866240069270133,0.07795200124382973,0.0018985356206947905,0.19766399264335632,0.20032000541687012,0.19925440102815628,0.1990719959139824,0.0009160139915039024,0.09759999811649323,0.09833600372076035,0.09793920069932938,0.097936000674963,0.0002079769667858568,0.16659200191497803,0.16828800737857819,0.1674687996506691,0.1671999990940094,0.0006744656122519851,1.282528042793274,1.2998080253601074,1.2897440195083618,1.288864016532898,0.004899823469139505,0.05132799968123436,0.05241600051522255,0.051868800073862076,0.051791999489068985,0.000370551244104081,7168,128,512,1536,128,64,128,3616
0.06454399973154068,0.07446400076150894,0.06623999997973443,0.06547199934720993,0.0027746789901986297,0.137472003698349,0.13942399621009827,0.1384895995259285,0.13849599659442902,0.0006932705691798334,0.3954240083694458,0.40092799067497253,0.39920320808887483,0.3999520093202591,0.0017188761363614066,0.07763200253248215,0.07919999957084656,0.07846400067210198,0.07852800190448761,0.0005362259654677098,0.22649599611759186,0.22832000255584717,0.22763199955224991,0.2277120053768158,0.0005487328642465372,0.09731200337409973,0.0981760025024414,0.09781440049409866,0.09796800091862679,0.0002904967753885512,0.17103999853134155,0.17164799571037292,0.17137279957532883,0.17140799760818481,0.0001915724252870504,1.1181119680404663,1.1237759590148926,1.1205215811729432,1.1201760172843933,0.0018621734411329428,0.05119999870657921,0.05215999856591225,0.051657600328326225,0.05150400102138519,0.00032572498465615804,7168,128,512,1536,128,64,128,3584
0.06438399851322174,0.07539200037717819,0.06686079874634743,0.06611199676990509,0.0029041904892703344,0.13843199610710144,0.1462399959564209,0.1436256006360054,0.14449600130319595,0.0025989060083795377,0.4009599983692169,0.41894400119781494,0.41264320313930514,0.41496001183986664,0.005794785700526786,0.07849600166082382,0.08153600245714188,0.0804736003279686,0.08048000186681747,0.0007814551768191212,0.20716799795627594,0.2152319997549057,0.2137344002723694,0.21436800062656403,0.0022340865777113438,0.09772799909114838,0.10047999769449234,0.09994559958577157,0.10016000270843506,0.0007641300348141042,0.16838400065898895,0.175135999917984,0.17413440048694612,0.17475200444459915,0.0019346669033879342,1.1198400259017944,1.1697280406951904,1.1621119976043701,1.1657440066337585,0.014237790103705872,0.050624001771211624,0.0517439991235733,0.051177600398659706,0.051072001457214355,0.0003858751611117706,7168,128,512,1536,128,64,128,3552
0.06511999666690826,0.07513599842786789,0.06689599975943565,0.0660960003733635,0.0027801440494526846,0.1446399986743927,0.14643199741840363,0.14574400037527085,0.1459839940071106,0.0006239990011370583,0.4140799939632416,0.41843199729919434,0.41698239743709564,0.41771200299263,0.0014826100871754627,0.08006399869918823,0.08160000294446945,0.0808448001742363,0.08089599758386612,0.00045642407723506576,0.21264000236988068,0.21641600131988525,0.2148384004831314,0.21529600024223328,0.0010573608151522994,0.09891200065612793,0.10047999769449234,0.09934079945087433,0.09927999973297119,0.0004315126329542911,0.1733119934797287,0.17523199319839478,0.17453759759664536,0.17470400035381317,0.0005898858027740982,1.1561919450759888,1.1782079935073853,1.1696799993515015,1.1699520349502563,0.006854065462342848,0.050144001841545105,0.05135999992489815,0.05057280026376247,0.050383999943733215,0.0003660330293749023,7168,128,512,1536,128,64,128,3520
0.0644799992442131,0.07628799974918365,0.06645440086722373,0.06532800197601318,0.0033301848886760593,0.1441279947757721,0.1459839940071106,0.14497919976711274,0.14499200135469437,0.0005969844502869042,0.41203200817108154,0.41865599155426025,0.4147903949022293,0.4144959896802902,0.0025194690109253855,0.07955200225114822,0.08211199939250946,0.0804736003279686,0.08046400174498558,0.0007356924059588674,0.21161599457263947,0.2157440036535263,0.21380800008773804,0.21355199813842773,0.0014202578788727114,0.09734400361776352,0.09811200201511383,0.09781440049409866,0.09787200018763542,0.0002580126990095606,0.1695999950170517,0.17059199512004852,0.1701439991593361,0.17015999555587769,0.0003729064489406266,1.2585599422454834,1.2798399925231934,1.267129611968994,1.2691199779510498,0.007501660139811694,0.047968000173568726,0.04956800118088722,0.04883520044386387,0.0485600009560585,0.0005506326685120686,7168,128,512,1536,128,64,128,3488
0.06412799656391144,0.07596799731254578,0.0660191997885704,0.06504000350832939,0.0033348368070718845,0.143327996134758,0.14537599682807922,0.14410560131072997,0.14401600509881973,0.0006427225530475228,0.40985599160194397,0.41836801171302795,0.41287040412425996,0.41302400827407837,0.0026366894526431515,0.0791039988398552,0.08224000036716461,0.08038720116019249,0.08032000064849854,0.0008813025270413539,0.1921599954366684,0.19590400159358978,0.19371840059757234,0.19353599846363068,0.0011134951318061389,0.09625600278377533,0.09724800288677216,0.0966911993920803,0.09665599837899208,0.00031781795063703596,0.16883200407028198,0.17097599804401398,0.1696480005979538,0.16947200149297714,0.0007414401187880259,1.1435199975967407,1.1640959978103638,1.1532768130302429,1.15420800447464,0.0067901673623007724,0.04851200059056282,0.050175998359918594,0.049395200237631796,0.04947200044989586,0.0005337768909655478,7168,128,512,1536,128,64,128,3456
0.06355199962854385,0.07459200173616409,0.06536320075392724,0.06444799900054932,0.003109346737100359,0.14150400459766388,0.1441279947757721,0.1431103989481926,0.1432959958910942,0.0007336024255202744,0.40828800201416016,0.4145280122756958,0.41062400341033933,0.41020800173282623,0.0021366837693096675,0.07865600287914276,0.08089599758386612,0.07966080009937286,0.07945600152015686,0.0006882887131172384,0.19123199582099915,0.19433599710464478,0.19277440011501312,0.19257599860429764,0.0008738760663461023,0.09548799693584442,0.09616000205278397,0.09578239917755127,0.09575999900698662,0.00022436712465883808,0.16556799411773682,0.1671680063009262,0.16625279933214188,0.16607999801635742,0.000540074626277966,1.1429760456085205,1.1552319526672363,1.1499872088432312,1.1504319906234741,0.004742201672882129,0.0480320006608963,0.049855999648571014,0.0487296000123024,0.04867199994623661,0.0005311996417956058,7168,128,512,1536,128,64,128,3424
0.06335999816656113,0.07561600208282471,0.06522880122065544,0.06398400291800499,0.00349073539995874,0.14441600441932678,0.14582400023937225,0.1451072007417679,0.1451520025730133,0.00044183125916303083,0.411871999502182,0.41811200976371765,0.4137695968151093,0.4134880006313324,0.0018428832131946772,0.07939200103282928,0.08323200047016144,0.08076800033450127,0.08087999746203423,0.0011327274872679203,0.19276799261569977,0.19548800587654114,0.1941471979022026,0.19412799924612045,0.0007986501423428652,0.09536000341176987,0.0963200032711029,0.0956959992647171,0.09558399766683578,0.0002659093381686291,0.1664319932460785,0.1679680049419403,0.16712319999933242,0.1669439971446991,0.0005283803010143031,1.1553599834442139,1.165503978729248,1.1605280041694641,1.1610559821128845,0.0029806512977898414,0.04806400090456009,0.04960000142455101,0.04873280040919781,0.04879999905824661,0.00042511846684523304,7168,128,512,1536,128,64,128,3392
0.0631679967045784,0.07452800124883652,0.06495359987020492,0.06392000243067741,0.0032192641145552597,0.1401599943637848,0.14662399888038635,0.1445792004466057,0.14496000111103058,0.0016287635660976855,0.40137600898742676,0.41843199729919434,0.4121152013540268,0.41387200355529785,0.005458190254850036,0.07817599922418594,0.08105599880218506,0.08002559915184974,0.08032000064849854,0.0009252147089338765,0.1884479969739914,0.19644799828529358,0.19327360093593599,0.19380799680948257,0.002414285771509173,0.09324800223112106,0.09516800194978714,0.0944128006696701,0.09454399719834328,0.000631494700576793,0.15919999778270721,0.16547200083732605,0.16347519904375077,0.1642720028758049,0.002097025145055689,1.2272319793701172,1.2816959619522095,1.2631199836730957,1.2693600058555603,0.017895993249184054,0.04652800038456917,0.04809600114822388,0.04715839996933937,0.04707200080156326,0.0004411016562009012,7168,128,512,1536,128,64,128,3360
0.06371200084686279,0.07446400076150894,0.06562559977173806,0.06488000229001045,0.0029913002046295023,0.14486399292945862,0.14742399752140045,0.1465311974287033,0.1467679962515831,0.0008282311537960695,0.387935996055603,0.3953920006752014,0.39166080057621,0.390720009803772,0.0024966641599553064,0.05696000158786774,0.05920000001788139,0.05836479961872101,0.05838399939239025,0.0007002736359950484,0.2149759978055954,0.21792000532150269,0.21616640090942382,0.21608000248670578,0.0007431736803760828,0.0942080020904541,0.09481599926948547,0.09457279965281487,0.09467199817299843,0.00020045229511933744,0.16675199568271637,0.16806399822235107,0.16731519997119904,0.16713599860668182,0.0004922599954956391,1.1851840019226074,1.2128640413284302,1.1970879912376404,1.1987359523773193,0.009192309731766473,0.04556800052523613,0.04700800031423569,0.04631999991834164,0.04620799981057644,0.0004813314986350655,7168,128,512,1536,128,64,128,3328
0.06294400244951248,0.07459200173616409,0.06549120023846626,0.06481600180268288,0.0031791710015160284,0.1454080045223236,0.15001599490642548,0.14762240052223205,0.14735999703407288,0.00197426352732315,0.38867199420928955,0.4057280123233795,0.3965151995420456,0.3957439959049225,0.007070416562318274,0.05644800141453743,0.060416001826524734,0.05841920077800751,0.05836799927055836,0.0012020422650236748,0.19993600249290466,0.20790399610996246,0.2039359986782074,0.20401600003242493,0.0031836046501006396,0.09337600320577621,0.09734400361776352,0.09531200155615807,0.09515199810266495,0.001825361341730743,0.16208000481128693,0.17100800573825836,0.16655679941177368,0.1666719987988472,0.004027844225803376,1.185472011566162,1.2511680126190186,1.222208023071289,1.2328799962997437,0.02660790475461217,0.04598399996757507,0.047040000557899475,0.04653120040893555,0.046560000628232956,0.0003724806337212732,7168,128,512,1536,128,64,128,3296
0.06703999638557434,0.0753600001335144,0.06855360046029091,0.06779200211167336,0.002304624383583259,0.15081599354743958,0.15811200439929962,0.15599679946899414,0.15638399869203568,0.0018381759803499293,0.4193600118160248,0.43327999114990234,0.4282208025455475,0.42900800704956055,0.003319012193318498,0.06140799820423126,0.06355199962854385,0.062355199456214906,0.06244799867272377,0.0006572404482342894,0.22022399306297302,0.22153599560260773,0.22075839787721635,0.22064000368118286,0.0004637353529342961,0.10224000364542007,0.10313600301742554,0.10249279886484146,0.1024319976568222,0.00025658056409998126,0.18307200074195862,0.1834239959716797,0.18325119614601135,0.18324799835681915,0.00010632398058413283,1.2999680042266846,1.3175040483474731,1.3089408159255982,1.3091360330581665,0.006451856465812757,0.046751998364925385,0.04835199937224388,0.047596799582242964,0.04747200012207031,0.000515825997176531,7168,128,512,1536,128,64,128,3264
0.06844799965620041,0.08198399841785431,0.07040960043668747,0.06891200318932533,0.0039221094185399935,0.15961599349975586,0.16633599996566772,0.16175999641418456,0.16063999384641647,0.002263150092188056,0.44255998730659485,0.45628800988197327,0.44687039852142335,0.44303999841213226,0.006051780325413421,0.06307200342416763,0.06623999774456024,0.06441920101642609,0.06390400230884552,0.001098158079418075,0.22758400440216064,0.23507200181484222,0.2300192028284073,0.2282240018248558,0.003093440690111899,0.10400000214576721,0.10655999928712845,0.10501439869403839,0.10454399883747101,0.0009108534794946251,0.1855040043592453,0.19059200584888458,0.1871072009205818,0.18584000319242477,0.002078888097465818,1.3409600257873535,1.3984639644622803,1.35698561668396,1.3420640230178833,0.023154672302364884,0.04732799902558327,0.048895999789237976,0.0479519996792078,0.047807998955249786,0.000504596900922377,7168,128,512,1536,128,64,128,3232
0.06761600077152252,0.07868800312280655,0.06925120055675507,0.06838399916887283,0.0031688879822501146,0.15955199301242828,0.16092799603939056,0.16034239977598191,0.16036800295114517,0.0003783729756519155,0.39158400893211365,0.3922240138053894,0.3919168025255203,0.3919520080089569,0.00018056770136204724,0.06319999694824219,0.06483200192451477,0.06386240050196648,0.06388800218701363,0.00043242756553974913,0.20502400398254395,0.2059520035982132,0.20545919984579086,0.20550400018692017,0.0002685694703879444,0.10320000350475311,0.10371199995279312,0.10349439904093742,0.1035039983689785,0.0001881210787201542,0.18544000387191772,0.18614399433135986,0.18577280193567275,0.18572800606489182,0.000206490695207305,1.3409919738769531,1.3437119722366333,1.341980791091919,1.3417279720306396,0.000920187987992168,0.0469760000705719,0.04809600114822388,0.047488000616431235,0.04745600000023842,0.0003704271557005534,7168,128,512,1536,128,64,128,3200
0.061792001128196716,0.07388799637556076,0.0636512003839016,0.06265600025653839,0.003444615455778339,0.15142400562763214,0.16473600268363953,0.15364800095558168,0.15185599774122238,0.004032642308114847,0.4171519875526428,0.43036800622940063,0.4204223990440369,0.4184640049934387,0.004802857695592182,0.05974400043487549,0.06259199976921082,0.06089600063860416,0.060736000537872314,0.0008593654959591556,0.1934400051832199,0.19865599274635315,0.19475840032100677,0.19384000450372696,0.001930783193828333,0.09583999961614609,0.09888000041246414,0.09665920063853264,0.09619200229644775,0.0010497944264314819,0.16886399686336517,0.17475199699401855,0.17033279985189437,0.16928000003099442,0.002201005413814923,1.2661759853363037,1.310655951499939,1.2786207795143127,1.2773119807243347,0.011928245724351022,0.04479999840259552,0.046431999653577805,0.04562239944934845,0.04553600028157234,0.00048107616739000446,7168,128,512,1536,128,64,128,3168
0.05923200026154518,0.07286400347948074,0.0614848006516695,0.060335999354720116,0.003846853433726808,0.14844800531864166,0.15225599706172943,0.14940159916877746,0.1488959938287735,0.001164006742917551,0.3996799886226654,0.4206399917602539,0.40556159913539885,0.4047520011663437,0.005299468591098356,0.05830400064587593,0.06419199705123901,0.060003199800848964,0.059488000348210335,0.0015812300000819998,0.18627199530601501,0.19363200664520264,0.1875903993844986,0.18692799657583237,0.002096273914530824,0.09116800129413605,0.09324800223112106,0.0918175995349884,0.09169599786400795,0.0005327885856507526,0.1605760008096695,0.1610880047082901,0.16091199964284897,0.16097600013017654,0.00016887513280476583,1.2365119457244873,1.2516800165176392,1.2436095952987671,1.2443679571151733,0.006354467788095277,0.04396799951791763,0.0453759990632534,0.04447039999067783,0.04439999908208847,0.0004194439671474782,7168,128,512,1536,128,64,128,3136
0.0578560009598732,0.0708480030298233,0.06020800061523914,0.0591839998960495,0.0036140250943713956,0.14390400052070618,0.1494400054216385,0.14538240134716035,0.14441599696874619,0.0018407562245537391,0.3873920142650604,0.4049600064754486,0.3923296004533768,0.39004799723625183,0.0063405247132710335,0.056992001831531525,0.05942400172352791,0.05782720036804676,0.05764800123870373,0.0007804919288543946,0.1807360053062439,0.1876479983329773,0.18245760053396226,0.18103999644517899,0.0024908152176545927,0.08854400366544724,0.09071999788284302,0.08945920094847679,0.08932800218462944,0.0006694337135228982,0.156031996011734,0.16073599457740784,0.15791999846696853,0.15742400288581848,0.0014468812468711823,1.180832028388977,1.2352960109710693,1.199664008617401,1.1939200162887573,0.016609130305242376,0.04335999861359596,0.04467200115323067,0.04392319992184639,0.04379200004041195,0.0004236105114433579,7168,128,512,1536,128,64,128,3104
0.05766399949789047,0.07395199686288834,0.059891199320554735,0.058240000158548355,0.00471585247754575,0.14419199526309967,0.14876799285411835,0.14644159972667695,0.14670400321483612,0.0014506299637608864,0.36025598645210266,0.36531201004981995,0.3628223955631256,0.3635199964046478,0.002035706880851507,0.05382400006055832,0.05692800134420395,0.055119999870657924,0.05483200028538704,0.0008469125616211155,0.1971839964389801,0.20041599869728088,0.1987327978014946,0.19862399995326996,0.0009429099980327285,0.08617600053548813,0.08726400136947632,0.08683200031518937,0.08684799820184708,0.0003070161152453554,0.15161600708961487,0.15318399667739868,0.15237439721822738,0.15223999321460724,0.0006707857858465859,1.1509120464324951,1.1727360486984253,1.1597760200500489,1.1609600186347961,0.006803366332919422,0.043616000562906265,0.04483199864625931,0.04393919967114925,0.04383999854326248,0.0003378839167726116,7168,128,512,1536,128,64,128,3072
0.05475199967622757,0.06835199892520905,0.057686399295926095,0.056831998750567436,0.0036511156815928407,0.1390399932861328,0.14710399508476257,0.1433727964758873,0.1443519964814186,0.0029643886635652536,0.3433600068092346,0.3622719943523407,0.3539743959903717,0.35918399691581726,0.00858263587317797,0.0514880008995533,0.05564799904823303,0.05345920026302338,0.05329600162804127,0.0016324511939726086,0.1759359985589981,0.18697600066661835,0.1810208022594452,0.18136000633239746,0.004233066671851231,0.08323200047016144,0.08640000224113464,0.08473280072212219,0.08452799916267395,0.0013699181354650666,0.14319999516010284,0.152319997549057,0.14759999960660936,0.14748799800872803,0.004006146793004813,1.0944960117340088,1.162335991859436,1.1268928050994873,1.1262879967689514,0.029224166139882983,0.04297599941492081,0.044256001710891724,0.04347200058400631,0.043328000232577324,0.0004007675048449131,7168,128,512,1536,128,64,128,3040
0.054655998945236206,0.066880002617836,0.056240000575780866,0.05502399988472462,0.003557366038626868,0.1367039978504181,0.14108799397945404,0.13941760063171388,0.1398560032248497,0.0012695411578322105,0.3426879942417145,0.34624001383781433,0.3453440010547638,0.3455680012702942,0.0009349298362595887,0.05183999985456467,0.052480001002550125,0.052166400477290154,0.05212800018489361,0.00022068414138930103,0.17667199671268463,0.1799360066652298,0.1777759999036789,0.17750399559736252,0.0010598009183298827,0.08240000158548355,0.08393599838018417,0.08294719904661178,0.08289599791169167,0.00039437920612789257,0.1406719982624054,0.14185599982738495,0.14159680008888245,0.141695998609066,0.0003286677857466344,1.0324159860610962,1.0503040552139282,1.042035210132599,1.0421119928359985,0.004993705214271592,0.04201599955558777,0.04320000112056732,0.04272320084273815,0.04275200143456459,0.0004231873282400277,7168,128,512,1536,128,64,128,3008
0.053727999329566956,0.06617599725723267,0.055686400085687635,0.05448000133037567,0.00352307560013019,0.1372160017490387,0.1406400054693222,0.13914240151643753,0.1390400007367134,0.0009601919920771388,0.34252798557281494,0.34627199172973633,0.34407359957695005,0.343968003988266,0.0014078583291846543,0.051392000168561935,0.052671998739242554,0.05205760039389133,0.052080001682043076,0.00039055715707038224,0.1749120056629181,0.18041600286960602,0.17704959809780121,0.17691199481487274,0.0013980593841798764,0.08140800148248672,0.08217599987983704,0.08175680041313171,0.0817280001938343,0.000253768886922353,0.1401280015707016,0.14192000031471252,0.14092800319194793,0.1409120038151741,0.0006278854123940379,1.0291520357131958,1.049407958984375,1.0395167946815491,1.0401440262794495,0.006358834833328386,0.04137599840760231,0.04310400038957596,0.04249279983341694,0.04264000058174133,0.0005076721681272852,7168,128,512,1536,128,64,128,2976
0.054207999259233475,0.06534399837255478,0.05585279949009418,0.05484800040721893,0.003186184145605993,0.13817599415779114,0.1412159949541092,0.13963840007781983,0.13948800414800644,0.0009869338716690078,0.3093760013580322,0.3195520043373108,0.31380159854888917,0.3119039982557297,0.003876891767110561,0.05206400156021118,0.053119998425245285,0.05248959995806217,0.05238400027155876,0.0003657107624234126,0.15961599349975586,0.1613759994506836,0.160419200360775,0.16036800295114517,0.0005467127697871478,0.08089599758386612,0.08185599744319916,0.08147840052843094,0.08150400221347809,0.0002935644303817066,0.13894400000572205,0.13945600390434265,0.1391744002699852,0.13913600146770477,0.00017398197987393161,0.9263039827346802,0.9315840005874634,0.9283999979496003,0.9273920059204102,0.0018029506412783726,0.042080000042915344,0.04364800080657005,0.042713599652051924,0.04249599948525429,0.0005308139849182747,7168,128,512,1536,128,64,128,2944
0.05392000079154968,0.06659200042486191,0.056287999451160434,0.055215999484062195,0.0034786813509597642,0.13779200613498688,0.1441279947757721,0.14116159975528716,0.14155200123786926,0.0025456026368748234,0.3319360017776489,0.34598401188850403,0.33785280585289,0.3376320004463196,0.00554216401744432,0.05183999985456467,0.05417599901556969,0.053039999678730965,0.05323199927806854,0.0008660419567198373,0.16012799739837646,0.16569599509239197,0.16299839764833451,0.16415999829769135,0.002138310819638829,0.08079999685287476,0.08320000022649765,0.08185279965400696,0.08179200068116188,0.0008340228856523279,0.1385280042886734,0.14483200013637543,0.14195839762687684,0.14379199594259262,0.002636838069624794,0.9253759980201721,0.9596800208091736,0.9444703996181488,0.9546239972114563,0.015077025534068648,0.041728001087903976,0.042688000947237015,0.04207359999418259,0.04195199906826019,0.0003048575169425471,7168,128,512,1536,128,64,128,2912
0.05478399991989136,0.08275199681520462,0.05836159996688366,0.05552000179886818,0.008151508904456511,0.14451199769973755,0.18547199666500092,0.14964160025119783,0.14577599614858627,0.011971583830561218,0.34617599844932556,0.3516480028629303,0.3474079996347427,0.34676799178123474,0.0015980310282443836,0.05407999828457832,0.05564799904823303,0.05471679978072643,0.054576000198721886,0.0005052455905423226,0.16547200083732605,0.16713599860668182,0.16615999937057496,0.1661280021071434,0.0005364654879672611,0.08185599744319916,0.08303999900817871,0.08232960030436516,0.08235200121998787,0.00032375481104648045,0.14176000654697418,0.14284799993038177,0.14232320189476014,0.14244800060987473,0.00038084155615894776,0.9559360146522522,0.974399983882904,0.9655263960361481,0.9675360023975372,0.005282028394241706,0.041152000427246094,0.04262400045990944,0.0418079998344183,0.04171199910342693,0.0004108608018372033,7168,128,512,1536,128,64,128,2880
0.052480001002550125,0.06860800087451935,0.05531520023941994,0.053888000547885895,0.004496226809715277,0.13990400731563568,0.14627200365066528,0.1427328035235405,0.1425120010972023,0.002126456464785416,0.33657601475715637,0.34863999485969543,0.3417600005865097,0.34172800183296204,0.004102668626686817,0.05276799947023392,0.05539200082421303,0.0538272000849247,0.05345600098371506,0.0008077009917863844,0.16096000373363495,0.1661120057106018,0.1632640019059181,0.1631999984383583,0.002045948237355298,0.08009599894285202,0.08124800026416779,0.08071039989590645,0.08078400045633316,0.0004479541815532921,0.13808000087738037,0.1422400027513504,0.14000000208616256,0.13996800035238266,0.001468935115909919,0.9366080164909363,0.9614719748497009,0.9482848048210144,0.947840005159378,0.009549416132784354,0.04064000025391579,0.04121600091457367,0.040940800309181215,0.04094399884343147,0.00018888122406156787,7168,128,512,1536,128,64,128,2848
0.0517439991235733,0.0769599974155426,0.054876799881458285,0.05249600112438202,0.007376196324489484,0.09484799951314926,0.12163200229406357,0.09831040054559707,0.09567999839782715,0.007801293413226055,0.28697600960731506,0.3051519989967346,0.2916063994169235,0.2893279939889908,0.005262341084000956,0.05167999863624573,0.05446400120854378,0.05254399999976158,0.052319999784231186,0.000785533743292958,0.17791999876499176,0.1804800033569336,0.17981119751930236,0.18009599298238754,0.0007227251425483901,0.07676800340414047,0.07865600287914276,0.07751680091023445,0.07734400033950806,0.0006147343324397093,0.13158400356769562,0.13622400164604187,0.13303360044956208,0.1323999986052513,0.0015346019183222026,0.9195200204849243,0.9421759843826294,0.9259616017341614,0.9220319986343384,0.008056175537251098,0.03984000161290169,0.04118400067090988,0.04056960046291351,0.040672000497579575,0.00042664510003157896,7168,128,512,1536,128,64,128,2816
0.0506879985332489,0.06672000139951706,0.05291839987039566,0.051392000168561935,0.004629993566075812,0.0952640026807785,0.09747199714183807,0.09622079953551292,0.09609600156545639,0.0007346701995314594,0.31459200382232666,0.3214080035686493,0.31848959922790526,0.3198399990797043,0.0029504193773948403,0.051552001386880875,0.05331199988722801,0.05250560007989406,0.05252800136804581,0.0004375463609232263,0.16220800578594208,0.1666879951953888,0.1644640013575554,0.16468800604343414,0.0013993349904210172,0.07660800218582153,0.07862400263547897,0.07765439972281456,0.07759999856352806,0.0006219949704171345,0.13203200697898865,0.1345919966697693,0.13331200033426285,0.13337600231170654,0.001075789419252896,0.9613119959831238,0.983680009841919,0.9733280003070831,0.9711199998855591,0.006868281800359946,0.03843199834227562,0.040063999593257904,0.03926399983465671,0.03915200009942055,0.000548872177478465,7168,128,512,1536,128,64,128,2784
0.05056000128388405,0.07036799937486649,0.05360320024192333,0.05152000114321709,0.005628661376339801,0.0963520035147667,0.10320000350475311,0.09776000082492828,0.09729600325226784,0.0018601890842006611,0.32307198643684387,0.3250240087509155,0.3242911994457245,0.32430399954319,0.0005180567928071421,0.05241600051522255,0.053727999329566956,0.05330880023539066,0.05342400074005127,0.00036413951757996107,0.16556799411773682,0.16707199811935425,0.16645440012216567,0.1666560024023056,0.0005023190953365534,0.07747200131416321,0.07919999957084656,0.07810240015387535,0.07811199873685837,0.0004452593860295753,0.13289600610733032,0.13414399325847626,0.1336992010474205,0.1337760016322136,0.0003175732868620421,0.9653440117835999,0.9916800260543823,0.9846015989780426,0.9865439832210541,0.007552289871707888,0.038656000047922134,0.03964800015091896,0.03892800062894821,0.0387520007789135,0.000324212318105308,7168,128,512,1536,128,64,128,2752
0.0504320003092289,0.061824001371860504,0.05208640024065971,0.05108800157904625,0.003256149366861025,0.09471999853849411,0.09625600278377533,0.09527040123939515,0.09521600231528282,0.0004328412823888376,0.3201279938220978,0.32124799489974976,0.32061119973659513,0.3205759972333908,0.00034478627385304357,0.052032001316547394,0.052799999713897705,0.05247039943933487,0.05254399962723255,0.00024994807909403785,0.164000004529953,0.16595199704170227,0.16486080139875411,0.16470400243997574,0.0005850725677252077,0.07638400048017502,0.07740800082683563,0.07692800089716911,0.07679999992251396,0.0003115683975974479,0.13196800649166107,0.13279999792575836,0.13240960091352463,0.1324480026960373,0.0002481994099892026,0.9632319808006287,0.9700160026550293,0.966159999370575,0.9655200242996216,0.002224552266900224,0.038015998899936676,0.039103999733924866,0.03848960064351559,0.03836800158023834,0.0003095246231743889,7168,128,512,1536,128,64,128,2720
0.049695998430252075,0.07107199728488922,0.052460800111293796,0.05049600079655647,0.0062165078746626605,0.09471999853849411,0.11948800086975098,0.09749120026826859,0.09504000097513199,0.007335600812699075,0.2797439992427826,0.29075199365615845,0.2831999957561493,0.2823040038347244,0.0031710990881318292,0.05212799832224846,0.05382400006055832,0.05257279947400093,0.05249600112438202,0.0004666849158998797,0.1480640023946762,0.15033599734306335,0.14895040094852446,0.1489120051264763,0.0006703286835309099,0.07555200159549713,0.07648000121116638,0.07614399939775467,0.07614399865269661,0.0002827075078655026,0.1292479932308197,0.12985600531101227,0.1295936018228531,0.12960000336170197,0.00019349047335888425,0.9336640238761902,0.9359679818153381,0.9346592009067536,0.934799998998642,0.0006426236419070566,0.03776000067591667,0.039264000952243805,0.03842880018055439,0.03830400109291077,0.00047083547926004876,7168,128,512,1536,128,64,128,2688
0.04886399954557419,0.061216000467538834,0.05047679990530014,0.049375999718904495,0.0035874042677199315,0.09391999989748001,0.09667199850082397,0.09453760087490082,0.09432000294327736,0.0007634590910779379,0.27955201268196106,0.2980799973011017,0.2892512083053589,0.28912000358104706,0.005210604261343142,0.05142400041222572,0.05260799825191498,0.05207039974629879,0.05214399844408035,0.0003525226177786636,0.14688000082969666,0.14796799421310425,0.1474623993039131,0.14748800545930862,0.00035885557135621916,0.07395199686288834,0.07459200173616409,0.07428799942135811,0.07428799942135811,0.00019425492183948676,0.12691199779510498,0.12755200266838074,0.12725440114736558,0.12724800407886505,0.00018329461786862272,0.9571840167045593,0.9623680114746094,0.959769606590271,0.9599200189113617,0.002020346923680213,0.036959998309612274,0.03827200084924698,0.037407999858260155,0.037296000868082047,0.00037070359092524803,7168,128,512,1536,128,64,128,2656
0.050016000866889954,0.06204799935221672,0.05195519961416721,0.05083199962973595,0.0033848134380027803,0.09910400211811066,0.10115200281143188,0.09976319968700409,0.09963199868798256,0.0005398821603465226,0.3023679852485657,0.31142398715019226,0.3080895960330963,0.3081279993057251,0.0026550294820088076,0.05459199845790863,0.05657599866390228,0.05543039962649345,0.05504000000655651,0.0007042611874046762,0.15459200739860535,0.15593600273132324,0.15502080023288728,0.15489599853754044,0.00038935173394499145,0.07699199765920639,0.07823999971151352,0.07747840061783791,0.077504001557827,0.00036056606191784633,0.13353599607944489,0.13443200290203094,0.13394880145788193,0.13395200669765472,0.00023095523174537655,1.0131200551986694,1.0263680219650269,1.0190144062042237,1.0166400074958801,0.004794702537710493,0.03670400008559227,0.03814399987459183,0.037401600182056426,0.03728000074625015,0.0005077418242502138,7168,128,512,1536,128,64,128,2624
0.049855999648571014,0.06128000095486641,0.051836800202727316,0.05100800096988678,0.0031802094902182738,0.09955199807882309,0.10159999877214432,0.10067840069532394,0.10078400000929832,0.0005540346248915355,0.2967680096626282,0.31360000371932983,0.3056736022233963,0.3052320033311844,0.0055106920240196085,0.05567999929189682,0.056992001831531525,0.056246400251984595,0.056223999708890915,0.0004466383490324757,0.15513600409030914,0.15744000673294067,0.15625599920749664,0.15608000010252,0.0007462243066058528,0.07500799745321274,0.0769599974155426,0.07623999938368797,0.07631999999284744,0.0005078340464833366,0.13235199451446533,0.13488000631332397,0.13371200114488602,0.13368000090122223,0.0007134313929864427,1.015328049659729,1.049183964729309,1.0329823970794678,1.0347840189933777,0.008211399678104097,0.03625600039958954,0.03718400001525879,0.03665599972009659,0.0366239994764328,0.0002708681396815384,7168,128,512,1536,128,64,128,2592
0.049056001007556915,0.06080000102519989,0.0508480004966259,0.04966400004923344,0.0033569816123719697,0.09430400282144547,0.09984000027179718,0.0969215989112854,0.09734399989247322,0.002061495093795786,0.29206401109695435,0.3102720081806183,0.29932479858398436,0.2993759959936142,0.006595457324458964,0.052352000027894974,0.05676800012588501,0.054172799736261365,0.05414400063455105,0.001403735205451387,0.1650560051202774,0.17020800709724426,0.16750720143318176,0.1677279993891716,0.0018574992098907685,0.07199999690055847,0.07417599856853485,0.07323519811034203,0.07308799773454666,0.0007825553179659709,0.12441600114107132,0.12934400141239166,0.12682239934802056,0.12663999944925308,0.00201928870664007,0.9434239864349365,0.9905279874801636,0.9638304054737091,0.9629120230674744,0.017570009961175925,0.036288000643253326,0.03776000067591667,0.03676160015165806,0.03665599972009659,0.0004169345308300567,7168,128,512,1536,128,64,128,2560
0.048128001391887665,0.060095999389886856,0.04974079988896847,0.04854400083422661,0.0034689592351832862,0.09427200257778168,0.0968639999628067,0.09577279984951019,0.09575999900698662,0.0006233759533429032,0.2916480004787445,0.29606398940086365,0.2937599986791611,0.29305599629879,0.001559817223922179,0.052319999784231186,0.05350400134921074,0.05278400033712387,0.05270399898290634,0.00036938891512511485,0.15199999511241913,0.15532800555229187,0.1538656011223793,0.15406399965286255,0.0008721462173739263,0.07168000191450119,0.07273600250482559,0.07236160039901733,0.07239999994635582,0.0002865925246274099,0.12230399996042252,0.12492799758911133,0.12414399981498718,0.12449600175023079,0.0009193801542529549,0.8740479946136475,0.8979520201683044,0.8908704042434692,0.8946079909801483,0.007918488278065171,0.03532800078392029,0.036896001547575,0.03641280047595501,0.03651200048625469,0.0004367620545437107,7168,128,512,1536,128,64,128,2528
0.04681599885225296,0.05830400064587593,0.0486175999045372,0.047647999599575996,0.003261961964114584,0.09267199784517288,0.09564799815416336,0.09368639960885047,0.09358399733901024,0.0007953849586911784,0.28486400842666626,0.28995200991630554,0.28675840198993685,0.2860479950904846,0.0018600104528510672,0.051072001457214355,0.05225599929690361,0.05151359960436821,0.05142400041222572,0.00038554378529747377,0.14934399724006653,0.15116800367832184,0.15006720125675202,0.14988800138235092,0.0006167273218545198,0.06966400146484375,0.07091200351715088,0.07009280100464821,0.07000000029802322,0.00039896160392337797,0.11744000017642975,0.11875200271606445,0.1178112007677555,0.1175840012729168,0.00042722114580347144,0.8651520013809204,0.8834239840507507,0.8717312037944793,0.8685440123081207,0.006253438602872384,0.03510399907827377,0.036288000643253326,0.03556160032749176,0.03534400090575218,0.00042260631722022856,7168,128,512,1536,128,64,128,2496
0.04678399860858917,0.05795200169086456,0.048307199776172635,0.04721600003540516,0.003241845487604232,0.0926079973578453,0.09440000355243683,0.09365759938955306,0.09371199831366539,0.000501656866817351,0.28361600637435913,0.2898559868335724,0.28696000277996064,0.2863360047340393,0.0019671134343225093,0.05087999999523163,0.052191998809576035,0.05140159986913204,0.051263999193906784,0.00039193113114668063,0.14870400726795197,0.15244799852371216,0.15089280158281326,0.15113600343465805,0.001219547275112801,0.06876800209283829,0.07004799693822861,0.06958400085568428,0.06968000158667564,0.0003867241526343744,0.11699199676513672,0.11868800222873688,0.1180799998342991,0.11828799918293953,0.0005514791870098513,0.8651520013809204,0.8778560161590576,0.8711296141147613,0.8705920279026031,0.004371575044550785,0.034304000437259674,0.03587200120091438,0.03518720008432865,0.03518399968743324,0.0005419635322910632,7168,128,512,1536,128,64,128,2464
0.04707200080156326,0.0570559985935688,0.048774399980902675,0.04782399907708168,0.0028009337527468924,0.09379199892282486,0.09567999839782715,0.09513920098543167,0.0952640026807785,0.0005024002710759568,0.2574720084667206,0.2621760070323944,0.2592704057693481,0.25889600813388824,0.0013665765693769596,0.05270399898290634,0.05366399884223938,0.05314239971339703,0.05321599915623665,0.00032541050365445515,0.13673600554466248,0.13836799561977386,0.1374208003282547,0.1371999979019165,0.0005694179836670985,0.06943999975919724,0.07046400010585785,0.07006399929523469,0.07011199742555618,0.0002749946356205576,0.11843200027942657,0.11903999745845795,0.11872960105538369,0.11875200271606445,0.00018329543728904676,0.8825600147247314,0.8906239867210388,0.8884799957275391,0.8896479904651642,0.0025045128875255274,0.03436800092458725,0.03542400151491165,0.034636799991130826,0.03455999866127968,0.00029335499784875307,7168,128,512,1536,128,64,128,2432
0.04710400104522705,0.058848001062870026,0.04908799976110458,0.04811199940741062,0.0032947262994061674,0.0979200005531311,0.09993600100278854,0.09866880029439926,0.09860799834132195,0.000523314911194048,0.266400009393692,0.2739199995994568,0.2681823968887329,0.2675199955701828,0.0021726121160911254,0.05430399999022484,0.05552000179886818,0.05496319979429245,0.05511999875307083,0.00037075839666763516,0.1398719996213913,0.14281600713729858,0.14138559997081757,0.14139200001955032,0.0008554308210582095,0.07004799693822861,0.07103999704122543,0.07049919962882996,0.07036799937486649,0.00030841530883055996,0.12198399752378464,0.1223360002040863,0.12208319827914238,0.12204799801111221,0.0001046266061078719,0.9105600118637085,0.9253439903259277,0.915862399339676,0.9150240123271942,0.004650885081517272,0.03407999873161316,0.03558399900794029,0.034521599858999254,0.03432000055909157,0.0004658829331617786,7168,128,512,1536,128,64,128,2400
0.04681599885225296,0.05817599967122078,0.04891199953854084,0.04793599992990494,0.0031323489508126574,0.09705600142478943,0.09955199807882309,0.09793599918484688,0.09769599884748459,0.0007415782979993614,0.26998400688171387,0.2865599989891052,0.27633600533008573,0.27582401037216187,0.005405634861456775,0.05417599901556969,0.05567999929189682,0.05474880002439022,0.054607998579740524,0.000454456440023287,0.13926400244235992,0.14179199934005737,0.14037760049104692,0.14019200205802917,0.0009181032980743066,0.06883200258016586,0.07036799937486649,0.069497599452734,0.0695360004901886,0.0004601329757163844,0.11779200285673141,0.11935999989509583,0.11851519867777824,0.11838399991393089,0.0005466662426684211,0.9040639996528625,0.925216019153595,0.914028799533844,0.9132319986820221,0.007366162405401079,0.033440001308918,0.036159999668598175,0.0340319998562336,0.03372799977660179,0.0007722881676136523,7168,128,512,1536,128,64,128,2368
0.0469760000705719,0.05772799998521805,0.04833920001983642,0.04734399914741516,0.0031348961214616535,0.09673599898815155,0.09814400225877762,0.09732160046696663,0.09720000252127647,0.00043337286421352,0.2741439938545227,0.2889600098133087,0.2829184025526047,0.2839840054512024,0.004603372538674925,0.053888000547885895,0.05516799911856651,0.05458240024745464,0.05471999943256378,0.00041871106529173523,0.13916799426078796,0.14022399485111237,0.13961600065231322,0.13955200463533401,0.00032476450699475587,0.06809599697589874,0.06883200258016586,0.06846079975366592,0.06852800026535988,0.0002180717409719125,0.11737599968910217,0.11840000003576279,0.11783680021762848,0.11785600334405899,0.00025245479609989954,0.9017919898033142,0.9132480025291443,0.9076256036758423,0.9060479998588562,0.004534330429832454,0.03308799862861633,0.03433600068092346,0.03352639973163605,0.033424001187086105,0.00043408145120811184,7168,128,512,1536,128,64,128,2336
0.046592000871896744,0.05657599866390228,0.048067199811339376,0.04715200141072273,0.0028564526938182127,0.09644799679517746,0.09788800030946732,0.09722879901528358,0.09726399928331375,0.0004937138181710969,0.2712000012397766,0.27398398518562317,0.2726879984140396,0.2727680057287216,0.0011750734904995795,0.053599998354911804,0.05516799911856651,0.054499199613928795,0.054735999554395676,0.0005680250524993477,0.15148800611495972,0.15376000106334686,0.15243200212717056,0.15238399803638458,0.0007152910328841947,0.06649599969387054,0.06787200272083282,0.06713920086622238,0.06707200035452843,0.000434411476042982,0.11472000181674957,0.11606399714946747,0.11536319926381111,0.11521599814295769,0.00046799895711921506,0.7761279940605164,0.7856960296630859,0.7801536023616791,0.7792160212993622,0.0031692494838752527,0.03299200162291527,0.03455999866127968,0.03367680013179779,0.03367999941110611,0.0003737834212945159,7168,128,512,1536,128,64,128,2304
0.04588799923658371,0.05801599845290184,0.048041599616408345,0.04700800031423569,0.0033812065018558202,0.09404800087213516,0.09865599870681763,0.09701439961791039,0.09771199896931648,0.0015368701843048813,0.26467201113700867,0.2765760123729706,0.27192320227622985,0.27376000583171844,0.004358800430584935,0.0525440014898777,0.05478399991989136,0.05399039946496487,0.05417599901556969,0.0008097704363014188,0.1491519957780838,0.1528320014476776,0.15161279886960982,0.1518399938941002,0.0010306252701046414,0.06550399959087372,0.06694400310516357,0.06627840027213097,0.06630399823188782,0.0005296566663573214,0.11222399771213531,0.11638399958610535,0.1149791993200779,0.1159680001437664,0.0015827187387795012,0.7599359750747681,0.7843520045280457,0.7754495978355408,0.7826240062713623,0.01025579384020612,0.03286400064826012,0.033504001796245575,0.033238400146365164,0.03324799984693527,0.000199353370359155,7168,128,512,1536,128,64,128,2272
0.045184001326560974,0.0568000003695488,0.04729279987514019,0.046272000297904015,0.0032319826018668944,0.09388799965381622,0.09616000205278397,0.09473600089550019,0.09465599805116653,0.0006178987376494553,0.2642880082130432,0.2664960026741028,0.26502079963684083,0.2649120092391968,0.0005782093806885887,0.05212799832224846,0.0530879981815815,0.052537599205970766,0.05241600051522255,0.00033310721652625056,0.15033599734306335,0.15296000242233276,0.15138879865407945,0.1510239988565445,0.000862510831629704,0.06384000182151794,0.0647680014371872,0.06432960033416749,0.06439999863505363,0.00032256529519212,0.10950399935245514,0.1101439967751503,0.10984640121459961,0.10984000191092491,0.00019095746087727353,0.8064320087432861,0.8147519826889038,0.8105375945568085,0.8117280006408691,0.0026280552564560875,0.03155200183391571,0.03315199911594391,0.031984000280499456,0.031888000667095184,0.000418270276832399,7168,128,512,1536,128,64,128,2240
0.04399999976158142,0.05580800026655197,0.0458783995360136,0.04475199989974499,0.003342677093402914,0.09126400202512741,0.0926079973578453,0.09208960086107254,0.09214400127530098,0.0003247008513906473,0.25760000944137573,0.2600640058517456,0.25852800011634824,0.2581759989261627,0.0008101739840639473,0.05183999985456467,0.0549440011382103,0.05360959991812706,0.05371199920773506,0.0008402121762499034,0.15167999267578125,0.1528960019350052,0.1523391991853714,0.15244799852371216,0.00041283935787345057,0.06137600168585777,0.06249599903821945,0.06186560019850731,0.061872001737356186,0.00040351775510109774,0.10531199723482132,0.10620799660682678,0.1059199996292591,0.10596800222992897,0.00027228209077078595,0.7863360047340393,0.7945280075073242,0.7915872037410736,0.7923359870910645,0.002529720684290469,0.031072000041604042,0.03254399821162224,0.03158400021493435,0.031408000737428665,0.0004309910598093318,7168,128,512,1536,128,64,128,2208
0.04412800073623657,0.05452800169587135,0.045446399599313736,0.04443199932575226,0.0030364212898919443,0.09164799749851227,0.09391999989748001,0.09248000010848045,0.0923360027372837,0.0006972777512088917,0.22569599747657776,0.22998400032520294,0.2273056000471115,0.22652800381183624,0.0016166837048753949,0.051263999193906784,0.052960000932216644,0.05206719972193241,0.05198400095105171,0.0005598539018727376,0.12163200229406357,0.12406399846076965,0.12265280112624169,0.12244800105690956,0.0008572720381669234,0.06207999959588051,0.06329599767923355,0.06251200027763844,0.06240000016987324,0.00040178808141331135,0.10275200009346008,0.10559999942779541,0.10368640050292015,0.10315200313925743,0.000992597219200775,0.7380480170249939,0.7531520128250122,0.7437536060810089,0.7410079836845398,0.005697710060488954,0.031328000128269196,0.032735999673604965,0.0319776002317667,0.03200000151991844,0.0004093123091548555,7168,128,512,1536,128,64,128,2176
0.043455999344587326,0.054336000233888626,0.04527999944984913,0.04436799883842468,0.0030448805243607803,0.09305600076913834,0.09411200135946274,0.09351680055260658,0.09343999996781349,0.0003961279894742173,0.2269120067358017,0.231455996632576,0.22913600206375123,0.22937600314617157,0.0012094332861919198,0.05161599814891815,0.05286400020122528,0.0522015992552042,0.052319999784231186,0.00045706312070318856,0.12156800180673599,0.12406399846076965,0.1231840007007122,0.12332800030708313,0.0007521357354463982,0.06147199869155884,0.06230400130152702,0.061868800222873686,0.0618400014936924,0.00023610735730211064,0.10367999970912933,0.10527999699115753,0.10457919910550117,0.10470400005578995,0.000442122101516357,0.7455360293388367,0.7563199996948242,0.7515456080436707,0.7523199915885925,0.0032136269634637712,0.030751999467611313,0.032127998769283295,0.03143680021166802,0.03136000037193298,0.0004988719203146974,7168,128,512,1536,128,64,128,2144
0.04358400031924248,0.05407999828457832,0.045046400278806686,0.04382400028407574,0.003046293409625258,0.09222400188446045,0.09481599926948547,0.09298559948801995,0.09267199784517288,0.0008786657680884616,0.22681599855422974,0.23151999711990356,0.22828480154275893,0.22774400562047958,0.0016022668636430286,0.051231998950242996,0.0530879981815815,0.051929599791765216,0.05183999985456467,0.0005311994577752519,0.12195199728012085,0.12428800016641617,0.12283839881420136,0.12270399928092957,0.0007174068285714921,0.06060799956321716,0.062144000083208084,0.06117760017514229,0.06108799949288368,0.0005093530582052641,0.10076799988746643,0.104032002389431,0.10179200023412704,0.1013919971883297,0.0011441518326598345,0.7930880188941956,0.8136640191078186,0.800464004278183,0.7956160008907318,0.007926727692394192,0.029759999364614487,0.030400000512599945,0.03012159988284111,0.030128000304102898,0.00020641883575757227,7168,128,512,1536,128,64,128,2112
0.04383999854326248,0.053408000618219376,0.045209600031375884,0.044304000213742256,0.0027477103431238106,0.09379199892282486,0.09462399780750275,0.09410239979624749,0.09396800026297569,0.00029986221874851477,0.22979199886322021,0.23190400004386902,0.23082880079746246,0.23073600232601166,0.0005790497983907616,0.052352000027894974,0.053247999399900436,0.052771199867129324,0.052799999713897705,0.0002698079178864449,0.12307199835777283,0.12566399574279785,0.12375679984688759,0.12348800152540207,0.0007178551880627564,0.06070400029420853,0.06147199869155884,0.06106240004301071,0.06102399900555611,0.0002653487210359241,0.10320000350475311,0.1037760004401207,0.10357119962573051,0.10361599922180176,0.0001926389680616964,0.8050240278244019,0.8126400113105774,0.8081312000751495,0.8080960214138031,0.002602197462757137,0.02953599952161312,0.030848000198602676,0.030041599832475185,0.029791999608278275,0.0004585724433731136,7168,128,512,1536,128,64,128,2080
0.04310400038957596,0.05321599915623665,0.04647039957344532,0.04600000008940697,0.00245040592161018,0.09328000247478485,0.10096000134944916,0.09920639991760254,0.10046399757266045,0.002700041680171876,0.2388480007648468,0.2581759989261627,0.2541440024971962,0.2576799988746643,0.007298161099526197,0.052000001072883606,0.057023998349905014,0.05578559935092926,0.056623999029397964,0.001752656345371917,0.13596799969673157,0.14185599982738495,0.1403200000524521,0.14096000045537949,0.0016792538006017135,0.05936000123620033,0.06355199962854385,0.06239680051803589,0.06278400123119354,0.001164593407948372,0.1034879982471466,0.11215999722480774,0.11049600020051002,0.11150399968028069,0.0024913190913395267,0.7623680233955383,0.8270400166511536,0.8133536040782928,0.8171040117740631,0.017377107435825982,0.029983999207615852,0.0307839997112751,0.030383999831974505,0.03038400039076805,0.00021856261845867238,7168,128,512,1536,128,64,128,2048
0.04508800059556961,0.05603199824690819,0.04660159982740879,0.04545599967241287,0.003165640550775084,0.09910400211811066,0.10073599964380264,0.10032959878444672,0.10060799866914749,0.0005686732100450042,0.2537919878959656,0.2584640085697174,0.2568447977304459,0.25724799931049347,0.0015746661234377498,0.0551999993622303,0.05657599866390228,0.056073599681258204,0.05617599934339523,0.0003659910270748293,0.13964800536632538,0.1420159935951233,0.14050240069627762,0.1404160037636757,0.0006430388321001713,0.062144000083208084,0.06307200342416763,0.06263040117919445,0.06268800050020218,0.0002956503380285524,0.1103999987244606,0.11123199760913849,0.11081280037760735,0.11084800213575363,0.00025336629421482865,0.8056960105895996,0.8284479975700378,0.8159359991550446,0.8172319829463959,0.006197426008284512,0.029823999851942062,0.03145600110292435,0.030624000169336797,0.030464000068604946,0.0005037331226761846,7168,128,512,1536,128,64,128,2048
0.04291199892759323,0.05462399870157242,0.04538239985704422,0.04467199929058552,0.0031826662687012585,0.09417600184679031,0.10012800246477127,0.09819840043783187,0.09958399832248688,0.0023671805571486293,0.2415360063314438,0.2549760043621063,0.25043519735336306,0.25382399559020996,0.005567508863665753,0.052191998809576035,0.05580800026655197,0.054608000069856645,0.05531200021505356,0.0012703844125755747,0.12646399438381195,0.1342719942331314,0.13211519718170167,0.1337760016322136,0.00290069703421847,0.05958399921655655,0.06268800050020218,0.06156480014324188,0.061983998864889145,0.001038443165419564,0.1016319990158081,0.10652799904346466,0.10491199865937233,0.10623999685049057,0.002117821731173731,0.7640640139579773,0.8139839768409729,0.7943136036396027,0.805184006690979,0.018678388242983783,0.02924799919128418,0.030688000842928886,0.030016000010073186,0.030079999938607216,0.00035112667198061037,7168,128,512,1536,128,64,128,2032
0.042399998754262924,0.05366399884223938,0.04437760002911091,0.04323200136423111,0.0031434292032069765,0.09251199662685394,0.0950080007314682,0.0942400000989437,0.09444800019264221,0.0008472459389671638,0.23545600473880768,0.24195200204849243,0.2402528002858162,0.24120000004768372,0.0021548360830634964,0.051263999193906784,0.05305600166320801,0.05226880013942718,0.05251200124621391,0.000613399311877069,0.12460800260305405,0.12867200374603271,0.12694400027394295,0.12721599638462067,0.0012864648209426368,0.05875200033187866,0.05993599817156792,0.059436799958348274,0.05958399921655655,0.00038934912529962255,0.09843199700117111,0.1016319990158081,0.10054399892687797,0.10126399993896484,0.0012801603139664084,0.7479040026664734,0.7680320143699646,0.761052805185318,0.7656640112400055,0.008078128102643231,0.02908799983561039,0.030368000268936157,0.029561599902808666,0.029519999399781227,0.0003111744433126814,7168,128,512,1536,128,64,128,2016
0.041760001331567764,0.05161599814891815,0.04349119961261749,0.042608000338077545,0.002760264184226886,0.09190399944782257,0.09312000125646591,0.09246719926595688,0.09255999699234962,0.0003304527937457827,0.23548799753189087,0.23683199286460876,0.23611200004816055,0.23603200167417526,0.00041949278308213233,0.05145600065588951,0.05257600173354149,0.05180480070412159,0.051632000133395195,0.00038331955713264603,0.12380799651145935,0.1263359934091568,0.1247359998524189,0.12454400211572647,0.0006924122726694614,0.0578560009598732,0.05862399935722351,0.05837760008871555,0.058400001376867294,0.00021986995319094063,0.09827200323343277,0.09881599992513657,0.09854719936847686,0.09855999797582626,0.0001515855703963944,0.705407977104187,0.710752010345459,0.7084319889545441,0.7083679735660553,0.001509870625391272,0.028575999662280083,0.02924799919128418,0.02881599999964237,0.028735999949276447,0.0002094715472951481,7168,128,512,1536,128,64,128,2000
0.04169600084424019,0.05206400156021118,0.04316160045564175,0.04225600138306618,0.0029778853110974985,0.09203200042247772,0.09318400174379349,0.09253759905695916,0.09251199662685394,0.00027482754426995815,0.2356480062007904,0.23772799968719482,0.23618880212306975,0.23607999831438065,0.0005875179601057802,0.05100800096988678,0.05196800082921982,0.05158400014042854,0.05159999988973141,0.000289064507822092,0.12406399846076965,0.12572799623012543,0.12476160004734993,0.12468799948692322,0.0005371427135239715,0.057440001517534256,0.05827200040221214,0.05794239975512028,0.05804799869656563,0.00025840830656796417,0.0982080027461052,0.10035199671983719,0.09867839813232422,0.09849599748849869,0.0005729781418890526,0.7065920233726501,0.7386239767074585,0.711327999830246,0.7083359956741333,0.009192049616966647,0.02828799933195114,0.028991999104619026,0.028662400133907796,0.028656000271439552,0.00022584391532136873,7168,128,512,1536,128,64,128,1984
0.04195199906826019,0.052928000688552856,0.04357439987361431,0.04241599887609482,0.0031567982032933164,0.09590400010347366,0.09696000069379807,0.09657920002937317,0.09665599837899208,0.0003483297156034448,0.24531200528144836,0.24700799584388733,0.24620160162448884,0.24644800275564194,0.0005545866244333873,0.052799999713897705,0.05484800040721893,0.05371199995279312,0.05369599908590317,0.000561278906375094,0.1292479932308197,0.13011200726032257,0.12972479909658433,0.1297919973731041,0.0003094135713589796,0.058848001062870026,0.05987200140953064,0.0592288002371788,0.05913599953055382,0.00035183955947231033,0.09984000027179718,0.10067199915647507,0.1002591997385025,0.10028799995779991,0.00024051026295178558,0.7345920205116272,0.7411519885063171,0.737577599287033,0.7375520169734955,0.002483418860605488,0.02816000021994114,0.029664000496268272,0.028588800132274626,0.028495999984443188,0.0004564237847082183,7168,128,512,1536,128,64,128,1968
0.043007999658584595,0.05331199988722801,0.04442239999771118,0.04326399974524975,0.0029923609645175204,0.09948799759149551,0.10124800354242325,0.10035520046949387,0.10036800056695938,0.0005530461957561933,0.25436800718307495,0.25785601139068604,0.2565568000078201,0.256863996386528,0.0009846598531957256,0.05536000058054924,0.05673599988222122,0.05623360015451908,0.056384000927209854,0.0004557160983966386,0.13331200182437897,0.1353919953107834,0.1344991996884346,0.13446400314569473,0.0005753684279424248,0.059647999703884125,0.060256000608205795,0.05998079963028431,0.059967998415231705,0.00018449328690835106,0.10304000228643417,0.10361599922180176,0.10331839844584464,0.10331199690699577,0.00016692118594555311,0.7636479735374451,0.7783359885215759,0.7718559920787811,0.7710559964179993,0.004937138656210854,0.02816000021994114,0.02940800040960312,0.028617599792778493,0.028479999862611294,0.0003945354609005272,7168,128,512,1536,128,64,128,1952
0.04342399910092354,0.05366399884223938,0.04497599974274635,0.04396799951791763,0.002937008871196012,0.10169599950313568,0.10326399654150009,0.102531199157238,0.10257599875330925,0.0004183192183224283,0.2614080011844635,0.2624959945678711,0.26199679970741274,0.26214399933815,0.000374329703940777,0.0562559999525547,0.0578560009598732,0.056995199993252754,0.05700800009071827,0.00039979534420285756,0.13702400028705597,0.13872000575065613,0.13784320056438445,0.1377120018005371,0.0004624422990937295,0.06063999980688095,0.06143999844789505,0.06101440005004406,0.061103999614715576,0.00025521845805183494,0.10569600015878677,0.10636799782514572,0.1061503991484642,0.106175996363163,0.00019663594275244495,0.7804160118103027,0.7904000282287598,0.7835008084774018,0.7819200158119202,0.0034346413131233575,0.028255999088287354,0.02940800040960312,0.028672000020742418,0.02855999954044819,0.0003275900803435328,7168,128,512,1536,128,64,128,1936
0.041760001331567764,0.05244800075888634,0.043145600333809854,0.04224000126123428,0.003110493899774006,0.09603200107812881,0.09734400361776352,0.09684160053730011,0.09681599959731102,0.00039349738455098316,0.21135999262332916,0.2136639952659607,0.2126495972275734,0.21265599876642227,0.0006789814570417913,0.053408000618219376,0.05503999814391136,0.05437760017812252,0.054495999589562416,0.0005390928534606125,0.11619199812412262,0.11823999881744385,0.11742400005459785,0.117552001029253,0.0005491068566707972,0.05801599845290184,0.05897599831223488,0.0583615992218256,0.05822400003671646,0.00033341499572619434,0.10070399940013885,0.10134399682283401,0.1011423997581005,0.10123200342059135,0.000220335019377305,0.780351996421814,0.7862399816513062,0.7823743999004364,0.7816480100154877,0.0019903214610052645,0.02812799997627735,0.029152000322937965,0.028508800081908703,0.02848000079393387,0.00030741674988616605,7168,128,512,1536,128,64,128,1920
0.04121600091457367,0.05225599929690361,0.04288640022277832,0.04185600019991398,0.0031552970311212914,0.0963520035147667,0.09756799787282944,0.09709440097212792,0.097120001912117,0.000332799109708495,0.211776003241539,0.2141759991645813,0.21271999925374985,0.21262399852275848,0.0005607303527660199,0.054048001766204834,0.055296000093221664,0.05456640012562275,0.05448000133037567,0.0004239970325828887,0.11609599739313126,0.11772800236940384,0.11699519976973534,0.1170559972524643,0.0005355494993906134,0.057151999324560165,0.058720000088214874,0.057817600294947626,0.057760000228881836,0.0003934308479900876,0.09734400361776352,0.09843199700117111,0.09783359915018082,0.09775999933481216,0.0004017370192115121,0.779807984828949,0.7874240279197693,0.7845952033996582,0.7860639989376068,0.0026172546220104183,0.027712000533938408,0.029152000322937965,0.028211200051009654,0.028111999854445457,0.0004746799585897779,7168,128,512,1536,128,64,128,1904
0.04022400081157684,0.05097600072622299,0.04209600053727627,0.04123200103640556,0.002982401756718337,0.09494400024414062,0.09600000083446503,0.0956032007932663,0.0958079993724823,0.00039118563506294294,0.2048960030078888,0.20748800039291382,0.2062944009900093,0.20625600218772888,0.0008219781018246727,0.05193600058555603,0.05305600166320801,0.05255360081791878,0.05246400088071823,0.00036905596048518934,0.11209599673748016,0.11526399850845337,0.11342080011963844,0.11337599903345108,0.000794374120478528,0.05571199953556061,0.056992001831531525,0.0562559999525547,0.05623999983072281,0.0003196807824322076,0.0942080020904541,0.09520000219345093,0.09463999941945075,0.09467199817299843,0.00026475030318655687,0.7551360130310059,0.7596799731254578,0.7569663941860199,0.756447970867157,0.0014592607450451358,0.027456000447273254,0.029184000566601753,0.028156799823045732,0.027871999889612198,0.0005372666138208443,7168,128,512,1536,128,64,128,1888
0.03977600112557411,0.05084799975156784,0.04139840006828308,0.040351999923586845,0.0031680661306337887,0.09436800330877304,0.09689600020647049,0.09520960003137588,0.09479999914765358,0.0008473720460693107,0.22060799598693848,0.22457599639892578,0.22251199930906296,0.22231999784708023,0.001084345863065972,0.05145600065588951,0.053727999329566956,0.052079999819397926,0.05185599997639656,0.0006430725806453444,0.11190400272607803,0.11407999694347382,0.1127008005976677,0.11260800063610077,0.0006645600795046893,0.055135998874902725,0.05612799897789955,0.055673600360751155,0.055664001032710075,0.00033032912059808423,0.09331200271844864,0.09452799707651138,0.09393920004367828,0.09391999989748001,0.00033932064697920025,0.7077760100364685,0.7176960110664368,0.7109088063240051,0.7101919949054718,0.0027952499592204002,0.026976000517606735,0.02848000079393387,0.027481600269675256,0.02735999971628189,0.0004652232676779303,7168,128,512,1536,128,64,128,1872
0.040352001786231995,0.050144001841545105,0.04178880043327808,0.04070400074124336,0.0028274843343684196,0.09491200000047684,0.0984639972448349,0.09736000001430511,0.09758400171995163,0.0010566058654769858,0.22249600291252136,0.23155200481414795,0.22914239764213562,0.22950399667024612,0.0023441408338380756,0.052191998809576035,0.05411199852824211,0.05349759981036186,0.053648000583052635,0.0005740054699233394,0.11151999980211258,0.11670400202274323,0.11509440094232559,0.11539199948310852,0.0014990253314572629,0.05526399984955788,0.05686400085687637,0.05599040016531944,0.05593600124120712,0.000374290623219798,0.09331200271844864,0.09663999825716019,0.09598400071263313,0.09620800241827965,0.0009124480951270969,0.7132800221443176,0.7370240092277527,0.7315871953964234,0.7335679829120636,0.006771095863325967,0.026688000187277794,0.028095999732613564,0.02717440016567707,0.027040000073611736,0.00044127490197442697,7168,128,512,1536,128,64,128,1856
0.0398080013692379,0.0568000003695488,0.04197120033204556,0.04022400081157684,0.004955563440878413,0.0936959981918335,0.10012800246477127,0.09530560001730919,0.09444800019264221,0.0019313825397922928,0.22092799842357635,0.23100799322128296,0.22330239713191985,0.22206399589776993,0.0033220795974580565,0.05142400041222572,0.054207999259233475,0.05238720029592514,0.052032001316547394,0.0008469363424500743,0.11180800199508667,0.11673600226640701,0.1132352001965046,0.11247999966144562,0.0016964951962464504,0.05446400120854378,0.05596800148487091,0.05501440055668354,0.05496000126004219,0.00046895058053847,0.09065599739551544,0.09334400296211243,0.09136639982461929,0.09086399897933006,0.000984416477573445,0.7060160040855408,0.7313600182533264,0.7132032036781311,0.7098560035228729,0.009139788915789045,0.026623999699950218,0.027295999228954315,0.026899199932813644,0.026815999299287796,0.00021090894190049436,7168,128,512,1536,128,64,128,1840
0.039264000952243805,0.05036799982190132,0.04080960005521774,0.03968000039458275,0.003214592216708897,0.09436800330877304,0.09542399644851685,0.09478399902582169,0.09478399902582169,0.0002837006382923438,0.22044800221920013,0.22281600534915924,0.2217024013400078,0.22169600427150726,0.0007355537271696457,0.05113599821925163,0.05241600051522255,0.05196480005979538,0.052032001316547394,0.00039619347731789173,0.11177600175142288,0.11417599767446518,0.11258239969611168,0.112271998077631,0.0008104014092956943,0.05398400127887726,0.05475199967622757,0.05429760031402111,0.05423999950289726,0.0002571170704771178,0.09030400216579437,0.09091199934482574,0.0907167986035347,0.0907519981265068,0.00019063498716307656,0.7062399983406067,0.7126399874687195,0.7089983999729157,0.7083040177822113,0.002308963293438005,0.0261439997702837,0.02751999907195568,0.026838400214910508,0.02672000043094158,0.0004844698305108251,7168,128,512,1536,128,64,128,1824
0.039264000952243805,0.050783999264240265,0.040854400396347045,0.03984000161290169,0.0033210708393073894,0.09404800087213516,0.09561599791049957,0.09476159885525703,0.09467199817299843,0.0004050372845711572,0.22019200026988983,0.22233599424362183,0.22143040001392364,0.22140799462795258,0.0006198515442403867,0.051231998950242996,0.05302400141954422,0.05185920000076294,0.05182399973273277,0.00046728841496882726,0.11110399663448334,0.1125119999051094,0.1119455985724926,0.11212799698114395,0.0004676932301515688,0.05337600037455559,0.054207999259233475,0.053779200091958045,0.05379199981689453,0.00024836559579128904,0.0896959975361824,0.09094399958848953,0.09035199955105781,0.09030400216579437,0.0004593423659664849,0.7063999772071838,0.713375985622406,0.7092384040355683,0.708704024553299,0.002212351246070058,0.02630399912595749,0.026944000273942947,0.026575999893248083,0.02659199945628643,0.00020251263072599158,7168,128,512,1536,128,64,128,1808
0.038975998759269714,0.04918399825692177,0.040748799592256545,0.03985599987208843,0.002855870061021659,0.09151999652385712,0.0944959968328476,0.09258559942245484,0.09222400188446045,0.0009014743496379946,0.21014399826526642,0.21638399362564087,0.21204800009727479,0.2112320065498352,0.002120478422718883,0.051263999193906784,0.056671999394893646,0.053721600025892255,0.053247999399900436,0.002098663225063682,0.11004800349473953,0.1143679991364479,0.11180800050497056,0.11100799962878227,0.0014234776374773216,0.05315199866890907,0.0541439987719059,0.053599999845027925,0.053567999973893166,0.0002818906641136921,0.09036800265312195,0.09254399687051773,0.09101119935512543,0.09067199751734734,0.0007687247052228919,0.5700479745864868,0.5850239992141724,0.5750079929828644,0.5712160170078278,0.006196592907760905,0.02691200003027916,0.02751999907195568,0.027260799519717695,0.02731199935078621,0.00020462486081320962,7168,128,512,1536,128,64,128,1792
0.038784001022577286,0.05049600079655647,0.04071360006928444,0.03972800076007843,0.0032826465527003726,0.09331200271844864,0.09507200121879578,0.0943743996322155,0.09470399841666222,0.0006855477809352381,0.21452799439430237,0.21667200326919556,0.2156128004193306,0.2157279998064041,0.0006758679071412544,0.05260799825191498,0.057312000542879105,0.054675199836492536,0.05438400059938431,0.0018820899691980315,0.11177600175142288,0.11398400366306305,0.11334720104932786,0.1135840006172657,0.0006199172220612445,0.053599998354911804,0.05455999821424484,0.053897599875926974,0.053807999938726425,0.000255619733260706,0.08908800035715103,0.0902400016784668,0.08966400027275086,0.08963199704885483,0.0003291488152077844,0.5757120251655579,0.5857920050621033,0.5835296034812927,0.5841600000858307,0.0027210859837887335,0.026464000344276428,0.027936000376939774,0.0268800001591444,0.026847999542951584,0.0003847991553861275,7168,128,512,1536,128,64,128,1776
0.03843199834227562,0.05183999985456467,0.04055039994418621,0.03939200006425381,0.003784824997948511,0.09244800359010696,0.09337600320577621,0.09296640083193779,0.0931520015001297,0.00033464245537888386,0.21199999749660492,0.2134079933166504,0.212636798620224,0.21244800090789795,0.00048286006568388015,0.0514880008995533,0.056352000683546066,0.05394879989326,0.05375999957323074,0.001540689623393919,0.11116799712181091,0.11315199732780457,0.11194240003824234,0.11176000162959099,0.0007075989779615782,0.05251200124621391,0.05350400134921074,0.05300800055265427,0.052928000688552856,0.00036295688295225515,0.08822400122880936,0.08905600011348724,0.08859840035438538,0.08857600018382072,0.00029642679868107974,0.5760319828987122,0.5776000022888184,0.5767967939376831,0.5766080021858215,0.0005892561011451623,0.026335999369621277,0.02751999907195568,0.026742399856448173,0.026688000187277794,0.000344368076376652,7168,128,512,1536,128,64,128,1760
0.03872000053524971,0.04931199923157692,0.04024959988892078,0.03931200131773949,0.00303149271294227,0.09136000275611877,0.09267199784517288,0.09188800007104873,0.0918239988386631,0.00039691574053682345,0.20985600352287292,0.21116800606250763,0.21032960265874862,0.2102080062031746,0.0003900326987074665,0.05113599821925163,0.056543998420238495,0.05299519933760166,0.05236800014972687,0.0017015124089386148,0.10992000252008438,0.11126399785280228,0.11054079979658127,0.11054399982094765,0.0004177672209660233,0.05183999985456467,0.052671998739242554,0.052083199843764305,0.05206400156021118,0.00024252491661862563,0.08739200234413147,0.08799999952316284,0.08769279867410659,0.08771199733018875,0.0001651634776666728,0.5687040090560913,0.5723839998245239,0.5702399969100952,0.5702719986438751,0.0009366791274541274,0.026079999282956123,0.02735999971628189,0.0265855997800827,0.026399999856948853,0.0004484110706152931,7168,128,512,1536,128,64,128,1744
0.03846399858593941,0.04927999898791313,0.03992640003561974,0.03896000050008297,0.003127925615081173,0.09171199798583984,0.0926079973578453,0.09211519956588746,0.09206400066614151,0.0002866456582291115,0.21030400693416595,0.21174399554729462,0.2107711985707283,0.21057599782943726,0.0004543993464862687,0.05145600065588951,0.05587200075387955,0.053753599897027014,0.054255999624729156,0.0016231158821537691,0.10969600081443787,0.11155200004577637,0.11077760085463524,0.11080000177025795,0.0004932155781164985,0.05158400163054466,0.052032001316547394,0.05177599973976612,0.0517599992454052,0.00012959055791028024,0.0873280018568039,0.08793599903583527,0.08765759989619255,0.08771199733018875,0.0001936179586777824,0.5695359706878662,0.5731199979782104,0.5706847965717315,0.5702560245990753,0.0010444431642685646,0.02534399926662445,0.026688000187277794,0.026121599972248076,0.0261439997702837,0.0003696105010851403,7168,128,512,1536,128,64,128,1728
0.03759999945759773,0.04848000034689903,0.03930239975452423,0.0383519995957613,0.0031078510270874955,0.08940800279378891,0.09081599861383438,0.09018879905343055,0.09011200070381165,0.000511238860258928,0.20454399287700653,0.20748800039291382,0.20614399909973144,0.20663999766111374,0.0010644032859707048,0.05027199909090996,0.05632000043988228,0.05356479994952679,0.05379199981689453,0.0020661424285629715,0.10780800133943558,0.11004800349473953,0.10871040001511574,0.10849599912762642,0.0006937145618625476,0.05011200159788132,0.05116799846291542,0.050646400079131126,0.050623999908566475,0.00032509517574048956,0.081727996468544,0.08339200168848038,0.08271680027246475,0.0827840007841587,0.0004688741065052791,0.554207980632782,0.5622720122337341,0.5581919968128204,0.5585120022296906,0.003258708649462137,0.025312000885605812,0.026559999212622643,0.02590079978108406,0.025919999927282333,0.00036519248334423456,7168,128,512,1536,128,64,128,1712
0.03728000074625015,0.04835199937224388,0.03895360045135021,0.03811199963092804,0.0031577382104470164,0.08899199962615967,0.08991999924182892,0.0895071990787983,0.08953599631786346,0.0003074158754535554,0.20393599569797516,0.20505599677562714,0.2044863998889923,0.20443200320005417,0.00031509798487768583,0.05603199824690819,0.0589120015501976,0.05771839953958988,0.0579840000718832,0.0009762940745857066,0.10777600109577179,0.10927999764680862,0.10872960090637207,0.1088160015642643,0.00046698003766028015,0.04947200044989586,0.0506879985332489,0.050086399912834166,0.050064001232385635,0.000320894361796212,0.08150400221347809,0.0822720006108284,0.08197119981050491,0.0820159986615181,0.00023261089843289932,0.5535680055618286,0.5553280115127563,0.5543136060237884,0.5543040037155151,0.0004901426539746617,0.025087999179959297,0.026240000501275063,0.02574400007724762,0.02579200081527233,0.00027832679031455053,7168,128,512,1536,128,64,128,1696
0.036896001547575,0.04681599885225296,0.03837439976632595,0.03737599961459637,0.002842377942714692,0.0883840024471283,0.08972799777984619,0.089011200517416,0.08900799974799156,0.00046266144601446376,0.20316800475120544,0.20425599813461304,0.2036320000886917,0.2035359963774681,0.00037187516244632346,0.05526399984955788,0.05929600074887276,0.05743359997868538,0.05726400017738342,0.001504939565284916,0.10742399841547012,0.10876800119876862,0.10824959948658944,0.10830399766564369,0.0003834130430631876,0.048767998814582825,0.04995200037956238,0.0493855994194746,0.0493599995970726,0.00035778542239745117,0.08089599758386612,0.08185599744319916,0.0814336009323597,0.08140800148248672,0.0002737085155267042,0.5502399802207947,0.5536959767341614,0.5521983921527862,0.5523039996623993,0.0010790017524007903,0.024960000067949295,0.026335999369621277,0.025523199886083602,0.02542399987578392,0.00041358058390451245,7168,128,512,1536,128,64,128,1680
0.03711999952793121,0.047680001705884933,0.038790400698781015,0.03784000128507614,0.003005303018184172,0.08963199704885483,0.09225600212812424,0.09141440019011497,0.09150400012731552,0.0007527904746923029,0.1789119988679886,0.1804479956626892,0.179823999106884,0.17988800257444382,0.0004794123231211134,0.03654399886727333,0.037856001406908035,0.037248000130057336,0.037376001477241516,0.000386922819091627,0.09839999675750732,0.09913600236177444,0.09881599992513657,0.09881599992513657,0.00021514066299351475,0.04947200044989586,0.050175998359918594,0.04989759959280491,0.0498879998922348,0.00019149221000854048,0.08284799754619598,0.0841279998421669,0.08362559899687767,0.08369599655270576,0.00043028994499633974,0.5659199953079224,0.5711359977722168,0.5680607974529266,0.5676800012588501,0.0015183309249247074,0.024639999493956566,0.02534399926662445,0.025017599761486053,0.024960000067949295,0.00018974675333872435,7168,128,512,1536,128,64,128,1664
0.036639999598264694,0.048895999789237976,0.03836480006575584,0.03728000074625015,0.0035292517489351827,0.0772479996085167,0.0801599994301796,0.07837119922041894,0.07823999971151352,0.000791435585303074,0.17721599340438843,0.1817920058965683,0.17920000106096268,0.17881599813699722,0.0014402143845090548,0.03532800078392029,0.03728000074625015,0.03659840039908886,0.03678400069475174,0.000562699696253254,0.09683199971914291,0.09916800260543823,0.09780160039663315,0.09751999750733376,0.0007451337975898862,0.04851200059056282,0.0498879998922348,0.04919680096209049,0.049216000363230705,0.00044345091841247196,0.07897599786520004,0.0814720019698143,0.07995519936084747,0.07977599650621414,0.0007335198059861786,0.5555520057678223,0.5700479745864868,0.5611423969268798,0.5568640232086182,0.006066501952087606,0.02425600029528141,0.02537599951028824,0.024915199913084506,0.024912000633776188,0.00036798575288020917,7168,128,512,1536,128,64,128,1648
0.0363520011305809,0.047488000243902206,0.038102400675415996,0.03734400123357773,0.003156635577243336,0.09177599847316742,0.09276799857616425,0.09223680049180985,0.09224000200629234,0.0002901960466599306,0.17615999281406403,0.177824005484581,0.17689599841833115,0.17683199793100357,0.0005189541704989733,0.035679999738931656,0.037376001477241516,0.036243199929594995,0.036079999059438705,0.0005834546051462848,0.09593600034713745,0.09833600372076035,0.09717120006680488,0.09715200215578079,0.0006688236670931102,0.047968000173568726,0.048928000032901764,0.04850239977240563,0.04854400083422661,0.0002797210625977547,0.07875200361013412,0.0796160027384758,0.07923840060830116,0.07923199981451035,0.000255520076539949,0.5555199980735779,0.5582720041275024,0.5567584037780762,0.5564000010490417,0.0009458182025319994,0.02409599907696247,0.02537599951028824,0.02461759988218546,0.024608000181615353,0.0003344117497742447,7168,128,512,1536,128,64,128,1632
0.03606399893760681,0.046592000871896744,0.03760639987885952,0.03651199862360954,0.003020902095453654,0.09148799628019333,0.09273599833250046,0.092153599858284,0.09216000139713287,0.00033889820956218387,0.1761920005083084,0.18016000092029572,0.17785920053720475,0.17768000066280365,0.001111321102608678,0.03548799827694893,0.036896001547575,0.036060800030827525,0.03585600107908249,0.0004492442050881915,0.09644799679517746,0.0981760025024414,0.0971680000424385,0.09718400239944458,0.0004548627110404618,0.047807998955249786,0.048576001077890396,0.04802239984273911,0.04787199944257736,0.00027454878347571524,0.07878399640321732,0.07952000200748444,0.07919999957084656,0.07921599969267845,0.00017468733416405854,0.5548160076141357,0.5580480098724365,0.5564895987510681,0.5566239953041077,0.0009734577300237469,0.024000000208616257,0.025312000885605812,0.024416000209748746,0.024368000216782093,0.00034166678546169316,7168,128,512,1536,128,64,128,1616
0.0352960005402565,0.04553600028157234,0.03722559921443462,0.03641599975526333,0.0028136738841471206,0.09148799628019333,0.09372799843549728,0.09223679974675178,0.09206400066614151,0.0005577921581675242,0.1759359985589981,0.1817599982023239,0.17862399965524672,0.17875199764966965,0.0015700896703159056,0.03516799956560135,0.03728000074625015,0.0359935998916626,0.035919999703764915,0.0006777357205354225,0.09689600020647049,0.09808000177145004,0.09730240106582641,0.09715200215578079,0.0004042780008074353,0.047168001532554626,0.047968000173568726,0.04764159992337227,0.047728000208735466,0.0002725826712877685,0.07859200239181519,0.0793600007891655,0.0790207989513874,0.07905599847435951,0.00020299199137576937,0.5544000267982483,0.5566719770431519,0.5557919979095459,0.5561439990997314,0.0007974563216604394,0.02377600036561489,0.024800000712275505,0.024147200398147106,0.024064000695943832,0.00030297099324118093,7168,128,512,1536,128,64,128,1600
0.02940800040960312,0.039712000638246536,0.030982400104403496,0.030128000304102898,0.0029346217361844204,0.09113600105047226,0.09843199700117111,0.09239039942622185,0.09179199859499931,0.0020490890350295245,0.1764480024576187,0.1820800006389618,0.17843520194292067,0.1781120002269745,0.0015469903307374982,0.0350399985909462,0.03731200098991394,0.03582720011472702,0.03553599864244461,0.0006665227054048733,0.09628800302743912,0.0979200005531311,0.09701759964227677,0.09697600081562996,0.0005167382096232097,0.047040000557899475,0.04822399839758873,0.047379200160503385,0.04731199890375137,0.000333229944481072,0.0761599987745285,0.07660800218582153,0.0763712003827095,0.07635200023651123,0.0001328684644673089,0.5544639825820923,0.5570880174636841,0.5559744000434875,0.5565600097179413,0.0009964209392653964,0.023296000435948372,0.02486399933695793,0.023871999979019166,0.023792000487446785,0.0004027423344487423,7168,128,512,1536,128,64,128,1584
0.029184000566601753,0.04022400081157684,0.0309408001601696,0.029935999773442745,0.003142929742513121,0.07705599814653397,0.08684799820184708,0.07865279912948608,0.07764799892902374,0.0028051953961536983,0.17615999281406403,0.17843200266361237,0.17693759948015214,0.1767200008034706,0.0007350325777400616,0.0352960005402565,0.03667199984192848,0.03611839972436428,0.03619199991226196,0.00044938071064457285,0.09638399630784988,0.09801600128412247,0.09724160060286521,0.09720000252127647,0.0005028797088613906,0.046431999653577805,0.04793599992990494,0.047036799415946004,0.04699200019240379,0.0003909899730472466,0.07606399804353714,0.07683199644088745,0.07635199949145317,0.07633600011467934,0.00023384122282511306,0.5543680191040039,0.5617280006408691,0.5565312087535859,0.5555520057678223,0.0020384332396694905,0.023296000435948372,0.024288000538945198,0.023708799853920937,0.023679999634623528,0.0002561800959074183,7168,128,512,1536,128,64,128,1568
0.029152000322937965,0.043487999588251114,0.031206399947404862,0.030016000382602215,0.004111590227673877,0.07708799839019775,0.0878399983048439,0.08024320006370544,0.07967999950051308,0.002792050654696514,0.17776000499725342,0.1804800033569336,0.17896960079669952,0.17891200631856918,0.000773686224131399,0.03574400022625923,0.03718400001525879,0.03631680011749268,0.03627200052142143,0.00042704092569908466,0.09647999703884125,0.09801600128412247,0.09752959981560708,0.09755199775099754,0.0004565589948635884,0.04623999819159508,0.04742399975657463,0.046703999489545824,0.046592000871896744,0.0003652067644260679,0.07673600316047668,0.07785599678754807,0.0771711990237236,0.07711999863386154,0.0003368979364248955,0.5606399774551392,0.5663359761238098,0.5630015909671784,0.5625119805335999,0.001757892444352936,0.022911999374628067,0.024639999493956566,0.02354559991508722,0.023439999669790268,0.00047308068701285553,7168,128,512,1536,128,64,128,1552
0.02956799976527691,0.04076800122857094,0.031030400097370146,0.029904000461101532,0.0032581299975940683,0.06761600077152252,0.0759039968252182,0.06936319917440414,0.06888000294566154,0.0022305713478196643,0.1826239973306656,0.1857919991016388,0.1834111973643303,0.18323199450969696,0.0008384000367868238,0.03494400158524513,0.0360959991812706,0.03553920015692711,0.035552000626921654,0.00039353469719342524,0.10304000228643417,0.1043199971318245,0.10351359844207764,0.10334399715065956,0.0004159496346555288,0.0451200008392334,0.04649600014090538,0.04575999975204468,0.045744000002741814,0.00045592997024173666,0.07622399926185608,0.07756800204515457,0.07711040005087852,0.07719999924302101,0.00036120340595385293,0.5568640232086182,0.5621119737625122,0.5596383929252624,0.5596159994602203,0.001419655493246738,0.022495999932289124,0.023135999217629433,0.022793599963188173,0.022752000018954277,0.0002271999618121731,7168,128,512,1536,128,64,128,1536
0.028991999104619026,0.04089599847793579,0.030831999704241754,0.02977599948644638,0.0033691376625990836,0.06777600198984146,0.07363200187683105,0.06892160028219223,0.06841599941253662,0.0016490903090744416,0.1823039948940277,0.18435199558734894,0.1831392005085945,0.18321599811315536,0.0005452124175824689,0.03455999866127968,0.036031998693943024,0.03552319966256619,0.0355679988861084,0.00039953880491832997,0.10304000228643417,0.10419200360774994,0.10361600071191787,0.10353599861264229,0.0003496655313163221,0.04499199986457825,0.04588799923658371,0.045369600504636766,0.04528000019490719,0.00031183182257912655,0.0764480009675026,0.07756800204515457,0.07701440006494523,0.07703999802470207,0.00032947545648443453,0.5562559962272644,0.5634559988975525,0.5597280025482178,0.5597920119762421,0.002343278578977959,0.022272000089287758,0.023744000121951103,0.022918399795889853,0.02271999977529049,0.0004944595305175634,7168,128,512,1536,128,64,128,1520
0.028095999732613564,0.04073600098490715,0.030211200192570686,0.029152000322937965,0.003533456724555519,0.06668800115585327,0.07555200159549713,0.06807680130004883,0.0674079991877079,0.002512038715987478,0.1796479970216751,0.18374399840831757,0.18048640042543412,0.18014399707317352,0.001138840288340738,0.03468799963593483,0.03590400144457817,0.03515840023756027,0.03505600057542324,0.000372645247193354,0.10159999877214432,0.10374400019645691,0.10274239927530289,0.10278400033712387,0.0006103627710025121,0.043935999274253845,0.0451200008392334,0.04442239999771118,0.044415999203920364,0.0003975737565042193,0.07257600128650665,0.07427199929952621,0.07313919961452484,0.07311999797821045,0.0004296104374776058,0.5441920161247253,0.5500159859657288,0.5473760008811951,0.5477440059185028,0.002018702548472365,0.02239999920129776,0.022975999861955643,0.022598399966955184,0.02252800017595291,0.00016366998532994583,7168,128,512,1536,128,64,128,1504
0.028192000463604927,0.03862399980425835,0.02976959981024265,0.028959999792277813,0.002968629151042631,0.06598400324583054,0.07577600330114365,0.06781120076775551,0.0668640024960041,0.0027249824445819827,0.17919999361038208,0.18236799538135529,0.1802368000149727,0.18003199994564056,0.0008282008394121324,0.0344959981739521,0.03657599911093712,0.03531519956886768,0.03519999980926514,0.0006875462390747685,0.1024319976568222,0.10335999727249146,0.10299200043082238,0.10305600240826607,0.0002775897634357883,0.04310400038957596,0.04435199871659279,0.04376000016927719,0.04368000105023384,0.0004369491236122382,0.07241600006818771,0.07321599870920181,0.07291199937462807,0.07300799712538719,0.00023999864857072325,0.5452799797058105,0.5489919781684875,0.5468671977519989,0.5466240048408508,0.0012554585844263195,0.02191999927163124,0.02287999913096428,0.022428799793124198,0.022400000132620335,0.0002713214681197162,7168,128,512,1536,128,64,128,1488
0.028384000062942505,0.03872000053524971,0.029936000145971774,0.02902400027960539,0.002962593545087091,0.06790400296449661,0.07596799731254578,0.06915519982576371,0.0684799998998642,0.0022932829739591,0.1799360066652298,0.1818239986896515,0.18085119873285294,0.1810240000486374,0.0005203687410323251,0.03455999866127968,0.03574400022625923,0.03518719971179962,0.03516799956560135,0.00033261571568024155,0.09455999732017517,0.09596800059080124,0.09513279944658279,0.09507200121879578,0.0004943878149335015,0.04390399903059006,0.044544000178575516,0.04424320012331009,0.04424000158905983,0.00022133283571102076,0.07241600006818771,0.0735040009021759,0.07302719950675965,0.07315199822187424,0.00032205678106560145,0.5465279817581177,0.5530239939689636,0.5503487884998322,0.55103999376297,0.0020864044596300316,0.021536000072956085,0.02236800082027912,0.021897600032389164,0.02195199951529503,0.00022310681968486015,7168,128,512,1536,128,64,128,1472
0.026623999699950218,0.03776000067591667,0.02822400014847517,0.0272000003606081,0.0031948440222109315,0.0671359971165657,0.07795199751853943,0.0686335988342762,0.06750399991869926,0.0031290302142414233,0.17868800461292267,0.1820800006389618,0.18049280047416688,0.1804959997534752,0.0009657642632200285,0.03440000116825104,0.035840000957250595,0.034963200241327284,0.03489600121974945,0.0004409039496461699,0.09452799707651138,0.09609600156545639,0.09514239951968192,0.0950240008533001,0.0005224541466020924,0.043136000633239746,0.044895999133586884,0.04405120015144348,0.044176001101732254,0.0005142347251348972,0.07231999933719635,0.07363200187683105,0.07293119952082634,0.07295999675989151,0.000357899418218935,0.5431039929389954,0.553600013256073,0.5492576003074646,0.5506239831447601,0.0034961312403705164,0.02143999934196472,0.0226879995316267,0.021820799633860587,0.021727999672293663,0.0003305307457997176,7168,128,512,1536,128,64,128,1456
0.02579200081527233,0.03606399893760681,0.027164800092577934,0.0261439997702837,0.00297298560441633,0.06665600091218948,0.07648000121116638,0.06802240088582039,0.06704000011086464,0.0028448720956586455,0.1775359958410263,0.18095999956130981,0.178847998380661,0.17894399911165237,0.0008389872143547939,0.03436800092458725,0.035392001271247864,0.03474239967763424,0.034591998904943466,0.0003151798140083221,0.09299200028181076,0.09625600278377533,0.0945023998618126,0.09451199695467949,0.0008038058701039199,0.04297599941492081,0.04374400153756142,0.04330880083143711,0.043216001242399216,0.0002764626968515327,0.0692799985408783,0.07011199742555618,0.06968320012092591,0.06964800134301186,0.00028485393708203806,0.5412799715995789,0.5472639799118042,0.5441279947757721,0.5438559949398041,0.0016736973797596719,0.021215999498963356,0.021888000890612602,0.021574400179088116,0.021584000438451767,0.0001757383820570744,7168,128,512,1536,128,64,128,1440
0.025631999596953392,0.037151999771595,0.027311999909579755,0.02628799993544817,0.0032918731156768464,0.06649599969387054,0.07919999957084656,0.06823039948940277,0.06705599650740623,0.003672445811492912,0.17769600450992584,0.18006399273872375,0.17855039834976197,0.17839999496936798,0.0006321165598367442,0.0344959981739521,0.0360959991812706,0.0350783996284008,0.034960001707077026,0.0005516265612191665,0.09344000369310379,0.09558399766683578,0.09454400017857552,0.09446399658918381,0.0006050021907806329,0.04233599826693535,0.04278400167822838,0.04264320060610771,0.04270400106906891,0.00013209551745230482,0.06911999732255936,0.07001599669456482,0.06966399997472764,0.06977600231766701,0.0002880004545154574,0.5400320291519165,0.5458559989929199,0.5431135952472687,0.543423980474472,0.0019820308288527075,0.020927999168634415,0.022143999114632607,0.02143679969012737,0.021296000108122826,0.0003618830009311695,7168,128,512,1536,128,64,128,1424
0.025760000571608543,0.03606399893760681,0.02727680020034313,0.026320000179111958,0.002960793407777518,0.05452800169587135,0.0660799965262413,0.058310399577021596,0.05751999840140343,0.0029980011048358914,0.15087999403476715,0.1539199948310852,0.15230720043182372,0.15243200212717056,0.000808175651336856,0.03452799841761589,0.03542400151491165,0.03492479994893074,0.03484800085425377,0.00028232690659975773,0.08313599973917007,0.08505599945783615,0.08402559980750084,0.0841279998421669,0.0005577193610770056,0.04259200021624565,0.04335999861359596,0.04291520044207573,0.04288000054657459,0.0002521506503550153,0.06911999732255936,0.07001599669456482,0.06949439942836762,0.06943999975919724,0.0002833589340792555,0.5406399965286255,0.5449600219726562,0.5431039988994598,0.5433279871940613,0.0017031705129156444,0.020767999812960625,0.021983999758958817,0.021177600137889385,0.02112000063061714,0.00034340040157310035,7168,128,512,1536,128,64,128,1408
0.025407999753952026,0.035840000957250595,0.027036799862980843,0.026208000257611275,0.002952109209728697,0.05587200075387955,0.06646399945020676,0.05879999995231629,0.05827200040221214,0.0027089183979229726,0.14975999295711517,0.15334400534629822,0.15100480020046234,0.15086399763822556,0.0009442415542725156,0.03446400165557861,0.035232000052928925,0.03477759957313538,0.03471999987959862,0.0002502555781412627,0.08249600231647491,0.08563199639320374,0.08365759924054146,0.0836159996688366,0.000832128216431712,0.04185599833726883,0.043487999588251114,0.042476799711585043,0.04251199960708618,0.0004209431335656751,0.06825599819421768,0.06963200122117996,0.06902719959616661,0.06905599683523178,0.00043840016218366497,0.536575973033905,0.5426239967346191,0.5392927944660186,0.5392799973487854,0.0019263085735658021,0.02054399996995926,0.022143999114632607,0.02118079997599125,0.020911999978125095,0.0005389789566978569,7168,128,512,1536,128,64,128,1392
0.02595200017094612,0.03654399886727333,0.027318399958312513,0.02628799993544817,0.003089484871215527,0.05830400064587593,0.0687360018491745,0.06124800033867359,0.06072000041604042,0.0027384228286575656,0.15248000621795654,0.15478399395942688,0.15326400101184845,0.15326400101184845,0.0006885922501020788,0.03468799963593483,0.0360959991812706,0.03525439985096455,0.0352960005402565,0.0004305276985454679,0.0835840031504631,0.08595199882984161,0.08454080000519752,0.08424000069499016,0.0006659452489604985,0.04211200028657913,0.04303999990224838,0.042428800463676454,0.04227200150489807,0.0003113875565205233,0.06729599833488464,0.06815999746322632,0.0677312009036541,0.06774400174617767,0.00020895785697025305,0.5488319993019104,0.5545600056648254,0.5515680015087128,0.5512799918651581,0.0018317971162234875,0.02035200037062168,0.021663999184966087,0.020892799831926823,0.02075199969112873,0.0004178295583119222,7168,128,512,1536,128,64,128,1376
0.02582399919629097,0.036959998309612274,0.027164799720048906,0.026016000658273697,0.0032731928553900312,0.0597120001912117,0.07228799909353256,0.0634751994162798,0.06302399933338165,0.003252125581266061,0.15011200308799744,0.1611199975013733,0.1542815998196602,0.1533759981393814,0.003470724333952647,0.0344959981739521,0.036031998693943024,0.03498240001499653,0.03489600121974945,0.000423755392692657,0.08339200168848038,0.0851840004324913,0.08417599946260453,0.08399999886751175,0.0006581808631724157,0.04150399938225746,0.042367998510599136,0.04197440035641194,0.042047999799251556,0.00030224347387228966,0.06614399701356888,0.06825599819421768,0.06744959950447083,0.06756800040602684,0.0005825056637367288,0.5392320156097412,0.5534080266952515,0.54688960313797,0.5481439828872681,0.004750902951228973,0.020255999639630318,0.02131200022995472,0.02065919991582632,0.02059200033545494,0.0002681899587952566,7168,128,512,1536,128,64,128,1360
0.02521600015461445,0.035551998764276505,0.026678399927914143,0.025615999475121498,0.0029789246284481455,0.06355199962854385,0.07782399654388428,0.06717759966850281,0.06651199981570244,0.0037964198928147146,0.14972800016403198,0.1603199988603592,0.1523039996623993,0.15084800124168396,0.0032032076846645733,0.03407999873161316,0.03558399900794029,0.03471359983086586,0.03468799963593483,0.00044772581778565094,0.08195199817419052,0.08364800363779068,0.08295039981603622,0.08287999778985977,0.00047610305386101706,0.04089599847793579,0.04169600084424019,0.041219199821352956,0.04124800115823746,0.0002422089861869721,0.06604799628257751,0.06678400188684464,0.066457599401474,0.06646399945020676,0.00025831154860041255,0.537056028842926,0.5411520004272461,0.5383711993694306,0.5377280116081238,0.0014199094162354272,0.020255999639630318,0.021568000316619873,0.020492799952626227,0.02035200037062168,0.0003718615894459499,7168,128,512,1536,128,64,128,1344
0.024831999093294144,0.03577600046992302,0.026444800198078156,0.025551999919116497,0.0031291747102472566,0.06464000046253204,0.07734400033950806,0.06693120002746582,0.06587200239300728,0.0035158726133139107,0.16364799439907074,0.1716800034046173,0.16820799857378005,0.16808000206947327,0.002219991398439297,0.03376000002026558,0.03494400158524513,0.034384000673890115,0.03441600129008293,0.00035439213327822437,0.08230400085449219,0.08396799862384796,0.08322239965200424,0.08331200107932091,0.0005507435838034608,0.040352001786231995,0.041728001087903976,0.04097600020468235,0.0408799983561039,0.00043483457302789493,0.06595200300216675,0.06681600213050842,0.06654720082879066,0.06665600091218948,0.0002662742061244426,0.5374079942703247,0.5410879850387573,0.5391551852226257,0.5389920175075531,0.0012451399083107356,0.019807999953627586,0.020927999168634415,0.020198399759829046,0.020143999718129635,0.0003018192282976613,7168,128,512,1536,128,64,128,1328
0.024191999807953835,0.03510399907827377,0.025545599684119225,0.024512000381946564,0.0031927932847347525,0.06406400352716446,0.07638400048017502,0.06636160090565682,0.06539199873805046,0.0034212711289671985,0.14918400347232819,0.1701440066099167,0.15781440138816832,0.15510399639606476,0.008284540458013837,0.03404799848794937,0.035360001027584076,0.03458879999816418,0.03444799967110157,0.000404379544860701,0.08185599744319916,0.0833280012011528,0.08263039961457253,0.08268800005316734,0.0004276043809209194,0.04009599983692169,0.04089599847793579,0.040438399836421016,0.04041599854826927,0.0002607753372564047,0.0628800019621849,0.06384000182151794,0.06338879987597465,0.0634239986538887,0.0002958744196457482,0.5325120091438293,0.5405439734458923,0.5356127977371216,0.5346240103244781,0.002337810087922598,0.01961600035429001,0.020800000056624413,0.020054399967193604,0.01990400068461895,0.00038878343292388795,7168,128,512,1536,128,64,128,1312
0.023711999878287315,0.03468799963593483,0.025433599762618542,0.024447999894618988,0.0031188034131014735,0.06543999910354614,0.07760000228881836,0.06810240000486374,0.06721599772572517,0.003295652650105258,0.1483519971370697,0.16969600319862366,0.1596735969185829,0.16305599361658096,0.008137566617775184,0.033663999289274216,0.03564799949526787,0.03432319983839989,0.03425600007176399,0.0005479759491519176,0.08198399841785431,0.08316799998283386,0.08240640088915825,0.08236800134181976,0.0002959960124611713,0.03936000168323517,0.040352001786231995,0.03991360031068325,0.03995199874043465,0.00038160660461303796,0.0629120022058487,0.06364800035953522,0.06328959986567498,0.06324799731373787,0.0002444592786815673,0.5320960283279419,0.536191999912262,0.5341823995113373,0.534415990114212,0.0014513202634731583,0.01942400075495243,0.020447999238967896,0.019727999903261663,0.019632000476121902,0.0002841517709184341,7168,128,512,1536,128,64,128,1296
0.023584000766277313,0.03385600075125694,0.025264000147581102,0.024447999894618988,0.002887075926271163,0.05145600065588951,0.06508799642324448,0.05419520027935505,0.05318400077521801,0.0037603241302712307,0.14655999839305878,0.14975999295711517,0.1477183997631073,0.14764800667762756,0.0008270360221335871,0.03324799984693527,0.034623999148607254,0.0338688001036644,0.03388800099492073,0.0003740577458689265,0.08665599673986435,0.08867199718952179,0.08760639950633049,0.0875840000808239,0.0005396622329389614,0.0379519984126091,0.03920000046491623,0.03855039961636066,0.038495998829603195,0.000359213685372291,0.06275200098752975,0.06345599889755249,0.06307199895381928,0.0631519965827465,0.00021750422974918518,0.44515201449394226,0.4528000056743622,0.44992960393428805,0.4503519982099533,0.002355950605132436,0.019231999292969704,0.019999999552965164,0.019491199776530264,0.019456000067293644,0.00023880238626688518,7168,128,512,1536,128,64,128,1280
0.02316799946129322,0.03411199897527695,0.024639999866485594,0.02363200020045042,0.003171940699677047,0.04819199815392494,0.06329599767923355,0.050543999299407005,0.049247998744249344,0.004274300027918141,0.14476799964904785,0.14844800531864166,0.14597760289907455,0.1457280069589615,0.0009650862325067931,0.03276799991726875,0.034015998244285583,0.033395199850201604,0.03348799981176853,0.0004388082914576709,0.08643200248479843,0.088128000497818,0.0872288003563881,0.08724800124764442,0.0005299737073565235,0.03750399872660637,0.03862399980425835,0.0381887998431921,0.038256000727415085,0.00033871634402788834,0.06185600161552429,0.06265600025653839,0.06225919984281063,0.062272001057863235,0.00026395623825560804,0.44336000084877014,0.4477440118789673,0.44511999785900114,0.44480000436306,0.0013380458662557734,0.019071999937295914,0.019872000440955162,0.01930560003966093,0.019279999658465385,0.00021940445271099844,7168,128,512,1536,128,64,128,1264
0.022784000262618065,0.03324799984693527,0.024374400079250336,0.023408000357449055,0.00297438400566204,0.04819199815392494,0.06329599767923355,0.05046399980783463,0.049167999997735023,0.004292486516376531,0.144896000623703,0.14735999703407288,0.14531839787960052,0.14507199823856354,0.0006981282150367219,0.032575998455286026,0.03471999987959862,0.03350719921290875,0.03343999944627285,0.0005789174239578829,0.07968000322580338,0.08153600245714188,0.08048319965600967,0.08051200211048126,0.0005585721044246895,0.03766399994492531,0.03846399858593941,0.038089599832892417,0.038047999143600464,0.00023690826208257475,0.058880001306533813,0.05987200140953064,0.059334400668740274,0.05934400111436844,0.0003068664214977345,0.4430080056190491,0.44416001439094543,0.4433184027671814,0.443231999874115,0.00031420505127013307,0.018592000007629395,0.019392000511288643,0.018947199918329716,0.018831999972462654,0.0002585674031575381,7168,128,512,1536,128,64,128,1248
0.02287999913096428,0.03308799862861633,0.024787199683487415,0.024047999642789364,0.002817933621897446,0.04886399954557419,0.0628800019621849,0.05117760002613068,0.050095999613404274,0.003954274929712623,0.14582400023937225,0.1483200043439865,0.1472223997116089,0.14748799800872803,0.0008531520596590834,0.03270399942994118,0.03420799970626831,0.03366720043122769,0.03385600075125694,0.00041635718322138545,0.07900799810886383,0.0817599967122078,0.08087040036916733,0.0809439979493618,0.0007952247191524752,0.03747199848294258,0.03840000182390213,0.03786880001425743,0.03787200152873993,0.0002479540666851413,0.059167999774217606,0.06083200126886368,0.060054400190711024,0.060127999633550644,0.0004955454480743667,0.44377601146698,0.4556800127029419,0.45068480372428893,0.45176000893116,0.004312845138570832,0.01836800016462803,0.019007999449968338,0.01868479996919632,0.018672000616788864,0.0001719980145185292,7168,128,512,1536,128,64,128,1232
0.023296000435948372,0.035360001027584076,0.025177600048482417,0.02411200013011694,0.0034123708396250722,0.05004800111055374,0.0655359998345375,0.0525407999753952,0.05135999992489815,0.004358429284330971,0.14713600277900696,0.15119999647140503,0.14813439846038817,0.1478079929947853,0.0010775777035866058,0.03315199911594391,0.0342399999499321,0.03357759974896908,0.033503999933600426,0.00036822249953863005,0.08310399949550629,0.0846719965338707,0.08384319990873337,0.08382399752736092,0.0004974837872367281,0.03731200098991394,0.038495998829603195,0.037974399700760844,0.03791999816894531,0.0003470335061509598,0.06015999987721443,0.06115199998021126,0.06051200069487095,0.060416001826524734,0.00029813272730464446,0.4491199851036072,0.4575679898262024,0.45497279763221743,0.45576000213623047,0.002520922498409592,0.018303999677300453,0.01894400082528591,0.018652800098061563,0.018688000738620758,0.0001990443077450168,7168,128,512,1536,128,64,128,1216
0.023423999547958374,0.03388800099492073,0.025004800222814084,0.02411200013011694,0.002976626449896807,0.04927999898791313,0.06284800171852112,0.051027200371026996,0.049616001546382904,0.003951403116315212,0.1456959992647171,0.1483200043439865,0.14640640169382096,0.14617599546909332,0.0006906087799710555,0.03292800113558769,0.033952001482248306,0.03337600007653237,0.03339200094342232,0.00029710103277949795,0.08377599716186523,0.08511999994516373,0.08414719924330712,0.08393599838018417,0.0004250598333293224,0.03702399879693985,0.03791999816894531,0.03737279959022999,0.037328001111745834,0.00023359950785183925,0.05967999994754791,0.060256000608205795,0.05988800004124641,0.059856001287698746,0.00017483225427104626,0.44624000787734985,0.4506239891052246,0.44831359684467315,0.44843199849128723,0.0011906202615821371,0.017920000478625298,0.01913600042462349,0.0184256000444293,0.01841600053012371,0.00032690162863532174,7168,128,512,1536,128,64,128,1200
0.022143999114632607,0.03299200162291527,0.0236480001360178,0.022656000219285488,0.0031263530209088963,0.049056001007556915,0.06326399743556976,0.05088639967143536,0.049536000937223434,0.0041337701007516945,0.14448000490665436,0.14825600385665894,0.14591360092163086,0.1456959992647171,0.0010562714425593565,0.032575998455286026,0.03436800092458725,0.033251199126243594,0.033055998384952545,0.0005709023086901964,0.07875200361013412,0.08092799782752991,0.08008959963917732,0.08028800040483475,0.0007180842274056542,0.0363520011305809,0.037087999284267426,0.03664639964699745,0.036559998989105225,0.00024404031243285693,0.05644800141453743,0.05772799998521805,0.0571456003934145,0.05712000094354153,0.0003799242545102852,0.4428800046443939,0.4487679898738861,0.44585600197315217,0.44595201313495636,0.0018403718532728026,0.017791999503970146,0.01836800016462803,0.018115200102329254,0.01812800019979477,0.0001615605514866981,7168,128,512,1536,128,64,128,1184
0.022207999601960182,0.03244800120592117,0.02352319974452257,0.022512000054121017,0.0029840909897413267,0.04899200052022934,0.06390400230884552,0.05090239979326725,0.04966399818658829,0.004344183164500225,0.14454400539398193,0.14800000190734863,0.1453888013958931,0.1451359987258911,0.0009492948149588019,0.032255999743938446,0.03385600075125694,0.032876800000667575,0.032816000282764435,0.0004319883687381599,0.07859200239181519,0.08060800284147263,0.07969280034303665,0.07974399998784065,0.000563636070401135,0.03574400022625923,0.03641600161790848,0.036089600250124934,0.03612799942493439,0.00019663740984128439,0.05628800019621849,0.05718399956822395,0.05690240040421486,0.05697600170969963,0.00024445982483363747,0.4437440037727356,0.44655999541282654,0.4454112023115158,0.44575999677181244,0.0008706620095877088,0.01775999926030636,0.018719999119639397,0.018172799982130526,0.018112000077962875,0.00026053959686759117,7168,128,512,1536,128,64,128,1168
0.022112000733613968,0.03283200040459633,0.023404799960553647,0.022415999323129654,0.0031460802781932856,0.04879999905824661,0.06444799900054932,0.050860799849033356,0.04948800057172775,0.004539088889457293,0.14137600362300873,0.1457280069589615,0.14268160313367845,0.1424960047006607,0.001147082910573326,0.03254399821162224,0.033376000821590424,0.032979199662804604,0.03302400000393391,0.00032388113444348313,0.07462400197982788,0.07612799853086472,0.07539839968085289,0.07529599964618683,0.0004137288334255988,0.03593600168824196,0.03711999952793121,0.03652799986302853,0.03652799874544144,0.00039172221413175535,0.056384000927209854,0.057440001517534256,0.05690560042858124,0.05684800073504448,0.00027898789857154873,0.4440000057220459,0.44601601362228394,0.44501439929008485,0.44515199959278107,0.0006646526845213136,0.017664000391960144,0.01836800016462803,0.018025599978864194,0.0180479995906353,0.00022079990231981293,7168,128,512,1536,128,64,128,1152
0.022112000733613968,0.03299200162291527,0.02351360023021698,0.022432000376284122,0.0031745165964456455,0.04864000156521797,0.06438399851322174,0.05084800012409687,0.04947200044989586,0.0045241023385396645,0.14390400052070618,0.14828799664974213,0.1452927976846695,0.14511999487876892,0.0011299399970078517,0.032255999743938446,0.033376000821590424,0.03287039995193482,0.032816000282764435,0.00035685383236923356,0.07472000271081924,0.07715199887752533,0.07567040026187896,0.07558400183916092,0.0005966166587801371,0.03545600175857544,0.03670400008559227,0.03602559939026832,0.03596799820661545,0.0003887176535199856,0.05660799890756607,0.05740800127387047,0.05693760029971599,0.05686400085687637,0.00025158222260334036,0.4434559941291809,0.4469760060310364,0.44563519954681396,0.44601599872112274,0.0012276038134616048,0.01744000054895878,0.01820800080895424,0.017836800031363963,0.017839999869465828,0.0002508279628967375,7168,128,512,1536,128,64,128,1136
0.02179200015962124,0.03254399821162224,0.023257599771022798,0.022288000211119652,0.0031035309912657853,0.0488319993019104,0.06409599632024765,0.05076159946620464,0.049375999718904495,0.00445060076819677,0.14416000247001648,0.14803199470043182,0.1453344017267227,0.1451679989695549,0.0009867242863242367,0.03219199925661087,0.033440001308918,0.03290239982306957,0.033055998384952545,0.00044612198357273677,0.07577600330114365,0.07692799717187881,0.07635840103030204,0.07640000060200691,0.00035627859369109045,0.03519999980926514,0.03564799949526787,0.035385600104928014,0.03534400090575218,0.00012541334697415907,0.05366399884223938,0.05462399870157242,0.054252799972891806,0.05432000011205673,0.0003005962033689726,0.4437119960784912,0.4461440145969391,0.44506560266017914,0.4453279972076416,0.0009036311923783153,0.017152000218629837,0.018559999763965607,0.01775040030479431,0.017664000391960144,0.00042163554360938587,7168,128,512,1536,128,64,128,1120
0.02163200080394745,0.0323840007185936,0.022979200072586536,0.021935999393463135,0.003141398015570703,0.04848000034689903,0.06441599875688553,0.05046399980783463,0.04896000027656555,0.0046577532235907255,0.14291200041770935,0.14713600277900696,0.1444544017314911,0.14430399984121323,0.0012029445935038787,0.03219199925661087,0.033695999532938004,0.03291199952363968,0.033055998384952545,0.00042362201270792555,0.07574400305747986,0.07692799717187881,0.07625599950551987,0.07619199901819229,0.0004110463382440479,0.03471999987959862,0.03526400029659271,0.03498880080878734,0.034960001707077026,0.00018169671249200622,0.05353600159287453,0.05443200096487999,0.054016000404953954,0.05398400127887726,0.0002638786009070044,0.43644800782203674,0.44678398966789246,0.4417888015508652,0.4429280012845993,0.0033636974062637433,0.017023999243974686,0.01772800087928772,0.017411200143396855,0.01740800030529499,0.00019170669253350974,7168,128,512,1536,128,64,128,1104
0.021503999829292297,0.03203200176358223,0.02278400007635355,0.021743999794125557,0.003088721712388472,0.048128001391887665,0.06384000182151794,0.05013119950890541,0.04857599921524525,0.004589702173133347,0.14204800128936768,0.1459520012140274,0.14295360147953035,0.14273600280284882,0.0010394880297839707,0.03190400078892708,0.033695999532938004,0.03262720033526421,0.03270399942994118,0.0005029599408752266,0.07625599950551987,0.07744000107049942,0.07696320042014122,0.07689599692821503,0.0003702746050019378,0.03407999873161316,0.03526400029659271,0.03456959985196591,0.034463999792933464,0.0003668295743586813,0.05299200117588043,0.053888000547885895,0.053443200141191485,0.05344000086188316,0.00023708061791750482,0.4357439875602722,0.4381439983844757,0.4369375973939896,0.4370400011539459,0.000698166526744091,0.01708799973130226,0.01788800023496151,0.017363199964165688,0.017263999208807945,0.00026818984767142703,7168,128,512,1536,128,64,128,1088
0.021727999672293663,0.031647998839616776,0.02298559993505478,0.02193600032478571,0.0028982899786238175,0.048608001321554184,0.06249599903821945,0.05085440017282963,0.0498879998922348,0.003931699391085523,0.1420159935951233,0.14601600170135498,0.14482880085706712,0.1451679989695549,0.001147945631564927,0.03251200169324875,0.033824000507593155,0.03306879997253418,0.03308800049126148,0.0004548507836454976,0.07667200267314911,0.07843200117349625,0.07754240036010743,0.07747200131416321,0.0004998147760834252,0.03392000123858452,0.03484800085425377,0.034486400336027144,0.034544000402092934,0.00031191390855931213,0.0533440001308918,0.05507199838757515,0.05446399971842766,0.05462399870157242,0.0005675823106361512,0.4362879991531372,0.44915199279785156,0.445862403512001,0.4479999989271164,0.004608108818890436,0.01651199907064438,0.017152000218629837,0.016950399987399577,0.016992000862956047,0.00017471558749923772,7168,128,512,1536,128,64,128,1072
0.02112000063061714,0.03129599988460541,0.022390400245785713,0.021376000717282295,0.0029736953286396495,0.049215998500585556,0.06406400352716446,0.050940800458192825,0.04952000081539154,0.004376554131023246,0.14419199526309967,0.14844800531864166,0.14513600170612334,0.14475200325250626,0.0011525563887993793,0.03206399828195572,0.03372799977660179,0.03272959962487221,0.0326399989426136,0.0005277190943457627,0.07612799853086472,0.07766400277614594,0.0769055999815464,0.07687999680638313,0.0004152736060930225,0.033504001796245575,0.034304000437259674,0.03390399999916553,0.03385600075125694,0.0002213552727175872,0.05152000114321709,0.052319999784231186,0.05196800008416176,0.05209599994122982,0.00028297748177690007,0.44572800397872925,0.447488009929657,0.4468127965927124,0.44681599736213684,0.0005326723674342709,0.016383999958634377,0.017023999243974686,0.016646399907767773,0.016656000167131424,0.00021313026911140158,7168,128,512,1536,128,64,128,1056
0.021056000143289566,0.03081599995493889,0.022351999953389167,0.021424000151455402,0.0028304447761486906,0.04934399947524071,0.06492800265550613,0.051308800280094144,0.049904000014066696,0.004551413365724083,0.1451839953660965,0.14790399372577667,0.14593280106782913,0.14580800384283066,0.0007541669428787447,0.03219199925661087,0.03372799977660179,0.03268800005316734,0.0325119998306036,0.00049517371245303,0.07606399804353714,0.07718399912118912,0.0766464002430439,0.07667200267314911,0.00033889806886300137,0.03315199911594391,0.03404799848794937,0.03360959962010383,0.03361600078642368,0.00033685168195665536,0.05209600180387497,0.052671998739242554,0.05235840007662773,0.05238400027155876,0.0001698112186763946,0.4482879936695099,0.4517439901828766,0.44993599951267244,0.44976000487804413,0.0009299000302707935,0.0161920003592968,0.016992000862956047,0.016582399792969226,0.01655999943614006,0.0002252764067986978,7168,128,512,1536,128,64,128,1040
0.02112000063061714,0.031647998839616776,0.022505599819123746,0.021583999507129192,0.0030594088874752335,0.05020799860358238,0.06617599725723267,0.05236159898340702,0.05076799914240837,0.004625567039855127,0.12156800180673599,0.12495999783277512,0.12246079966425896,0.12215999886393547,0.0009284903431080651,0.032575998455286026,0.03420799970626831,0.033769600093364716,0.03388800099492073,0.0004383067963317366,0.06800000369548798,0.06911999732255936,0.06844159960746765,0.06838399916887283,0.000367596829317223,0.033376000821590424,0.0342399999499321,0.03374080061912536,0.033695999532938004,0.0002556797977222584,0.05190400034189224,0.05270399898290634,0.05228159949183464,0.0522879995405674,0.0002389519048331414,0.3646079897880554,0.3670719861984253,0.3657023966312408,0.3656639903783798,0.0006153310495890175,0.015744000673294067,0.016287999227643013,0.01607360001653433,0.016095999628305435,0.00016319960282750866,7168,128,512,1536,128,64,128,1024
0.02067199908196926,0.031231999397277832,0.022220800071954726,0.02131200022995472,0.003014195971276233,0.05036799982190132,0.06592000275850296,0.05215040035545826,0.050623999908566475,0.004593690800311123,0.12150400131940842,0.12467200309038162,0.12233279868960381,0.12193599715828896,0.0009093246548508943,0.03280000016093254,0.03481600061058998,0.03377920016646385,0.033743999898433685,0.0006093797849381831,0.06771200150251389,0.06934399902820587,0.06848000064492225,0.0684639997780323,0.0005462535116848215,0.03296000137925148,0.03488000109791756,0.033529600128531456,0.03345600143074989,0.0004969385806739443,0.05180799961090088,0.052799999713897705,0.05218559987843037,0.05214399844408035,0.0002770541595676815,0.3630079925060272,0.3673279881477356,0.3651712030172348,0.3649600148200989,0.0012364723436055563,0.015552000142633915,0.016448000445961952,0.016035200003534554,0.016063999384641647,0.00021582809514622263,7168,128,512,1536,128,64,128,1016
0.02067199908196926,0.03174399957060814,0.022108799777925014,0.021056000143289566,0.0032202701375675462,0.049247998744249344,0.06630399823188782,0.051817600056529044,0.05049600079655647,0.004853842488838419,0.11958400160074234,0.12444800138473511,0.12142719924449921,0.12147200107574463,0.0012974966013409605,0.03315199911594391,0.03455999866127968,0.033660800009965894,0.033536000177264214,0.00044992719041579433,0.06758400052785873,0.06915199756622314,0.06828159987926483,0.06828799843788147,0.0004607993902464383,0.03280000016093254,0.03376000002026558,0.033180800080299375,0.03308799862861633,0.00031237286322493614,0.05052800104022026,0.05206400156021118,0.05151040069758892,0.05164800025522709,0.0004759399486269972,0.35580798983573914,0.3646399974822998,0.3614111989736557,0.36321599781513214,0.003550022867551617,0.015552000142633915,0.016672000288963318,0.01594559969380498,0.01583999954164028,0.00030561270887328047,7168,128,512,1536,128,64,128,1008
0.02070399932563305,0.03081599995493889,0.021888000145554542,0.020896000787615776,0.0029781668964880413,0.04899200052022934,0.06441599875688553,0.050790400430560115,0.04931199923157692,0.004546720882926107,0.11961600184440613,0.12230399996042252,0.12030400112271308,0.12017599865794182,0.00075458228838181,0.032896000891923904,0.03436800092458725,0.033462400734424594,0.03336000069975853,0.0004974017324192257,0.07097599655389786,0.07302399724721909,0.07184639871120453,0.07187199965119362,0.0006498130686962779,0.031231999397277832,0.03254399821162224,0.03181440010666847,0.03169599920511246,0.0004044673614905174,0.050592001527547836,0.0514880008995533,0.050979200005531314,0.050992000848054886,0.00027655502251811394,0.3548479974269867,0.3585920035839081,0.3566016048192978,0.3561760038137436,0.0012168279083667134,0.015359999611973763,0.01616000011563301,0.015827200189232827,0.01580800022929907,0.00023217108602477602,7168,128,512,1536,128,64,128,1000
0.020608000457286835,0.03049599938094616,0.02198399994522333,0.021104000508785248,0.0028456257624824115,0.04915200173854828,0.06464000046253204,0.050988799706101415,0.049375999718904495,0.004559482623519478,0.11952000111341476,0.12297599762678146,0.12033599987626076,0.12017599865794182,0.0009243781602696339,0.03267199918627739,0.03404799848794937,0.03340159989893436,0.03340800106525421,0.00041099756617202877,0.07107199728488922,0.07209599763154984,0.07161919921636581,0.07163200154900551,0.00036074956529986464,0.031199999153614044,0.032575998455286026,0.031721599772572516,0.03147200122475624,0.0005138062627346137,0.05056000128388405,0.051263999193906784,0.050972799956798556,0.050992000848054886,0.00021199818171787705,0.355648010969162,0.36051198840141296,0.3572768002748489,0.3571520000696182,0.0015096668221334852,0.015263999812304974,0.0163199994713068,0.01562879988923669,0.01560000004246831,0.0002819632616338034,7168,128,512,1536,128,64,128,992
0.020479999482631683,0.031168000772595406,0.021993600018322467,0.021088000386953354,0.0030701013395410507,0.04899200052022934,0.06374400109052658,0.050895999744534494,0.04944000020623207,0.004289128638755155,0.11932799965143204,0.12249600142240524,0.12049600034952164,0.12035199999809265,0.0007687005254836236,0.0326399989426136,0.034304000437259674,0.03330239988863468,0.03308799862861633,0.0005283496300972485,0.07116799801588058,0.07286400347948074,0.07187200039625168,0.07171200215816498,0.0005538876632641361,0.031168000772595406,0.03200000151991844,0.03143360037356615,0.03129599988460541,0.00027825343038606496,0.048128001391887665,0.04931199923157692,0.048800000175833705,0.04886399954557419,0.00030188693078688145,0.35660800337791443,0.35942399501800537,0.3580576002597809,0.3579519987106323,0.0008984013648542682,0.015104000456631184,0.015744000673294067,0.015526400040835142,0.015583999920636415,0.00017747740626958988,7168,128,512,1536,128,64,128,984
0.020160000771284103,0.030527999624609947,0.0216864001005888,0.02075199969112873,0.0029536206340665403,0.04851200059056282,0.06425599753856659,0.05085120014846325,0.04952000081539154,0.0044822260150428365,0.11935999989509583,0.12243200093507767,0.12010880038142205,0.11992000043392181,0.0008379113373145081,0.03235200047492981,0.03407999873161316,0.03330559991300106,0.03328000009059906,0.0004773900981587103,0.07097599655389786,0.07315199822187424,0.07226559892296791,0.07225599884986877,0.0006345453737402438,0.03062400035560131,0.03177599981427193,0.03121920023113489,0.03120000008493662,0.0003848524835003864,0.047775998711586,0.0490880012512207,0.04860800020396709,0.048688000068068504,0.00037700306910617244,0.35580798983573914,0.35971200466156006,0.3579967975616455,0.3590239882469177,0.0015799158854427793,0.014911999925971031,0.016287999227643013,0.015420799888670445,0.015343999955803156,0.0003354507873029158,7168,128,512,1536,128,64,128,976
0.020320000126957893,0.03094400092959404,0.021667199954390527,0.020639999769628048,0.003096087546565963,0.04867200180888176,0.06403200328350067,0.05063360035419464,0.049215998500585556,0.004472086531972765,0.11919999867677689,0.12179200351238251,0.11994240060448647,0.11961600184440613,0.0007636957309297781,0.03251200169324875,0.03388800099492073,0.03311999998986721,0.033055998384952545,0.0003446505432758159,0.07126399874687195,0.07276800274848938,0.07196800038218498,0.07203200086951256,0.0005065717818044426,0.030208000913262367,0.031488001346588135,0.030758400075137617,0.03073599934577942,0.00038739855979813407,0.04774399846792221,0.04879999905824661,0.04829119965434074,0.048287998884916306,0.00026014642160167946,0.35443198680877686,0.3568960130214691,0.35546559989452364,0.3554240018129349,0.000730563687122281,0.014944000169634819,0.016063999384641647,0.015379200037568808,0.015327999833971262,0.0003295221819772454,7168,128,512,1536,128,64,128,968
0.020320000126957893,0.030400000512599945,0.021660800091922283,0.020672000013291836,0.0029257680411866995,0.049056001007556915,0.06431999802589417,0.050995199382305144,0.04956799931824207,0.004453870725149141,0.11929599940776825,0.12265600264072418,0.11993920058012009,0.11964800208806992,0.0009380372799513072,0.03254399821162224,0.03411199897527695,0.03335999995470047,0.033440001308918,0.0004997023471056354,0.0689919963479042,0.07046400010585785,0.0697343997657299,0.06968000158667564,0.00042520328995723734,0.03110400028526783,0.03251200169324875,0.03154560029506683,0.031408000737428665,0.0003855437852965739,0.047807998955249786,0.04879999905824661,0.04829439967870712,0.048239998519420624,0.00028181768833990896,0.3544960021972656,0.3578239977359772,0.35576960146427156,0.3553600013256073,0.0011449353966254713,0.014944000169634819,0.01571200042963028,0.015276800002902746,0.015263999812304974,0.00021947429007446937,7168,128,512,1536,128,64,128,960
0.020479999482631683,0.03046399913728237,0.021753599867224693,0.0208320003002882,0.002914523509745629,0.049215998500585556,0.06409599632024765,0.05111679956316948,0.049775999039411545,0.004334722307810729,0.1189119964838028,0.12105599790811539,0.11962560042738915,0.11963200196623802,0.0005776073561867019,0.03286400064826012,0.03363199904561043,0.03321599997580051,0.03319999948143959,0.00026114775728149206,0.0689919963479042,0.07052800059318542,0.06961280032992363,0.06960000097751617,0.00040330295470943154,0.030912000685930252,0.03190400078892708,0.03130560014396906,0.031231999397277832,0.00030661616624883225,0.04745600000023842,0.04835199937224388,0.048000000044703485,0.04801600053906441,0.0002407455098223647,0.3543680012226105,0.3579840064048767,0.3559392005205154,0.3558560013771057,0.0011094770146373421,0.014560000039637089,0.015296000055968761,0.014988800045102835,0.01497599994763732,0.00021712883942941264,7168,128,512,1536,128,64,128,952
0.02035200037062168,0.036320000886917114,0.022166400216519833,0.020640000700950623,0.0047194100774303775,0.04915200173854828,0.06585600227117538,0.05115840025246143,0.04956800118088722,0.004906948965437375,0.11875200271606445,0.12188799679279327,0.11962880045175553,0.11947200074791908,0.0007934698117570022,0.03244800120592117,0.03407999873161316,0.033110400661826134,0.032944001257419586,0.0005128088134030513,0.06892800331115723,0.07049600034952164,0.06948800086975097,0.06934399902820587,0.0004666409167702328,0.030688000842928886,0.03161599859595299,0.03106240015476942,0.030991999432444572,0.00032256560747111077,0.047488000243902206,0.04851200059056282,0.04801600016653538,0.048048000782728195,0.0002968419163726275,0.3538239896297455,0.3575040102005005,0.3552543967962265,0.3551519960165024,0.0010261056933778118,0.014655999839305878,0.015200000256299973,0.014982400089502334,0.014992000069469213,0.0001803393002427247,7168,128,512,1536,128,64,128,944
0.019872000440955162,0.030688000842928886,0.0214112002402544,0.020480000413954258,0.003100681297909949,0.04896000027656555,0.06563200056552887,0.05102080032229424,0.049456000328063965,0.004877123435190778,0.11843200027942657,0.12185599654912949,0.11939200013875961,0.11927999928593636,0.0009376593237822233,0.03244800120592117,0.033695999532938004,0.03289919979870319,0.03283200040459633,0.000330220520238817,0.06860800087451935,0.06937599927186966,0.06906239911913872,0.06913599744439125,0.0002178808089163363,0.03030399978160858,0.031168000772595406,0.030768000148236753,0.030832000076770782,0.0003175104140690335,0.04742399975657463,0.04806400090456009,0.047811199352145194,0.04782399907708168,0.00016345114980986523,0.3529599905014038,0.35712000727653503,0.3542080014944077,0.3540640026330948,0.0012389414882047092,0.014527999795973301,0.015456000342965126,0.014931200072169304,0.014911999925971031,0.0002564796562610103,7168,128,512,1536,128,64,128,936
0.01990400068461895,0.03017600066959858,0.0211648004129529,0.020160000771284103,0.0030108651059263395,0.04899200052022934,0.06505600363016129,0.05095360055565834,0.04939199984073639,0.0047141136784326874,0.1178240031003952,0.12169600278139114,0.11893120035529137,0.11880000308156013,0.0010039235615832295,0.03209599852561951,0.033535998314619064,0.0328671995550394,0.03288000077009201,0.0004365274971768442,0.06880000233650208,0.0697920024394989,0.06921599954366683,0.06916799768805504,0.0002943306426540479,0.030208000913262367,0.031647998839616776,0.030617599934339525,0.030527999624609947,0.00043212998044077545,0.04726399853825569,0.04851200059056282,0.0477599997073412,0.04779199883341789,0.00039562486175858975,0.351936012506485,0.355103999376297,0.3532000005245209,0.3524959981441498,0.0011446196635404085,0.0144640002399683,0.015135999768972397,0.01472960002720356,0.014720000326633453,0.00018329607788529625,7168,128,512,1536,128,64,128,928
0.01958400011062622,0.03014400042593479,0.020854400284588338,0.0197759997099638,0.003101823608998506,0.048576001077890396,0.06467200070619583,0.05052799992263317,0.048976000398397446,0.004722814319450304,0.11823999881744385,0.12144000083208084,0.11899200081825256,0.1186400018632412,0.0009175972617358726,0.032287999987602234,0.03347200155258179,0.03280320055782795,0.03280000016093254,0.0003453779166188944,0.0684799998998642,0.07020799815654755,0.06914240047335625,0.06886400282382965,0.0005969597983598104,0.030112000182271004,0.031328000128269196,0.030518400110304357,0.03048000019043684,0.0003540448179140411,0.044863998889923096,0.045632001012563705,0.04529600031673908,0.045264000073075294,0.00022683943213892423,0.3514559864997864,0.35446399450302124,0.3527391940355301,0.3526559919118881,0.0009917381677306356,0.014175999909639359,0.014911999925971031,0.01468159994110465,0.014688000082969666,0.00020777830189614517,7168,128,512,1536,128,64,128,920
0.019392000511288643,0.030559999868273735,0.020694399997591973,0.019632000476121902,0.0032906846057745446,0.047807998955249786,0.06496000289916992,0.05039680041372776,0.04896000027656555,0.004878263075688976,0.11561600118875504,0.1204800009727478,0.11778559982776642,0.1178400032222271,0.001129450427975049,0.03161599859595299,0.033344000577926636,0.032608000189065935,0.03264000080525875,0.0005496182000149733,0.07075200229883194,0.07235199958086014,0.07145920023322105,0.07144000008702278,0.00046909126010031833,0.029343999922275543,0.03062400035560131,0.029974399879574776,0.029968000017106533,0.0003313354080492083,0.044319998472929,0.045343998819589615,0.0449951995164156,0.04508800059556961,0.0003094088131330273,0.3450239896774292,0.3543359935283661,0.35063999593257905,0.3511839956045151,0.003140580265500886,0.014112000353634357,0.014911999925971031,0.014521600026637316,0.014479999896138906,0.0002575154450382899,7168,128,512,1536,128,64,128,912
0.01865600049495697,0.029343999922275543,0.020233599841594695,0.01929599978029728,0.0030462941441433806,0.04790399968624115,0.06355199962854385,0.04968639984726906,0.048208000138401985,0.004624216933634016,0.11535999923944473,0.11846400052309036,0.11634879857301712,0.11611199751496315,0.0008385530125526178,0.03161599859595299,0.03328000009059906,0.032214400544762614,0.03200000151991844,0.0004491526369010486,0.07107199728488922,0.07238399982452393,0.07176639959216118,0.07174400240182877,0.0004105613505357885,0.029023999348282814,0.029759999364614487,0.029500799998641015,0.029519999399781227,0.0001818377836330339,0.04419200122356415,0.04495999962091446,0.04458560012280941,0.04460800066590309,0.00020392293934178918,0.34492799639701843,0.34694400429725647,0.3459039986133575,0.34619200229644775,0.000732688785228484,0.01398400031030178,0.014911999925971031,0.01448000008240342,0.014512000139802694,0.00026436324043734033,7168,128,512,1536,128,64,128,904
0.018719999119639397,0.029952000826597214,0.020143999718129635,0.0191040001809597,0.003275439165839839,0.047488000243902206,0.0650240033864975,0.04976000003516674,0.04798399843275547,0.005114558185766292,0.11433599889278412,0.11593600362539291,0.11508160084486008,0.11497600004076958,0.0005246543384810009,0.03145600110292435,0.03219199925661087,0.031871999800205233,0.03182400017976761,0.00020035107436101754,0.057760000228881836,0.0594559982419014,0.058777599781751635,0.05875200033187866,0.0004934229372833666,0.02921600081026554,0.0306560005992651,0.02987200040370226,0.029872000217437744,0.00045147224361968683,0.04390399903059006,0.044704001396894455,0.04440000019967556,0.04443199932575226,0.00025207030856891756,0.342272013425827,0.34646400809288025,0.34477120339870454,0.34487999975681305,0.0013236892847645898,0.014015999622642994,0.014944000169634819,0.014313600026071072,0.014272000174969435,0.0002615598212915638,7168,128,512,1536,128,64,128,896
0.01849599927663803,0.028192000463604927,0.01987519972026348,0.019071999937295914,0.0027893817329743198,0.047775998711586,0.06415999680757523,0.04960639961063862,0.04800000041723251,0.004853583715213971,0.11523199826478958,0.11814399808645248,0.11600640043616295,0.11574400216341019,0.0007879794145611344,0.03139200061559677,0.03248000144958496,0.032060800865292546,0.03214400075376034,0.00036413966817093414,0.05967999994754791,0.061055999249219894,0.06055999994277954,0.06068800017237663,0.0004135930731268269,0.02924799919128418,0.03014400042593479,0.029686399921774864,0.02971199993044138,0.00024830460700065577,0.043807998299598694,0.04451199993491173,0.04431039914488792,0.044415999203920364,0.0002433056525580974,0.3420479893684387,0.3447999954223633,0.3430976033210754,0.3426080048084259,0.0009542030115844886,0.013728000223636627,0.014751999638974667,0.01417279988527298,0.014208000153303146,0.0002769246652301993,7168,128,512,1536,128,64,128,888
0.018688000738620758,0.02844800055027008,0.01996800024062395,0.019039999693632126,0.0028348099941268913,0.047680001705884933,0.06387200206518173,0.04954560063779354,0.048048000782728195,0.004777506177595053,0.11468800157308578,0.11795199662446976,0.11564479991793633,0.11547200009226799,0.0008666553545887725,0.031488001346588135,0.032607998698949814,0.032105599716305736,0.032127998769283295,0.00027677623295690687,0.05990400165319443,0.06115199998021126,0.060553600266575816,0.06054399907588959,0.00037319422760949834,0.028863999992609024,0.029952000826597214,0.029366400092840195,0.02932799980044365,0.00032065546564349483,0.043455999344587326,0.044224001467227936,0.043942400440573695,0.04399999976158142,0.00023938088258903487,0.34009599685668945,0.3431040048599243,0.3422272026538849,0.34238401055336,0.0007929560560833895,0.013856000266969204,0.014592000283300877,0.014044800028204917,0.013999999966472387,0.00019223990635340186,7168,128,512,1536,128,64,128,880
0.018688000738620758,0.028575999662280083,0.020160000026226043,0.019311999902129173,0.002821666902920629,0.04758400097489357,0.06351999938488007,0.04950079992413521,0.047968000173568726,0.004677288848818385,0.11449600011110306,0.11683200299739838,0.11536320000886917,0.11526399850845337,0.0005954848903631242,0.031199999153614044,0.033504001796245575,0.03178559988737106,0.03163199871778488,0.0006122050996184586,0.059808000922203064,0.061344001442193985,0.06075199991464615,0.060944000259041786,0.0004751219842782879,0.02848000079393387,0.029888000339269638,0.02898240014910698,0.028880000114440918,0.00038746421240604513,0.043487999588251114,0.04419200122356415,0.04386880025267601,0.04387199878692627,0.00021959101181053692,0.3402880132198334,0.34272000193595886,0.3416927993297577,0.34167999029159546,0.0006683984561004559,0.013632000423967838,0.014560000039637089,0.014073599968105555,0.014047999866306782,0.00022753768646190052,7168,128,512,1536,128,64,128,872
0.018624000251293182,0.02844800055027008,0.020156800001859664,0.019328000023961067,0.002781367202971702,0.04774399846792221,0.06412799656391144,0.04970879964530468,0.04809600114822388,0.0048199086652152695,0.1143679991364479,0.1178240031003952,0.11521600037813187,0.1149279996752739,0.000918601323736166,0.0297279991209507,0.030848000198602676,0.03008639980107546,0.029999999329447746,0.00032784007921483573,0.060896001756191254,0.06207999959588051,0.06159680001437664,0.06159999966621399,0.000350673105753912,0.02816000021994114,0.029664000496268272,0.0286719998344779,0.02855999954044819,0.00047592971167342987,0.04335999861359596,0.044096000492572784,0.043750399351119997,0.04382399842143059,0.00026067766523841493,0.34067198634147644,0.3425920009613037,0.34148799777030947,0.34142400324344635,0.0005160393535505879,0.013567999936640263,0.014336000196635723,0.013910400029271842,0.013888000044971704,0.0002495384539316913,7168,128,512,1536,128,64,128,864
0.01852799952030182,0.029055999591946602,0.01995519995689392,0.019039999693632126,0.0030440124117890404,0.04694399982690811,0.06390400230884552,0.04928960055112839,0.04787199944257736,0.0048891366480062265,0.11340799927711487,0.11747200042009354,0.11477439925074577,0.11468800157308578,0.0010383050599965026,0.029152000322937965,0.03062400035560131,0.029939199984073638,0.029872000217437744,0.00044735932991457,0.06092799827456474,0.0626240000128746,0.06159359999001026,0.061504000797867775,0.000554404137766305,0.028031999245285988,0.029343999922275543,0.028473599813878536,0.028416000306606293,0.00035339368154987136,0.040863998234272,0.041760001331567764,0.04129279963672161,0.041279999539256096,0.0002768328826991431,0.33481600880622864,0.34220799803733826,0.3391871988773346,0.34039999544620514,0.0026428651792442764,0.013504000380635262,0.014175999909639359,0.01381439995020628,0.013791999779641628,0.0001936197072246298,7168,128,512,1536,128,64,128,856
0.01881599985063076,0.030112000182271004,0.020198400132358074,0.01905599981546402,0.0033151691426909925,0.04681599885225296,0.06371200084686279,0.04880639985203743,0.047168001532554626,0.0049747561748580355,0.11308799684047699,0.11612799763679504,0.11398719847202302,0.11390399932861328,0.0008108635619053307,0.029152000322937965,0.031136000528931618,0.029817600175738333,0.029728000052273273,0.000514155591719374,0.06108799949288368,0.06255999952554703,0.06159039959311485,0.06143999844789505,0.0003900980974420843,0.02768000029027462,0.028384000062942505,0.02807040009647608,0.02812799997627735,0.00022843618024477903,0.04022400081157684,0.04105599969625473,0.04068800024688244,0.040720000863075256,0.0002779579636199498,0.33347201347351074,0.33692800998687744,0.33533439934253695,0.33511999249458313,0.0010276730143830616,0.013504000380635262,0.01408000010997057,0.013795199990272521,0.013807999901473522,0.00021199837290109555,7168,128,512,1536,128,64,128,848
0.018592000007629395,0.028960000723600388,0.01995200030505657,0.018943999893963337,0.0030177969629800925,0.04639999940991402,0.06435199826955795,0.048748799785971644,0.04716799966990948,0.005212468459506038,0.11257600039243698,0.11568000167608261,0.11354239955544472,0.1133119985461235,0.0008164457509120021,0.029152000322937965,0.030592000111937523,0.029606400057673454,0.029488000087440014,0.0004287999568147503,0.06115199998021126,0.06284800171852112,0.061952000483870506,0.061904000118374825,0.0005085888983469389,0.027424000203609467,0.028095999732613564,0.027769599668681623,0.027807999402284622,0.00020329438992265425,0.03999999910593033,0.04092799872159958,0.040534399822354315,0.04062400013208389,0.00026544593177036947,0.33270400762557983,0.3347199857234955,0.3334432035684586,0.33315199613571167,0.0006522706130890588,0.013279999606311321,0.01408000010997057,0.013670400064438582,0.013632000423967838,0.0002188202414078756,7168,128,512,1536,128,64,128,840
0.018624000251293182,0.029152000322937965,0.019932799972593784,0.01896000001579523,0.003079472690917504,0.046720001846551895,0.06319999694824219,0.048739200085401536,0.04713600128889084,0.00483514392275886,0.12003199756145477,0.12291199713945389,0.12145279869437217,0.12142400071024895,0.0007784889251918778,0.02828799933195114,0.029632000252604485,0.028947200067341326,0.029039999470114708,0.0005134381962848838,0.06070400029420853,0.06201599910855293,0.061318399757146834,0.0613120011985302,0.000353393489274373,0.02723200060427189,0.02848000079393387,0.02759360019117594,0.027471999637782574,0.00038720010202565537,0.040031999349594116,0.04064000025391579,0.04034239947795868,0.04041599854826927,0.00018661773519984272,0.33241599798202515,0.33452799916267395,0.33368000090122224,0.33368000388145447,0.0005487322994503172,0.013279999606311321,0.014047999866306782,0.013587199989706278,0.013567999936640263,0.00018225960282489804,7168,128,512,1536,128,64,128,832
0.018464000895619392,0.028511999174952507,0.019750399887561797,0.01881599985063076,0.0029266197593301696,0.046879999339580536,0.06304000318050385,0.04877760037779808,0.04724800027906895,0.0047577251549164356,0.11311999708414078,0.11532799899578094,0.11371839940547943,0.11363200098276138,0.0006275677668515561,0.028351999819278717,0.030751999467611313,0.02932159975171089,0.029199999757111073,0.0007276113603011758,0.0615679994225502,0.06323199719190598,0.06244479939341545,0.06231999956071377,0.0005100357282818893,0.02703999914228916,0.028384000062942505,0.02748160008341074,0.02744000032544136,0.00035194189187154025,0.03993599861860275,0.040991999208927155,0.040566399693489075,0.04064000025391579,0.00032729323957307827,0.3336000144481659,0.3364480137825012,0.33528320491313934,0.33553600311279297,0.0008826666899254796,0.013248000293970108,0.01375999953597784,0.013491200003772973,0.013472000136971474,0.00015754912105801774,7168,128,512,1536,128,64,128,824
0.01833599992096424,0.028543999418616295,0.01973439995199442,0.018848000094294548,0.0029463658438781395,0.046911999583244324,0.06319999694824219,0.04893440008163452,0.04745600000023842,0.004761697904464491,0.11273600161075592,0.11497599631547928,0.11349119916558266,0.11348799988627434,0.0005721108233897998,0.028384000062942505,0.030432000756263733,0.029606400057673454,0.02956799976527691,0.0006781888974457271,0.06140799820423126,0.06249599903821945,0.06172799915075302,0.0615679994225502,0.00032507981092693886,0.026976000517606735,0.027583999559283257,0.027276799827814103,0.027247999794781208,0.0001963244663657344,0.03993599861860275,0.04064000025391579,0.04028799943625927,0.040351999923586845,0.00024412480582378324,0.3341439962387085,0.33686399459838867,0.33552639484405516,0.335439994931221,0.0008617222798077339,0.013024000450968742,0.01398400031030178,0.013436800055205821,0.01336000021547079,0.0002663700296432053,7168,128,512,1536,128,64,128,816
0.018592000007629395,0.028416000306606293,0.01976320017129183,0.018848000094294548,0.0028888823457238577,0.04694399982690811,0.06307200342416763,0.04894080050289631,0.04745600000023842,0.004715724040219198,0.11334399878978729,0.11587200313806534,0.11398720070719719,0.11387200281023979,0.0006828015289165739,0.02755199931561947,0.030688000842928886,0.02935359999537468,0.02947199996560812,0.0008833451439257039,0.06111999973654747,0.06195199862122536,0.06164480000734329,0.061744000762701035,0.0002775713180518852,0.02659199945628643,0.027744000777602196,0.027078399993479253,0.027087999507784843,0.00031574798833978383,0.040383998304605484,0.040991999208927155,0.04063999950885773,0.040591999888420105,0.00019039353731219535,0.3359679877758026,0.33846399188041687,0.33693439364433286,0.3368319869041443,0.0007369459277510051,0.012959999963641167,0.01360000018030405,0.013395200110971927,0.013472000136971474,0.0002024870431948847,7168,128,512,1536,128,64,128,808
0.018464000895619392,0.028351999819278717,0.019859200157225133,0.018880000337958336,0.002844337308937459,0.047168001532554626,0.06403200328350067,0.04968320019543171,0.04848000034689903,0.004815191915716719,0.11318399757146835,0.11657600104808807,0.11398720070719719,0.113840002566576,0.0009000426311230144,0.03033600002527237,0.0315839983522892,0.031004799902439116,0.031055999919772148,0.00039046541518648897,0.06128000095486641,0.061983998864889145,0.061577600240707395,0.06148799881339073,0.00023863074948300597,0.026464000344276428,0.02812799997627735,0.027104000002145766,0.026928000152111053,0.0005089909010152526,0.040352001786231995,0.04102399945259094,0.04064000025391579,0.04062400013208389,0.00019306389346863468,0.3359679877758026,0.33849599957466125,0.33737280070781706,0.3376000076532364,0.0007631161449590001,0.012927999719977379,0.013439999893307686,0.013270399905741215,0.013327999971807003,0.00015548841046700082,7168,128,512,1536,128,64,128,800
0.01852799952030182,0.0297279991209507,0.0199711998924613,0.018831999972462654,0.003262130970670651,0.047520000487565994,0.0639680027961731,0.049459200352430344,0.04785599932074547,0.004839607025671741,0.11379200220108032,0.11654400080442429,0.11486080065369605,0.11480000242590904,0.0006589510432136993,0.029791999608278275,0.0318400003015995,0.030883200094103815,0.03096000012010336,0.0006146086061015739,0.06384000182151794,0.06473600119352341,0.06429440006613732,0.0642399974167347,0.0002994348064014695,0.026240000501275063,0.027712000533938408,0.026672000251710414,0.02659199945628643,0.0004155691670169643,0.0382080003619194,0.0390079990029335,0.03868800029158592,0.038704000413417816,0.00024031943427024857,0.33977600932121277,0.3424319922924042,0.34091199934482574,0.3407839983701706,0.0009984046233411706,0.01283199992030859,0.013567999936640263,0.013206400070339441,0.01321600005030632,0.00018217535082237793,7168,128,512,1536,128,64,128,792
0.018271999433636665,0.02864000014960766,0.019702399708330633,0.018703999929130077,0.002989322575265765,0.04739199951291084,0.06358399987220764,0.04941440038383007,0.047968000173568726,0.004728400224824984,0.1141119971871376,0.11635199934244156,0.11463679969310761,0.11446399986743927,0.0006092118682137215,0.0289280004799366,0.031936001032590866,0.030752000398933887,0.03076800052076578,0.0007426483031838683,0.06070400029420853,0.06220800057053566,0.0614144004881382,0.061343999579548836,0.000434729171240151,0.026079999282956123,0.027103999629616737,0.02656960003077984,0.02652799990028143,0.00027380102102849037,0.038047999143600464,0.038975998759269714,0.038518399745225904,0.03862399980425835,0.00029014327563031407,0.3394240140914917,0.3426879942417145,0.3410496026277542,0.34084799885749817,0.0010148365437569666,0.012896000407636166,0.013632000423967838,0.013235200010240079,0.013263999950140715,0.0001915728577193887,7168,128,512,1536,128,64,128,784
0.017952000722289085,0.03292800113558769,0.02008960023522377,0.01873599924147129,0.0042871834968803,0.04809600114822388,0.06435199826955795,0.050719999521970746,0.04947199858725071,0.004597008770721385,0.11379200220108032,0.11654400080442429,0.11464319974184037,0.11443199962377548,0.0007274919275360379,0.03046399913728237,0.03232000023126602,0.03143999967724085,0.03147199936211109,0.0005616432233539948,0.061055999249219894,0.061824001371860504,0.06139199994504452,0.061375999823212624,0.0002454842541466404,0.026016000658273697,0.027295999228954315,0.026380800269544126,0.026352000422775745,0.0003609620589643987,0.0382080003619194,0.03916800022125244,0.03865600042045116,0.03860799968242645,0.0003099211785023659,0.34038400650024414,0.3426879942417145,0.34131520092487333,0.3412320017814636,0.0006800942902461914,0.012671999633312225,0.013472000136971474,0.013072000071406364,0.013040000107139349,0.00023742627473018316,7168,128,512,1536,128,64,128,776
0.01836800016462803,0.02816000021994114,0.019680000096559524,0.018799999728798866,0.002833798347169641,0.04758400097489357,0.06374400109052658,0.04970560036599636,0.04814400151371956,0.004687973995240277,0.09302400052547455,0.09513600170612335,0.09408640041947365,0.09412800148129463,0.0005053166002950822,0.02470399998128414,0.027264000847935677,0.02571200020611286,0.025472000241279602,0.0007778369926926455,0.052928000688552856,0.053727999329566956,0.05334400050342083,0.053408000618219376,0.00027415576895246783,0.025919999927282333,0.027008000761270523,0.026323200203478336,0.0261439997702837,0.00036378810403323155,0.03824000060558319,0.0390079990029335,0.038764800131320956,0.03884800150990486,0.0002592586424998742,0.3410240113735199,0.34275200963020325,0.34189440310001373,0.3421280086040497,0.0005646541003906596,0.012608000077307224,0.013311999849975109,0.013039999920874835,0.013119999784976244,0.0002365618974956876,7168,128,512,1536,128,64,128,768
0.01833599992096424,0.028736000880599022,0.0198080001398921,0.018864000216126442,0.0029866135805670397,0.047807998955249786,0.06406400352716446,0.04956160038709641,0.04798400029540062,0.004835089875107833,0.11001600325107574,0.11190400272607803,0.11105599999427795,0.11134399846196175,0.0006830713251349174,0.02396799996495247,0.02723200060427189,0.026393600180745123,0.026944000273942947,0.0010072427687973632,0.05286400020122528,0.05471999943256378,0.05350399985909462,0.05323199927806854,0.0005538864795341156,0.025631999596953392,0.027327999472618103,0.026211199909448625,0.026127999648451805,0.00042990893473843477,0.03836800158023834,0.039103999733924866,0.038761600852012634,0.03880000114440918,0.00023991424235124086,0.3404160141944885,0.3428800106048584,0.34153920114040376,0.34140799939632416,0.0006713074035407266,0.012512000277638435,0.013344000093638897,0.01294399993494153,0.012927999719977379,0.00022457063990272003,7168,128,512,1536,128,64,128,760
0.017920000478625298,0.032575998455286026,0.019785599783062935,0.01836800016462803,0.004269980798230623,0.047648001462221146,0.06431999802589417,0.049590399488806725,0.047887999564409256,0.00491605878478894,0.10972800105810165,0.11155200004577637,0.1107007995247841,0.11068800091743469,0.0005697798927382466,0.02675200067460537,0.02739199995994568,0.02702719997614622,0.02707199938595295,0.00021900686815078344,0.05801599845290184,0.05999999865889549,0.05906559973955154,0.05899200029671192,0.0005810970770706995,0.02457600086927414,0.02566399984061718,0.024995199777185916,0.024879999458789825,0.00032046352450494886,0.03811199963092804,0.038975998759269714,0.03856639936566353,0.038495998829603195,0.0002672717854636593,0.3404799997806549,0.343392014503479,0.3418047994375229,0.3417759984731674,0.0006694390486651817,0.012384000234305859,0.013088000006973743,0.012742399983108044,0.012703999876976013,0.00021928765885658033,7168,128,512,1536,128,64,128,752
0.018079999834299088,0.0289280004799366,0.01943999994546175,0.018415999598801136,0.0031683314829150603,0.047488000243902206,0.06384000182151794,0.04942080043256283,0.04790399968624115,0.004810787277898252,0.10921599715948105,0.11180800199508667,0.11050560101866722,0.11064000055193901,0.0006875246783095594,0.026784000918269157,0.028672000393271446,0.027721600048243998,0.02798399981111288,0.0006188586296948231,0.057920001447200775,0.059328000992536545,0.05867839977145195,0.05870399996638298,0.0004475538758483406,0.024288000538945198,0.025760000571608543,0.024822400137782096,0.024639999493956566,0.00043266318010721453,0.037856001406908035,0.038816001266241074,0.038447999954223634,0.038495998829603195,0.00023612840557885108,0.33958399295806885,0.3429439961910248,0.34143680036067964,0.34142400324344635,0.0008731320357897692,0.012384000234305859,0.013055999763309956,0.01271999990567565,0.012735999654978514,0.0001931963020234494,7168,128,512,1536,128,64,128,744
0.018015999346971512,0.027807999402284622,0.019334399700164796,0.01848000008612871,0.0028295961813415275,0.04755200073122978,0.06326399743556976,0.049327999353408813,0.04779199883341789,0.004649837186240479,0.10963200032711029,0.11222399771213531,0.11046719923615456,0.11015999689698219,0.0008475402318842186,0.02502400055527687,0.029055999591946602,0.027369600161910056,0.027135999873280525,0.0011179911398714224,0.05772799998521805,0.058687999844551086,0.05817280001938343,0.058159999549388885,0.00027245154392446954,0.02412799932062626,0.025439999997615814,0.024611200019717217,0.02449600026011467,0.00039825544364942994,0.03776000067591667,0.03862399980425835,0.03825599998235703,0.03832000121474266,0.0002909181379806453,0.33926400542259216,0.34092798829078674,0.3400479942560196,0.34004800021648407,0.0005964791494659272,0.012319999746978283,0.013151999562978745,0.012675199843943118,0.01259199995547533,0.00023228117878163428,7168,128,512,1536,128,64,128,736
0.017376000061631203,0.029120000079274178,0.019129600189626218,0.018080000765621662,0.003343679958840108,0.04713600128889084,0.06425599753856659,0.04920319952070713,0.04755200073122978,0.005021271444576963,0.10892800241708755,0.11168000102043152,0.1102623999118805,0.11033599823713303,0.0009585102560873253,0.026815999299287796,0.028896000236272812,0.027420799992978574,0.027216000482439995,0.000626489596060048,0.057792000472545624,0.05984000116586685,0.05854080021381378,0.058400001376867294,0.0005685206155466849,0.02393599972128868,0.02595200017094612,0.02446720004081726,0.024335999973118305,0.0005402601613959947,0.03779200091958046,0.03852799907326698,0.03825279995799065,0.03827200084924698,0.00022861516325165513,0.33846399188041687,0.3407680094242096,0.33970560133457184,0.33959999680519104,0.0007508502600049855,0.012223999947309494,0.012768000364303589,0.0125343999825418,0.012559999711811543,0.00015745181744202688,7168,128,512,1536,128,64,128,728
0.01772800087928772,0.027712000533938408,0.019113600254058838,0.01819199975579977,0.0028854367085906427,0.04755200073122978,0.06361600011587143,0.049369600415229795,0.047775998711586,0.0047513436860746605,0.10963200032711029,0.11110399663448334,0.11031999960541725,0.11038399860262871,0.00045305656851193617,0.02691200003027916,0.030271999537944794,0.02823680005967617,0.02854400034993887,0.001105107854060896,0.058111999183893204,0.0594559982419014,0.058774400129914285,0.058768000453710556,0.0004295752676554637,0.02364799939095974,0.024992000311613083,0.024111999943852425,0.024064000695943832,0.0003546807973917948,0.035551998764276505,0.036288000643253326,0.0358399998396635,0.03585600107908249,0.0002146628275886353,0.3386240005493164,0.3417600095272064,0.3400704026222229,0.34006400406360626,0.0009204451950193094,0.012128000147640705,0.01283199992030859,0.01247999994084239,0.012463999912142754,0.00019253254372905254,7168,128,512,1536,128,64,128,720
0.01775999926030636,0.027712000533938408,0.019113600067794324,0.018223999999463558,0.002875162314028417,0.04668800160288811,0.06361600011587143,0.04907840043306351,0.04758400097489357,0.00485991500882782,0.10777600109577179,0.11100800335407257,0.10984000116586685,0.11003199964761734,0.0009386693388721486,0.026464000344276428,0.02924799919128418,0.02773119993507862,0.027648000046610832,0.0009577785725585747,0.05766399949789047,0.05987200140953064,0.05849919989705086,0.05838399939239025,0.0006119370363659636,0.02332800067961216,0.02396799996495247,0.023705600015819072,0.023760000243782997,0.00022798701780154686,0.0350399985909462,0.0360959991812706,0.0357184000313282,0.035760000348091125,0.0003011403885035049,0.33375999331474304,0.3413439989089966,0.3380608022212982,0.3389759957790375,0.002217175355328102,0.01228800043463707,0.012799999676644802,0.012499199993908406,0.012496000155806541,0.0001594869761573574,7168,128,512,1536,128,64,128,712
0.017696000635623932,0.028543999418616295,0.019056000187993048,0.0179840000346303,0.003176046081694191,0.04665600135922432,0.06364800035953522,0.048768001049757,0.047168001532554626,0.004970723637442367,0.10630399733781815,0.10806400328874588,0.10709439963102341,0.10718400031328201,0.0004918126146994456,0.026367999613285065,0.027135999873280525,0.02681919988244772,0.026863999664783478,0.0002255717536796273,0.05289600044488907,0.0544000007212162,0.053772800415754315,0.05377599969506264,0.00039741881479242724,0.024000000208616257,0.02518399991095066,0.024387199990451337,0.024335999973118305,0.00033999906545252584,0.03488000109791756,0.035679999738931656,0.03538560047745705,0.03542400151491165,0.00025066367116092093,0.33315199613571167,0.3362239897251129,0.33408639430999754,0.33372798562049866,0.0009201089421527777,0.012191999703645706,0.012671999633312225,0.012431999947875739,0.01244799979031086,0.00014541515525735648,7168,128,512,1536,128,64,128,704
0.01744000054895878,0.027904000133275986,0.019056000187993048,0.018192000687122345,0.0029699120446071313,0.04665600135922432,0.0615679994225502,0.04845760017633438,0.04702400043606758,0.0043734070932197186,0.10739199817180634,0.10998400300741196,0.10856000036001205,0.10864000022411346,0.0007765203679842483,0.024512000381946564,0.027295999228954315,0.026361599937081336,0.02643200010061264,0.0007654355078429339,0.05430399999022484,0.055904000997543335,0.05498559959232807,0.054975999519228935,0.0004317159464330312,0.02364799939095974,0.024927999824285507,0.024294399842619895,0.024240000173449516,0.00035426175893451254,0.03478400036692619,0.035999998450279236,0.0353728000074625,0.035392001271247864,0.0003049916987137971,0.2662079930305481,0.26895999908447266,0.2676191985607147,0.2675839960575104,0.0007786546021617171,0.01228800043463707,0.013024000450968742,0.01257920004427433,0.012559999711811543,0.00021296239554347796,7168,128,512,1536,128,64,128,696
0.017503999173641205,0.02723200060427189,0.01882879976183176,0.017935999669134617,0.002810365560689298,0.04652800038456917,0.06185600161552429,0.048284800723195076,0.046752000227570534,0.004526828694280044,0.10726399719715118,0.11059200018644333,0.10861119851469994,0.1085279993712902,0.0008836235610003109,0.024224000051617622,0.027583999559283257,0.026857600174844266,0.027087999507784843,0.0008955484753811737,0.05696000158786774,0.058848001062870026,0.05778239965438843,0.05774400010704994,0.0006096904352735143,0.0226879995316267,0.02409599907696247,0.023315199837088584,0.02319999970495701,0.00047078075441939513,0.034752000123262405,0.03545600175857544,0.03512640036642552,0.03516799956560135,0.000255620120333123,0.26678401231765747,0.26998400688171387,0.2683424025774002,0.2683040052652359,0.0007661362722192445,0.01206399966031313,0.012736000120639801,0.012399999983608722,0.01241600001230836,0.00019790908620636135,7168,128,512,1536,128,64,128,688
0.01759999990463257,0.027871999889612198,0.018985599838197233,0.01814399939030409,0.002976861822572226,0.0461760014295578,0.0623680017888546,0.04813760034739971,0.04662400111556053,0.004749280245391839,0.10678400099277496,0.10995200276374817,0.10808000043034553,0.10793600231409073,0.0008975126168665102,0.026208000257611275,0.02831999957561493,0.027276800014078617,0.027312000282108784,0.0006881410858530438,0.05651199817657471,0.05849599838256836,0.05767359994351864,0.05769599974155426,0.0005830768953090667,0.022752000018954277,0.023391999304294586,0.022960000112652777,0.02295999974012375,0.00018507495106062616,0.034623999148607254,0.0352960005402565,0.03495999947190285,0.0350399985909462,0.0002014983240422797,0.26662400364875793,0.2682879865169525,0.26758719980716705,0.26759999990463257,0.00043792942643169604,0.01190400030463934,0.01283199992030859,0.01239680014550686,0.012336000334471464,0.0002670416796594152,7168,128,512,1536,128,64,128,680
0.01724799908697605,0.02796800062060356,0.018838399834930897,0.01771199982613325,0.0030706016117356123,0.0498879998922348,0.06700800359249115,0.05211200043559074,0.0504320003092289,0.004983835384443772,0.10655999928712845,0.10921599715948105,0.10740159973502159,0.10732799768447876,0.0006981639893944826,0.02812799997627735,0.02937600016593933,0.028815999813377857,0.02900799922645092,0.00036855589176558104,0.056095998734235764,0.05846399813890457,0.057411199808120726,0.05734400078654289,0.0008179052807689341,0.02236800082027912,0.02377600036561489,0.022988800145685672,0.02292799949645996,0.00037841244115440674,0.03465599939227104,0.035840000957250595,0.03518720008432865,0.035232000052928925,0.0003083317192216319,0.26582399010658264,0.26822400093078613,0.2669344037771225,0.26712000370025635,0.0008211011750849465,0.012128000147640705,0.012736000120639801,0.012342399917542934,0.012335999868810177,0.00017353924478435777,7168,128,512,1536,128,64,128,672
0.017376000061631203,0.028063999488949776,0.018745600059628487,0.01764800027012825,0.003120083523385789,0.04947200044989586,0.06566400080919266,0.05207359977066517,0.05075199902057648,0.0045649110544406435,0.10630399733781815,0.107744000852108,0.10712959915399552,0.10734399780631065,0.0005113601269604602,0.028351999819278717,0.029311999678611755,0.02874240018427372,0.02868800051510334,0.0002953028864325517,0.05596800148487091,0.058880001306533813,0.05771520063281059,0.05772799998521805,0.0009139009583615403,0.022143999114632607,0.024288000538945198,0.022841599956154823,0.02260800078511238,0.0006163306151190764,0.034623999148607254,0.03551999852061272,0.03515199981629848,0.035232000052928925,0.00026859064212458346,0.2659839987754822,0.2672959864139557,0.26661439836025236,0.26654399931430817,0.00046769150210110516,0.012000000104308128,0.012543999589979649,0.01230399999767542,0.012335999868810177,0.00015758167652231482,7168,128,512,1536,128,64,128,664
0.017311999574303627,0.028543999418616295,0.018847999908030034,0.01793600060045719,0.003242754225774881,0.050592001527547836,0.0660799965262413,0.05269119963049888,0.05113600008189678,0.004489000181695444,0.10572800040245056,0.10806400328874588,0.10685120075941086,0.10691200196743011,0.0006597670401475377,0.028704000636935234,0.030400000512599945,0.029059200175106527,0.028831999748945236,0.0004964540765617851,0.05648000165820122,0.05820799991488457,0.05734080001711846,0.05742399953305721,0.0005899550267565812,0.022048000246286392,0.023264000192284584,0.0225856002420187,0.02247999981045723,0.00040724305095009956,0.03187200054526329,0.03308799862861633,0.03258240036666393,0.03260800056159496,0.00032908662350001987,0.2648000121116638,0.26736000180244446,0.26594560146331786,0.26576000452041626,0.0007568232190192246,0.012000000104308128,0.01244799979031086,0.012224000040441751,0.012256000190973282,0.0001459423812960549,7168,128,512,1536,128,64,128,656
0.01711999997496605,0.026976000517606735,0.01850880030542612,0.017456000670790672,0.00284433746903781,0.05040000006556511,0.0655680000782013,0.0520320001989603,0.05057600140571594,0.004513134562377474,0.10512000322341919,0.10784000158309937,0.10613120049238205,0.10592000186443329,0.0006893303964075514,0.02723200060427189,0.029343999922275543,0.028115199878811836,0.028032000176608562,0.0005690603001480913,0.05596800148487091,0.057792000472545624,0.05715840011835098,0.05721599981188774,0.0005766749535357573,0.021663999184966087,0.022495999932289124,0.02214720007032156,0.022192000411450863,0.00025618003774056675,0.031968001276254654,0.03267199918627739,0.03227200023829937,0.032287999987602234,0.000195828130863294,0.2630079984664917,0.2650879919528961,0.26425600051879883,0.2643679976463318,0.0005800751959198534,0.011807999573647976,0.012671999633312225,0.01207999987527728,0.012048000004142523,0.00024920997771500576,7168,128,512,1536,128,64,128,648
0.01744000054895878,0.033344000577926636,0.019369599968194963,0.01780799962580204,0.004668207986799454,0.03759999945759773,0.05478399991989136,0.039792000129818914,0.03806399926543236,0.005018682514449193,0.08169600367546082,0.08316799998283386,0.08222400024533272,0.08214399963617325,0.0004076080675819341,0.02675200067460537,0.03094400092959404,0.030188800022006034,0.030559999868273735,0.0011721088284982872,0.04543999955058098,0.046879999339580536,0.04597439989447594,0.0459199994802475,0.00048468122403892596,0.022304000332951546,0.023423999547958374,0.022678400203585625,0.0226239999756217,0.00032319969838820223,0.031808000057935715,0.03251200169324875,0.03229120075702667,0.0323840007185936,0.0002300668712889614,0.2893120050430298,0.30000001192092896,0.29529600143432616,0.2958559989929199,0.004101726766165898,0.011872000060975552,0.012512000277638435,0.012211199942976236,0.012223999947309494,0.00020096415925514033,7168,128,512,1536,128,64,128,640
0.017376000061631203,0.028031999245285988,0.018755199760198592,0.01756799966096878,0.0031122840556191645,0.037408001720905304,0.05395200103521347,0.039792000129818914,0.03830399923026562,0.004739074962053679,0.08182399719953537,0.08377599716186523,0.08254399970173835,0.08259200304746628,0.0005178167551249109,0.02707199938595295,0.031039999797940254,0.030159999802708625,0.030511999502778053,0.0010636571958668579,0.04569600149989128,0.04707200080156326,0.046332800015807155,0.046351999044418335,0.0004379323471943504,0.022143999114632607,0.023584000766277313,0.022732799872756004,0.0226879995316267,0.00037186184269985393,0.03203200176358223,0.03292800113558769,0.03256000019609928,0.032575998455286026,0.000247973844999115,0.2897599935531616,0.3057920038700104,0.2986816018819809,0.298895999789238,0.003845299851432263,0.011935999616980553,0.012512000277638435,0.012339199986308813,0.01235199999064207,0.0001632942826850318,7168,128,512,1536,128,64,128,632
0.017055999487638474,0.027135999873280525,0.01868479996919632,0.017791999503970146,0.002832947163703893,0.038336001336574554,0.05452800169587135,0.040806399658322334,0.03932799957692623,0.004617741400069534,0.08166400343179703,0.08383999764919281,0.08238719925284385,0.08215999975800514,0.0006429047675590363,0.02768000029027462,0.030912000685930252,0.030131199955940248,0.03057599999010563,0.0009561737091748282,0.04543999955058098,0.047231998294591904,0.046127999946475026,0.04609600082039833,0.0005281936037116731,0.022016000002622604,0.02287999913096428,0.022435199841856955,0.022431999444961548,0.00023837303757435696,0.03209599852561951,0.03267199918627739,0.03240960016846657,0.03243200108408928,0.00016738196839419649,0.29289600253105164,0.3007679879665375,0.2968383997678757,0.2964960038661957,0.0030969869955006584,0.011776000261306763,0.012480000033974648,0.012131200172007084,0.012144000269472599,0.00018628843726219615,7168,128,512,1536,128,64,128,624
0.01727999933063984,0.02751999907195568,0.01876159980893135,0.017760000191628933,0.002933792504153048,0.03872000053524971,0.05558399856090546,0.04105600006878376,0.03948800079524517,0.004869175679135565,0.08207999914884567,0.08352000266313553,0.08279360085725784,0.08272000029683113,0.0004541410530042033,0.027008000761270523,0.03129599988460541,0.02939840015023947,0.030063999816775322,0.0013897027431508944,0.04572800174355507,0.047200001776218414,0.04637760035693646,0.04641599953174591,0.0003924539030589315,0.021695999428629875,0.02236800082027912,0.02205439992249012,0.0220959996804595,0.000215994239560465,0.03222399950027466,0.03311999887228012,0.03252799995243549,0.032368000596761703,0.0003056795780009456,0.2898559868335724,0.31174400448799133,0.301827198266983,0.30193598568439484,0.006269546021299003,0.011807999573647976,0.012736000120639801,0.012153599970042705,0.012112000025808811,0.0002718306121198774,7168,128,512,1536,128,64,128,616
0.017632000148296356,0.027488000690937042,0.01892160028219223,0.018063999712467194,0.002860880668023942,0.03097599931061268,0.046879999339580536,0.03331199958920479,0.031727999448776245,0.004566457122642587,0.08182399719953537,0.08444800227880478,0.08288959860801696,0.08278399705886841,0.0006234758302737537,0.02691200003027916,0.030527999624609947,0.027888000011444092,0.02729600016027689,0.0013102232192339187,0.04646399989724159,0.04787199944257736,0.047459200397133826,0.04758400097489357,0.00040005131967841607,0.021376000717282295,0.022975999861955643,0.02196480017155409,0.02190400008112192,0.0004525934277049877,0.032416000962257385,0.0331839993596077,0.03274560011923313,0.03275199979543686,0.00020986219437381466,0.2889600098133087,0.30348798632621765,0.299548801779747,0.3020800054073334,0.0048236314343107056,0.011872000060975552,0.012415999546647072,0.012060799915343524,0.011983999982476234,0.0001671674377614309,7168,128,512,1536,128,64,128,608
0.01775999926030636,0.027904000133275986,0.019046399928629398,0.018112000077962875,0.002959880738555523,0.031039999797940254,0.04755200073122978,0.033203200064599515,0.031647998839616776,0.004789753562806872,0.0828159973025322,0.08435200154781342,0.08331200033426285,0.08324800059199333,0.0004101134131870368,0.026847999542951584,0.030527999624609947,0.028323199972510336,0.02768000029027462,0.001499393840646459,0.0469760000705719,0.048448000103235245,0.04775680005550385,0.04766400158405304,0.00041382765229183054,0.021407999098300934,0.022624000906944275,0.021753600239753722,0.02163200080394745,0.00032596072858252475,0.03222399950027466,0.03292800113558769,0.03267199955880642,0.03267199918627739,0.00018823019360305273,0.29305601119995117,0.3033919930458069,0.29935679733753207,0.30139198899269104,0.00403827259943422,0.01152000017464161,0.012256000190973282,0.01193600008264184,0.01190400030463934,0.00021750575064863082,7168,128,512,1536,128,64,128,600
0.01708799973130226,0.027615999802947044,0.018783999979496,0.01788800023496151,0.0029629303952704105,0.029888000339269638,0.045791998505592346,0.0317503996193409,0.0302559994161129,0.004682525849331631,0.08249600231647491,0.08515200018882751,0.08297920003533363,0.08273599669337273,0.0007398089697763181,0.026815999299287796,0.031007999554276466,0.028319999948143958,0.02774399984627962,0.0015105901030868696,0.04755200073122978,0.04896000027656555,0.048031999915838244,0.047839999198913574,0.00046039944806692754,0.02099199965596199,0.021824000403285027,0.021487999893724918,0.021503999829292297,0.0002584879996915253,0.029888000339269638,0.030688000842928886,0.030329599976539612,0.03038400039076805,0.00023199450214012553,0.29177600145339966,0.3160960078239441,0.3018815964460373,0.3023359924554825,0.00814666436204696,0.011615999974310398,0.01244799979031086,0.011884799972176553,0.011760000139474869,0.0002556797627516197,7168,128,512,1536,128,64,128,592
0.01696000061929226,0.02739199995994568,0.018492800183594227,0.017760000191628933,0.002991869823701163,0.029184000566601753,0.04527999833226204,0.03146560005843639,0.030047999694943428,0.004615305852281385,0.08105599880218506,0.08243200182914734,0.08163520097732543,0.08164800330996513,0.0004043796716276787,0.02659199945628643,0.031072000041604042,0.028745600208640098,0.028096000663936138,0.0015912754318394816,0.047680001705884933,0.04934399947524071,0.04843520037829876,0.048367999494075775,0.0005138364978943705,0.020767999812960625,0.02195199951529503,0.021164800226688384,0.02112000063061714,0.0003053274651837851,0.02937600016593933,0.030047999694943428,0.029759999923408033,0.02971199993044138,0.0002156142880432547,0.29151999950408936,0.30105599761009216,0.2968831956386566,0.2975679934024811,0.0035423330847132095,0.01152000017464161,0.012000000104308128,0.011776000075042248,0.01179199991747737,0.0001541323081038452,7168,128,512,1536,128,64,128,584
0.016767999157309532,0.02739199995994568,0.0185759998857975,0.01775999926030636,0.0029623169742589318,0.03017600066959858,0.04620800167322159,0.03279360011219978,0.031487999483942986,0.004524053576235245,0.0769599974155426,0.07878399640321732,0.07774399891495705,0.07759999856352806,0.0006070306762814723,0.026559999212622643,0.027295999228954315,0.026998399756848812,0.027055999264121056,0.00023298525891341011,0.04307200014591217,0.04419200122356415,0.04355200044810772,0.0435199998319149,0.0002946785933376103,0.020416000857949257,0.02179200015962124,0.020937599800527097,0.020879999734461308,0.0003999487586855862,0.029343999922275543,0.029952000826597214,0.029651200212538243,0.02964800037443638,0.00017999838745912233,0.3152639865875244,0.3242560029029846,0.32147200107574464,0.3224960118532181,0.0029035156038948297,0.01119999960064888,0.011839999817311764,0.011574399936944247,0.011647999752312899,0.00021083605675501635,7168,128,512,1536,128,64,128,576
0.017055999487638474,0.02816000021994114,0.018761599995195867,0.01788800023496151,0.0031556300692687222,0.029503999277949333,0.04569600149989128,0.03146560005843639,0.02985600009560585,0.004752621063694155,0.07708799839019775,0.07939200103282928,0.07785600051283836,0.0777600035071373,0.0005907447139672284,0.026655999943614006,0.02723200060427189,0.026979200169444086,0.02699200063943863,0.0001677791565416717,0.0432640016078949,0.04495999962091446,0.04373119994997978,0.043616000562906265,0.0004650910428858578,0.020320000126957893,0.02179200015962124,0.0207999998703599,0.020655999891459942,0.0004468559627296702,0.02940800040960312,0.029952000826597214,0.029712000116705894,0.02977599948644638,0.00019582837435994557,0.3108159899711609,0.343423992395401,0.3231295943260193,0.32308799028396606,0.008045308617568924,0.01119999960064888,0.011744000017642975,0.011574400030076504,0.01158399973064661,0.00015939089855601798,7168,128,512,1536,128,64,128,568
0.016863999888300896,0.02672000043094158,0.018428799882531165,0.017600000835955143,0.0027885738951634077,0.029472000896930695,0.04585599899291992,0.031632000207901,0.0301919998601079,0.004750490924636259,0.08137600123882294,0.0835840031504631,0.08216319978237152,0.0819999985396862,0.0005832787304340194,0.026399999856948853,0.030719999223947525,0.027907200157642365,0.026944000273942947,0.0016243553987130652,0.043776001781225204,0.04473600164055824,0.0442976001650095,0.04439999908208847,0.00032129358793573254,0.020255999639630318,0.02115200087428093,0.02050240058451891,0.020416000857949257,0.00027230121181740554,0.029440000653266907,0.029888000339269638,0.02965120002627373,0.029600000008940697,0.00016391989052337003,0.3138880133628845,0.33315199613571167,0.32030720114707945,0.3200799971818924,0.005998051916098445,0.011168000288307667,0.011807999573647976,0.011452800035476685,0.01145600015297532,0.0002080983099863536,7168,128,512,1536,128,64,128,560
0.01711999997496605,0.026847999542951584,0.018521600030362607,0.017583999782800674,0.0027906420425951157,0.02921600081026554,0.04467200115323067,0.031363200210034844,0.030047999694943428,0.004452175585699789,0.08060800284147263,0.08329600095748901,0.08135999962687493,0.08105599880218506,0.0007587784323851558,0.026399999856948853,0.029983999207615852,0.027715199813246726,0.02700799982994795,0.001392823538955937,0.04307200014591217,0.044863998889923096,0.043865599855780604,0.04380800016224384,0.00046057726085122565,0.019807999953627586,0.020447999238967896,0.020134399831295013,0.02022399939596653,0.00022436525973442944,0.028960000723600388,0.02985600009560585,0.029331200197339057,0.02932799980044365,0.00021994026334211484,0.3108159899711609,0.33401599526405334,0.3204863935709,0.3222399950027466,0.006193051845013147,0.011136000044643879,0.011615999974310398,0.011369599867612124,0.011359999887645245,0.00017471524805128284,7168,128,512,1536,128,64,128,552
0.01696000061929226,0.027295999228954315,0.018540799990296362,0.01771199982613325,0.002933553370038114,0.030592000111937523,0.04694399982690811,0.03280959986150265,0.031183999963104725,0.0047324105116401,0.08044800162315369,0.08240000158548355,0.08114879950881004,0.08108799904584885,0.0004792426827631986,0.026367999613285065,0.030208000913262367,0.028240000270307063,0.027904000133275986,0.0014871055788710063,0.04303999990224838,0.044224001467227936,0.04354560002684593,0.04350399971008301,0.00034250507217816996,0.019711999222636223,0.021344000473618507,0.020112000033259393,0.020015999674797058,0.0004399856210363696,0.028991999104619026,0.029664000496268272,0.029257599823176862,0.02921600081026554,0.00021799976458815768,0.31439998745918274,0.3417919874191284,0.32327039539813995,0.3224159926176071,0.007045463206286894,0.011103999800980091,0.011744000017642975,0.01141760004684329,0.011440000031143427,0.00017747755068219065,7168,128,512,1536,128,64,128,544
0.01696000061929226,0.026623999699950218,0.018550400249660016,0.017776000313460827,0.002725041743413524,0.0307839997112751,0.04662400111556053,0.032905600406229495,0.03120000008493662,0.004597522787842377,0.08089599758386612,0.0857279971241951,0.08218239843845368,0.08153599873185158,0.0015645873555049914,0.026079999282956123,0.03014400042593479,0.02780159991234541,0.027023999951779842,0.0015601961066889012,0.04297599941492081,0.04438399896025658,0.043804799765348436,0.04382400028407574,0.0004384000588517849,0.019519999623298645,0.020800000056624413,0.019945600256323814,0.01990400068461895,0.0003693333090414867,0.028960000723600388,0.029632000252604485,0.02940800003707409,0.029551999643445015,0.00025318413845222494,0.3142719864845276,0.3345920145511627,0.3217567980289459,0.32260799407958984,0.005502040093562832,0.010912000201642513,0.011648000217974186,0.011248000152409076,0.011247999966144562,0.00023785711939898902,7168,128,512,1536,128,64,128,536
0.01692800037562847,0.027488000690937042,0.018492800183594227,0.01744000054895878,0.0030167516681613217,0.030688000842928886,0.04694399982690811,0.033116800151765345,0.031727999448776245,0.004632411849132564,0.08092799782752991,0.08409599959850311,0.08216320052742958,0.08187200129032135,0.0010687423838922384,0.026815999299287796,0.03001599945127964,0.028316799737513065,0.027888000011444092,0.001245902027524286,0.043168000876903534,0.04479999840259552,0.04385919980704785,0.043855998665094376,0.0005377902415949046,0.019200000911951065,0.019967999309301376,0.019542400166392325,0.019487999379634857,0.00022126304349859066,0.02675200067460537,0.027424000203609467,0.027068799920380117,0.027055999264121056,0.00020956930435176937,0.3110080063343048,0.3423680067062378,0.3224416047334671,0.3229600042104721,0.008191599237143068,0.010784000158309937,0.011359999887645245,0.0111328000202775,0.011152000166475773,0.00018955770383957901,7168,128,512,1536,128,64,128,528
0.016896000131964684,0.02755199931561947,0.018342399969697,0.017295999452471733,0.0030817443081765945,0.028991999104619026,0.04505600035190582,0.03216960038989782,0.031136000528931618,0.0044088535164230735,0.08028800040483475,0.08204799890518188,0.0812063992023468,0.08110399916768074,0.0005837781610646643,0.026176000013947487,0.029888000339269638,0.027702399902045725,0.027072000317275524,0.001393970315946097,0.04307200014591217,0.044224001467227936,0.043622399866580966,0.04363200068473816,0.00029909336940335145,0.0191040001809597,0.019711999222636223,0.019430400058627128,0.019456000067293644,0.00021216748963176054,0.026464000344276428,0.02751999907195568,0.027094399742782115,0.027087999507784843,0.00028479997738423287,0.31200000643730164,0.32447999715805054,0.31884799599647523,0.3187839984893799,0.00454571140622083,0.01071999967098236,0.011359999887645245,0.011065599881112576,0.011071999557316303,0.00021071459715039302,7168,128,512,1536,128,64,128,520
0.016575999557971954,0.027583999559283257,0.018419199623167515,0.01744000054895878,0.003074472308253953,0.029823999851942062,0.0459199994802475,0.03185280002653599,0.03024000022560358,0.00470520128954094,0.06524799764156342,0.06659200042486191,0.06580480113625527,0.06579200178384781,0.00034913843006880525,0.02396799996495247,0.02534399926662445,0.024403199926018714,0.024304000660777092,0.0003971609055152791,0.05206400156021118,0.054048001766204834,0.05298560000956058,0.05300799943506718,0.0005984598934590872,0.018400000408291817,0.01929599978029728,0.018745600245893,0.018703999929130077,0.0002482010573814994,0.02643200010061264,0.0272000003606081,0.026931199990212918,0.026991999708116055,0.00024918942804390694,0.1764799952507019,0.17852799594402313,0.17722239941358567,0.17715200036764145,0.0005185175057200975,0.009824000298976898,0.010495999827980995,0.010128000006079673,0.010160000063478947,0.00019052766870142479,7168,128,512,1536,128,64,128,512
0.016831999644637108,0.026559999212622643,0.018191999942064285,0.01726400014013052,0.0028038006252290174,0.029823999851942062,0.04569600149989128,0.03190720025449991,0.03024000022560358,0.004642349043978411,0.06521599739789963,0.06630399823188782,0.06578559949994087,0.06585600227117538,0.00033768732098007665,0.023264000192284584,0.024768000468611717,0.02379199992865324,0.023615999147295952,0.0004324738202377003,0.04163200035691261,0.04281599819660187,0.04227200001478195,0.0421920008957386,0.0003511260099457169,0.01817600056529045,0.01958400011062622,0.018691200017929076,0.0185759998857975,0.0004248774843866485,0.02630399912595749,0.027135999873280525,0.02670399993658066,0.026655999943614006,0.0002508483129950531,0.17612800002098083,0.17830400168895721,0.17709439992904663,0.1770239993929863,0.0006681495569375205,0.009631999768316746,0.010367999784648418,0.009900800045579672,0.009920000098645687,0.00020649306787837637,7168,128,512,1536,128,64,128,504
0.016863999888300896,0.02735999971628189,0.01832320000976324,0.017376000061631203,0.0030230160396233926,0.029888000339269638,0.04569600149989128,0.03188800048083067,0.030400000512599945,0.0046130475923969495,0.06515199691057205,0.06732799857854843,0.06590079963207245,0.06566400080919266,0.0006885882803714647,0.02287999913096428,0.024351999163627625,0.023689600080251692,0.023824000731110573,0.00040275534918894016,0.04131200164556503,0.043168000876903534,0.04221120029687882,0.04235200025141239,0.0005349744525156223,0.017920000478625298,0.019071999937295914,0.018352000042796135,0.018319999799132347,0.0003423403683175726,0.026240000501275063,0.027008000761270523,0.026704000122845174,0.026736000552773476,0.0002299774437512935,0.17555199563503265,0.1780479997396469,0.17661119848489762,0.17643199861049652,0.0007613648522251208,0.009440000168979168,0.010400000028312206,0.009856000170111656,0.009920000098645687,0.00025599994696679694,7168,128,512,1536,128,64,128,496
0.016896000131964684,0.02627200074493885,0.018156800232827664,0.017184000462293625,0.00272034650237209,0.03126399964094162,0.04681599885225296,0.033206399902701376,0.03163199871778488,0.004550508797516609,0.06508799642324448,0.06665600091218948,0.06571519896388053,0.06551999971270561,0.0005240980694541093,0.023072000592947006,0.02473600022494793,0.023600000143051147,0.023471999913454056,0.0004519256696384558,0.04156799986958504,0.04249599948525429,0.04187520034611225,0.04179200157523155,0.0002794094444036232,0.017920000478625298,0.018848000094294548,0.018246399983763695,0.018207999877631664,0.00027742352180730597,0.026335999369621277,0.026976000517606735,0.02664639987051487,0.026655999943614006,0.00015614599862417053,0.17584000527858734,0.17683200538158417,0.17636800110340117,0.17632000148296356,0.00036012402041820334,0.009375999681651592,0.010048000141978264,0.009715200029313564,0.009743999689817429,0.0001765519640386994,7168,128,512,1536,128,64,128,488
0.016992000862956047,0.026847999542951584,0.018387199938297273,0.017583999782800674,0.0028308769410948,0.031039999797940254,0.047359999269247055,0.033209600299596784,0.031648000702261925,0.00473941031544724,0.06438399851322174,0.066880002617836,0.06532159969210624,0.06524799764156342,0.0006807893144122238,0.023135999217629433,0.024191999807953835,0.023580799996852874,0.023504000157117844,0.00033084028411211014,0.04108799993991852,0.04265600070357323,0.04189120009541512,0.041840000078082085,0.00044718797748161246,0.01756799966096878,0.01852799952030182,0.017996800132095814,0.017920000478625298,0.0003049919058681553,0.02598400041460991,0.026976000517606735,0.02656640000641346,0.026623999699950218,0.0002810905570193654,0.17481599748134613,0.17654399573802948,0.17562559843063355,0.17558399587869644,0.0005462643730078842,0.009344000369310379,0.009824000298976898,0.00962880002334714,0.009664000011980534,0.000146956370298261,7168,128,512,1536,128,64,128,480
0.016863999888300896,0.02643200010061264,0.018057600222527982,0.01716800034046173,0.002798529387415885,0.031007999554276466,0.0461760014295578,0.03310720082372427,0.031808000057935715,0.004366404619119472,0.06451199948787689,0.06611199676990509,0.06511040106415748,0.0650080032646656,0.0004619643139890323,0.022975999861955643,0.024320000782608986,0.023523200117051602,0.023520000278949738,0.000405391050230327,0.04108799993991852,0.04307200014591217,0.04184640012681484,0.0416640006005764,0.000580083333898741,0.01744000054895878,0.01865600049495697,0.01794880013912916,0.017855999991297722,0.00034299764398120115,0.026079999282956123,0.02672000043094158,0.026480000093579294,0.026528000831604004,0.0002171528444268353,0.17455999553203583,0.17612800002098083,0.17521279752254487,0.17529600113630295,0.0005436622109645555,0.009279999881982803,0.010015999898314476,0.009647999983280897,0.009680000133812428,0.00023828711627530224,7168,128,512,1536,128,64,128,472
0.016448000445961952,0.02691200003027916,0.01815360002219677,0.017216000705957413,0.002949804711315091,0.031007999554276466,0.04639999940991402,0.0329951997846365,0.03151999972760677,0.004483391744217976,0.06412799656391144,0.06598400324583054,0.0648959994316101,0.06481600180268288,0.0005339313617089675,0.02287999913096428,0.024480000138282776,0.023555199988186358,0.023471999913454056,0.0004320477188623078,0.040863998234272,0.042847998440265656,0.04153599962592125,0.041391998529434204,0.0005661378498378648,0.01727999933063984,0.018559999763965607,0.01765439976006746,0.017535999417304993,0.00036822248173251263,0.025631999596953392,0.026367999613285065,0.026140799932181834,0.026208000257611275,0.0002205215426114573,0.1732800006866455,0.17507199943065643,0.17420799881219864,0.174127995967865,0.0005367995828390734,0.009151999838650227,0.009855999611318111,0.009427199978381396,0.00940799992531538,0.00018833840661555454,7168,128,512,1536,128,64,128,464
0.016607999801635742,0.026623999699950218,0.018163200095295907,0.017376000061631203,0.0028388597947547763,0.030688000842928886,0.04585599899291992,0.03283520005643368,0.03145600110292435,0.004362890710919208,0.06374400109052658,0.06537599861621857,0.06463360041379929,0.06462400034070015,0.0004907171395373396,0.022816000506281853,0.024512000381946564,0.02342400010675192,0.02339200023561716,0.0004897151453989018,0.04092799872159958,0.042080000042915344,0.04135999977588654,0.04134400002658367,0.00031132249066072743,0.016896000131964684,0.018112000077962875,0.01752959992736578,0.01747199986129999,0.00035194164121969814,0.02380800060927868,0.024191999807953835,0.023980800062417984,0.024000000208616257,0.0001101099522651427,0.17299200594425201,0.17481599748134613,0.1739871993660927,0.17417600005865097,0.0005827949127926032,0.009151999838650227,0.009631999768316746,0.009404799994081258,0.00940799992531538,0.00015509273793989207,7168,128,512,1536,128,64,128,456
0.01679999940097332,0.027295999228954315,0.018361599929630757,0.017392000183463097,0.0029984458803877056,0.029759999364614487,0.04614400118589401,0.03197760004550219,0.030319999903440475,0.004737947006384959,0.06326399743556976,0.06508799642324448,0.06405119895935059,0.06407999992370605,0.0005909527940546204,0.026367999613285065,0.02985600009560585,0.028208000026643275,0.02864000014960766,0.0012260845284325155,0.05152000114321709,0.052928000688552856,0.052137599885463716,0.052031999453902245,0.0005236768462192442,0.017055999487638474,0.017791999503970146,0.017289599776268004,0.017263999208807945,0.00020139669971675208,0.023840000852942467,0.024351999163627625,0.024105599895119668,0.02412799932062626,0.00016319984752841815,0.19308799505233765,0.19628800451755524,0.1946495994925499,0.19462399929761887,0.001065250767449573,0.009920000098645687,0.010495999827980995,0.010153600014746189,0.010127999819815159,0.00020037711907342227,7168,128,512,1536,128,64,128,448
0.01679999940097332,0.027712000533938408,0.018387199752032755,0.01735999993979931,0.003125409342136567,0.02831999957561493,0.044256001710891724,0.030390400253236294,0.028736000880599022,0.004636137893462221,0.0631679967045784,0.0655359998345375,0.06405440047383308,0.06393600255250931,0.0006758071270587563,0.02630399912595749,0.0289280004799366,0.02779200002551079,0.028272000141441822,0.000972531733626461,0.05135999992489815,0.053408000618219376,0.05224959999322891,0.0521440003067255,0.0006664609120909507,0.01679999940097332,0.018112000077962875,0.01727039981633425,0.01718399953097105,0.00041130908020749955,0.023679999634623528,0.02457600086927414,0.02416960000991821,0.024224000051617622,0.000268514411348531,0.19340799748897552,0.19513599574565887,0.19427839815616607,0.19407999515533447,0.0006103181663669834,0.009824000298976898,0.010816000401973724,0.010147200152277946,0.010127999819815159,0.00026560009019570643,7168,128,512,1536,128,64,128,440
0.016704000532627106,0.02627200074493885,0.017942400462925435,0.016976000741124153,0.0027925221861915765,0.02828799933195114,0.04444799944758415,0.030220799893140794,0.028656000271439552,0.004746867388172286,0.06297600269317627,0.06566400080919266,0.06393599957227707,0.0639680027961731,0.0007099385542765058,0.027135999873280525,0.03033600002527237,0.02869760002940893,0.029039999470114708,0.0009749032137033694,0.04054399952292442,0.04169600084424019,0.041155199706554416,0.04110400006175041,0.00033969767460213167,0.01664000004529953,0.017472000792622566,0.0169216001406312,0.01688000001013279,0.00024151007278091534,0.02348800003528595,0.024191999807953835,0.02396799959242344,0.024047999642789364,0.00021418481667368608,0.19222399592399597,0.19436800479888916,0.19336319863796234,0.19342400133609772,0.0006817127795133967,0.009600000455975533,0.01027199998497963,0.009836800023913383,0.009775999933481216,0.00020698839619939712,7168,128,512,1536,128,64,128,432
0.016448000445961952,0.02707199938595295,0.01823679991066456,0.017487999983131886,0.002972055683906869,0.029472000896930695,0.04521600157022476,0.03158080037683249,0.029983999207615852,0.0045608581476071055,0.06307200342416763,0.06579200178384781,0.06388480067253113,0.06363200023770332,0.0007228321165643968,0.026847999542951584,0.03017600066959858,0.028892800211906433,0.029360000044107437,0.0012186456665261851,0.04047999903559685,0.04185599833726883,0.04114879965782166,0.04121600091457367,0.0004633816557708973,0.016416000202298164,0.017632000148296356,0.016867199912667274,0.016751999966800213,0.0003492108319710639,0.023520000278949738,0.02473600022494793,0.023984000086784363,0.023887999355793,0.0003191187697861757,0.1924159973859787,0.1945600062608719,0.19336639940738679,0.19326400011777878,0.0006691082838864126,0.009472000412642956,0.010015999898314476,0.00979200005531311,0.009856000076979399,0.0001656597867223022,7168,128,512,1536,128,64,128,424
0.016863999888300896,0.02755199931561947,0.01831679977476597,0.01732799969613552,0.003091213098698143,0.02940800040960312,0.04508800059556961,0.03143680021166802,0.029888000339269638,0.004570093084265728,0.06255999952554703,0.06508799642324448,0.06362240016460419,0.0636960007250309,0.0006798472532513904,0.026208000257611275,0.028224000707268715,0.02750080022960901,0.02800000086426735,0.0007901087779694873,0.04009599983692169,0.04169600084424019,0.040799999982118605,0.04078400135040283,0.0004821286500464585,0.016383999958634377,0.01727999933063984,0.016844799928367137,0.016800000332295895,0.0003184599244661989,0.023584000766277313,0.02409599907696247,0.023865599930286408,0.023903999477624893,0.0001673813487771754,0.19193600118160248,0.195360004901886,0.19314559996128083,0.19283200055360794,0.0009663592296818993,0.009472000412642956,0.01027199998497963,0.009833599999547004,0.00979200005531311,0.0002088841982982055,7168,128,512,1536,128,64,128,416
0.01664000004529953,0.027648000046610832,0.018230400048196316,0.01716800034046173,0.0031586464052886522,0.029023999348282814,0.04556800052523613,0.031571200117468834,0.03014400042593479,0.0047004113177850195,0.06255999952554703,0.06451199948787689,0.06362879946827889,0.06363200023770332,0.0006027899735050167,0.02921600081026554,0.030400000512599945,0.029670400172472,0.029600000008940697,0.00037965560384010147,0.04025600105524063,0.04150399938225746,0.040761600434780124,0.04076800122857094,0.0003831450745051027,0.0161920003592968,0.017184000462293625,0.01656000018119812,0.01649599988013506,0.0002830688617489387,0.023423999547958374,0.02412799932062626,0.023887999728322028,0.023951999843120575,0.0002014985902671215,0.19120000302791595,0.19523200392723083,0.19269119948148727,0.1926399990916252,0.0011077929102366606,0.009375999681651592,0.010367999784648418,0.009769600071012973,0.009728000033646822,0.0002851593569337939,7168,128,512,1536,128,64,128,408
0.01664000004529953,0.026528000831604004,0.01804160010069609,0.017215999774634838,0.0028481008822173275,0.029152000322937965,0.04531199857592583,0.031151999533176423,0.029551999643445015,0.0047255286376230105,0.062463998794555664,0.06511999666690826,0.06365760043263435,0.06361600011587143,0.000776096157433337,0.026240000501275063,0.029023999348282814,0.02756159994751215,0.027615999802947044,0.0007449952561425674,0.03999999910593033,0.04153599962592125,0.04079039953649044,0.040720000863075256,0.0004561656993643475,0.016127999871969223,0.016863999888300896,0.01634560003876686,0.016288000158965588,0.00023680002604823883,0.023520000278949738,0.024191999807953835,0.023820800147950648,0.023792000487446785,0.0002019805139548721,0.19164800643920898,0.19443200528621674,0.19338560253381729,0.1934400051832199,0.0008772942452777348,0.009279999881982803,0.009983999654650688,0.00957119995728135,0.009535999968647957,0.0002370809636059005,7168,128,512,1536,128,64,128,400
0.016543999314308167,0.027615999802947044,0.018281600065529348,0.017376000061631203,0.003132407667874666,0.02908799983561039,0.04476799815893173,0.03111039996147156,0.029600000008940697,0.004567259307147494,0.0626240000128746,0.0655359998345375,0.0635359987616539,0.06326399743556976,0.0007987511821136193,0.026079999282956123,0.028704000636935234,0.02744640000164509,0.027711999602615833,0.0007822742331221342,0.040192000567913055,0.04185599833726883,0.04073919951915741,0.04057599976658821,0.0005050425733061842,0.015584000386297703,0.016704000532627106,0.01592640010640025,0.015792000107467175,0.0003401797029315574,0.021215999498963356,0.021888000890612602,0.021622400172054766,0.021584000438451767,0.00022448005701415408,0.19116799533367157,0.19392000138759613,0.19230400025844574,0.1923840045928955,0.000867579505797608,0.009216000325977802,0.011839999817311764,0.009718400053679943,0.009488000068813562,0.0007305606707751677,7168,128,512,1536,128,64,128,392
0.01635199971497059,0.027775999158620834,0.018198399804532528,0.017376000061631203,0.0032225777632419197,0.029823999851942062,0.04585599899291992,0.031929599866271016,0.030400000512599945,0.004664778787769967,0.05167999863624573,0.05347200110554695,0.0524959996342659,0.052400000393390656,0.0005138473113062828,0.02223999984562397,0.023520000278949738,0.022764800116419792,0.022735999897122383,0.00038191437237583776,0.04287999868392944,0.04444799944758415,0.04352319948375225,0.0433920007199049,0.0005640446796529389,0.015296000055968761,0.01635199971497059,0.0156576001085341,0.015567999798804522,0.00033745966582436696,0.02143999934196472,0.021983999758958817,0.02177919987589121,0.02179200015962124,0.00017244416737917056,0.17308799922466278,0.17497600615024567,0.17387199997901917,0.17374400049448013,0.0006814215417333095,0.008832000195980072,0.009696000255644321,0.00932480012997985,0.009344000369310379,0.0002454632068028478,7168,128,512,1536,128,64,128,384
0.01651199907064438,0.027135999873280525,0.01813760008662939,0.017280000261962414,0.0030252712490895202,0.029664000496268272,0.045152001082897186,0.031600000150501725,0.03009600006043911,0.004523316613427613,0.05190400034189224,0.053247999399900436,0.052479999512434004,0.05238400027155876,0.00044982456981624273,0.022112000733613968,0.023615999147295952,0.022646399959921838,0.02260800078511238,0.00044525998574142814,0.042688000947237015,0.0453759990632534,0.04365119971334934,0.04364800080657005,0.0007617676724939917,0.014976000413298607,0.0163199994713068,0.015507200080901385,0.015520000364631414,0.00033780825261461205,0.021215999498963356,0.021983999758958817,0.021695999801158904,0.021776000037789345,0.00026658138197460283,0.17228800058364868,0.17430399358272552,0.17328639924526215,0.1733279973268509,0.0005430188267067495,0.00886400043964386,0.009344000369310379,0.009171200077980756,0.009184000082314014,0.0001396314556199616,7168,128,512,1536,128,64,128,376
0.016383999958634377,0.026847999542951584,0.017936000041663645,0.017008000053465366,0.002988232747084271,0.029888000339269638,0.045951999723911285,0.03191679995507002,0.030383999459445477,0.004690684729636554,0.05164799839258194,0.05302400141954422,0.05239359997212887,0.052400000393390656,0.0004172418966115344,0.02195199951529503,0.023231999948620796,0.02269119992852211,0.022640000097453594,0.0004190533260817704,0.04275200143456459,0.04438399896025658,0.04331839978694916,0.043168000876903534,0.0005518581163373419,0.01484800036996603,0.016543999314308167,0.015308799967169762,0.015135999768972397,0.0005068136394138232,0.02127999998629093,0.021888000890612602,0.02164160031825304,0.021631999872624874,0.00019467480452826574,0.1722559928894043,0.17414399981498718,0.1731775999069214,0.1730240061879158,0.0006978365833269246,0.008704000152647495,0.009472000412642956,0.009113599918782711,0.009151999838650227,0.00022114753578087872,7168,128,512,1536,128,64,128,368
0.01616000011563301,0.026335999369621277,0.017868799902498723,0.017008000053465366,0.002846316626077444,0.02985600009560585,0.04508800059556961,0.03164160009473562,0.030079999938607216,0.004494121905015672,0.0514880008995533,0.0533440001308918,0.05235840007662773,0.052271999418735504,0.00045834891223454227,0.02271999977529049,0.023711999878287315,0.023180799931287764,0.023264000192284584,0.0003019552418643023,0.0432640016078949,0.04524800181388855,0.04397439993917942,0.04379200004041195,0.0006037408049542713,0.014527999795973301,0.015456000342965126,0.014870400074869394,0.014800000004470348,0.0002707926788091415,0.02147199958562851,0.021888000890612602,0.021654400043189526,0.02161599975079298,0.0001312002039909607,0.1714559942483902,0.17395199835300446,0.17247680127620696,0.17240000516176224,0.0006687087592820116,0.008832000195980072,0.009568000212311745,0.009129600133746862,0.009088000282645226,0.00018496445980782246,7168,128,512,1536,128,64,128,360
0.016607999801635742,0.027295999228954315,0.017980799823999406,0.016927999444305897,0.0031206955122536897,0.029472000896930695,0.04553600028157234,0.031536000035703185,0.02993600070476532,0.004676036681745181,0.08185599744319916,0.08550400286912918,0.08385600075125695,0.08374400064349174,0.0010240261150510307,0.02127999998629093,0.02332800067961216,0.022316799871623515,0.022495999932289124,0.0007571504149144913,0.04211200028657913,0.0435199998319149,0.042790400236845015,0.042768001556396484,0.00035999643053287163,0.01462399959564209,0.015456000342965126,0.014982399996370077,0.014879999682307243,0.00029530317304829874,0.021247999742627144,0.02195199951529503,0.02166079990565777,0.021695999428629875,0.0002296210544158704,0.17206400632858276,0.17292800545692444,0.17244800180196762,0.1725119948387146,0.00026734817885141853,0.008671999908983707,0.00940799992531538,0.008979200012981891,0.008911999873816967,0.00024336839618130845,7168,128,512,1536,128,64,128,352
0.01635199971497059,0.027456000447273254,0.017948799952864646,0.01694399956613779,0.0031877992762858057,0.029888000339269638,0.04553600028157234,0.03208320010453462,0.0307200001552701,0.00449788891911768,0.08284799754619598,0.0854400023818016,0.08404480069875717,0.08366400003433228,0.0008166211498902947,0.021088000386953354,0.02287999913096428,0.02161280009895563,0.021424000151455402,0.0005632722307366571,0.042208001017570496,0.04335999861359596,0.04277759976685047,0.04270400106906891,0.0003639563510006362,0.014112000353634357,0.015200000256299973,0.014694400131702423,0.014688000082969666,0.0003331075636595269,0.021503999829292297,0.021856000646948814,0.02164160031825304,0.02160000056028366,0.00011453147933826354,0.17107200622558594,0.17312000691890717,0.1719168022274971,0.1716959998011589,0.0006130641915151278,0.008832000195980072,0.009312000125646591,0.00899839997291565,0.008991999551653862,0.00013022072483424296,7168,128,512,1536,128,64,128,344
0.01664000004529953,0.027456000447273254,0.01815360002219677,0.017088000662624836,0.0031246834387249926,0.02860799990594387,0.04467200115323067,0.030748799815773963,0.029120000079274178,0.004655674928702738,0.08294399827718735,0.08441600203514099,0.08389120027422906,0.08396799862384796,0.00040101019608434867,0.02127999998629093,0.023679999634623528,0.022316800244152547,0.022048000246286392,0.0008885633580739269,0.04182400181889534,0.04291199892759323,0.042556799575686456,0.04278399981558323,0.000372479638392187,0.0144640002399683,0.015552000142633915,0.014755200035870076,0.014671999961137772,0.0003175748784150555,0.02115200087428093,0.021824000403285027,0.021487999893724918,0.021487999707460403,0.00023656214315897055,0.17110399901866913,0.17235200107097626,0.1719808027148247,0.17201600223779678,0.0003295232094028689,0.00848000030964613,0.009056000038981438,0.008838400058448315,0.008847999852150679,0.00018259629716483198,7168,128,512,1536,128,64,128,336
0.01664000004529953,0.027456000447273254,0.018041600286960603,0.016944000497460365,0.0031528300087615754,0.030047999694943428,0.04524800181388855,0.031868800334632394,0.030400000512599945,0.00446407388890499,0.08207999914884567,0.08441600203514099,0.08286399990320206,0.0825439989566803,0.0008108391509370947,0.020800000056624413,0.02236800082027912,0.02146880030632019,0.021440000273287296,0.00043228451806040323,0.042367998510599136,0.04368000105023384,0.04289919994771481,0.04279999993741512,0.00039998750955555284,0.013952000066637993,0.01484800036996603,0.014358400087803602,0.014400000218302011,0.00027825291949349604,0.01913600042462349,0.01990400068461895,0.01948160007596016,0.019487999379634857,0.00020974060987220702,0.17078399658203125,0.17231999337673187,0.17149439752101897,0.17163199931383133,0.00046785570179911533,0.008736000396311283,0.009247999638319016,0.008908800128847361,0.00886400043964386,0.00014036279114808164,7168,128,512,1536,128,64,128,328
0.016063999384641647,0.026944000273942947,0.01799999997019768,0.017231999896466732,0.0030096422406804216,0.025472000241279602,0.04150399938225746,0.027785600163042545,0.02622400037944317,0.004593868067828208,0.08303999900817871,0.08700799942016602,0.08462399989366531,0.08452799916267395,0.0011404986577823269,0.022911999374628067,0.023615999147295952,0.023228799924254417,0.023231999948620796,0.00023578156907978008,0.0416640006005764,0.04371200129389763,0.042604800313711166,0.042527999728918076,0.0005809921268001114,0.013887999579310417,0.014783999882638454,0.014284799806773663,0.014239999931305647,0.00025447550098166245,0.0191040001809597,0.019840000197291374,0.019494400173425675,0.019472000189125538,0.00021788216578662997,0.1544319987297058,0.15667200088500977,0.1558432012796402,0.15596800297498703,0.0006884778972088854,0.00863999966531992,0.009247999638319016,0.008979200012981891,0.009024000260978937,0.00021332264780910543,7168,128,512,1536,128,64,128,320
0.01600000075995922,0.027583999559283257,0.01769599989056587,0.016543999314308167,0.0033139085055761855,0.025567999109625816,0.041600000113248825,0.027772799693048,0.02611199952661991,0.00463190370286149,0.08265600353479385,0.08550400286912918,0.08387520089745522,0.08403199911117554,0.0008761759604928226,0.02006400004029274,0.021983999758958817,0.020611200109124185,0.020576000213623047,0.000505852913810923,0.04217600077390671,0.043807998299598694,0.0427327997982502,0.04270400106906891,0.0004324616736771033,0.01375999953597784,0.014431999996304512,0.01412799982354045,0.014159999787807465,0.00021044725142516308,0.019071999937295914,0.019519999623298645,0.01928960010409355,0.01926399953663349,0.00013636630938995876,0.18966400623321533,0.20214399695396423,0.19322239905595778,0.19220799952745438,0.003169930553154473,0.008704000152647495,0.009119999594986439,0.008934400044381618,0.008944000117480755,0.00013022065159897962,7168,128,512,1536,128,64,128,312
0.01664000004529953,0.02691200003027916,0.01782079990953207,0.01679999940097332,0.003033034584195941,0.025536000728607178,0.042080000042915344,0.027913600206375122,0.026384000666439533,0.004738594884686836,0.08207999914884567,0.08601599931716919,0.0839199997484684,0.08361600339412689,0.0012272528245190733,0.020576000213623047,0.022624000906944275,0.02149439975619316,0.02132799942046404,0.000773454408712079,0.041919998824596405,0.04358400031924248,0.04257599972188473,0.04254399985074997,0.0004478285812510974,0.013887999579310417,0.015615999698638916,0.014297599997371435,0.014128000009804964,0.0005193078713411626,0.018688000738620758,0.01945599913597107,0.01908160001039505,0.01919999998062849,0.00031224192978215404,0.19209599494934082,0.1998080015182495,0.19318400025367738,0.19233600050210953,0.002239771801921695,0.00848000030964613,0.009344000369310379,0.00887679997831583,0.008816000074148178,0.00025204953924013915,7168,128,512,1536,128,64,128,304
0.016607999801635742,0.026655999943614006,0.017951999977231025,0.017055999487638474,0.0029072840684623577,0.02582399919629097,0.041471999138593674,0.02794559970498085,0.026511999778449535,0.004538792312718454,0.08182399719953537,0.08876799792051315,0.08400319889187813,0.08374399691820145,0.0018261572693795576,0.020191999152302742,0.02191999927163124,0.02079359982162714,0.020720000378787518,0.0004844169683301838,0.04211200028657913,0.043007999658584595,0.04246079996228218,0.04243199899792671,0.0002632766060974692,0.013632000423967838,0.01414399966597557,0.013897599931806327,0.013951999600976706,0.00019042008473700082,0.019007999449968338,0.01961600035429001,0.019199999794363976,0.019183999858796597,0.00016872237592014118,0.18991999328136444,0.19247999787330627,0.19161919951438905,0.192111998796463,0.0009208505158114711,0.00863999966531992,0.009088000282645226,0.008854399994015693,0.008832000195980072,0.0001380459080208419,7168,128,512,1536,128,64,128,296
0.016543999314308167,0.02723200060427189,0.017974400147795676,0.01692800037562847,0.003094684745056158,0.02598400041460991,0.04259200021624565,0.028323200158774854,0.026895999908447266,0.004796125382926802,0.08364800363779068,0.08886399865150452,0.08542399927973747,0.08510399982333183,0.0013943516756982305,0.020447999238967896,0.022463999688625336,0.021305599622428416,0.021119999699294567,0.0007397192935066014,0.04214400053024292,0.043007999658584595,0.042604800313711166,0.04262400045990944,0.00029751338661599433,0.013632000423967838,0.014751999638974667,0.014003199990838766,0.013968000188469887,0.00034796222275412,0.018751999363303185,0.01926399953663349,0.019030399993062018,0.0190400006249547,0.00019361981804933367,0.14528000354766846,0.1480640023946762,0.14618560224771499,0.1459840014576912,0.0008495443329065526,0.007903999648988247,0.008927999995648861,0.008368000015616417,0.008336000144481659,0.000321357250715596,7168,128,512,1536,128,64,128,288
0.01603199914097786,0.027264000847935677,0.01795839983969927,0.016944000497460365,0.003122806885849567,0.026335999369621277,0.046879999339580536,0.029199999943375587,0.027328000403940678,0.005923341589793154,0.08403199911117554,0.08748800307512283,0.08568959906697274,0.08568000048398972,0.001070428428718779,0.01974399946630001,0.02191999927163124,0.02049919981509447,0.020383999682962894,0.0006408312648058489,0.041919998824596405,0.043327998369932175,0.042502399906516074,0.042527999728918076,0.0004295157549052869,0.013183999806642532,0.014208000153303146,0.013644799962639809,0.013631999958306551,0.0003267137037113254,0.018848000094294548,0.019328000023961067,0.019107199832797052,0.019071999937295914,0.00016899513673531428,0.1443839967250824,0.14659200608730316,0.14550080001354218,0.14537599682807922,0.0007648543069442097,0.0081599997356534,0.008704000152647495,0.008371199853718281,0.008287999778985977,0.00017362779560271515,7168,128,512,1536,128,64,128,280
0.01635199971497059,0.026367999613285065,0.01808959972113371,0.017295999452471733,0.002783155701413115,0.026016000658273697,0.04262400045990944,0.028592000156641005,0.027247999794781208,0.004700041962800149,0.08371199667453766,0.08988799899816513,0.08567359894514084,0.0854720026254654,0.001537802622791077,0.020191999152302742,0.022272000089287758,0.021187199838459493,0.020959999412298203,0.0008398951406622913,0.041600000113248825,0.04265600070357323,0.042192000150680545,0.04227199964225292,0.0003612596331465095,0.013279999606311321,0.014783999882638454,0.013555200025439262,0.013376000337302685,0.0004336442387406991,0.018592000007629395,0.019168000668287277,0.018889600038528444,0.018943999893963337,0.00022584396546547803,0.1438080072402954,0.1464959979057312,0.14487359970808028,0.14472000300884247,0.0007376737146443854,0.007807999849319458,0.008671999908983707,0.00806719996035099,0.007984000258147717,0.00024136146971085183,7168,128,512,1536,128,64,128,272
0.01648000068962574,0.027583999559283257,0.017945599928498267,0.016896000131964684,0.003222029637988403,0.02643200010061264,0.04387199878692627,0.02929280009120703,0.027696000412106514,0.004918665009617531,0.08291199803352356,0.08665599673986435,0.08494720011949539,0.08473600074648857,0.0012203875105683728,0.019711999222636223,0.021856000646948814,0.020544000156223773,0.020480000413954258,0.0005498045149584806,0.04265600070357323,0.045024000108242035,0.04375680051743984,0.04366400092840195,0.0006750709769390655,0.01235199999064207,0.013120000250637531,0.012652800045907497,0.01259199995547533,0.0002104229219275728,0.016543999314308167,0.01711999997496605,0.016822399757802486,0.016831999644637108,0.00015080816896843437,0.14284799993038177,0.14534400403499603,0.14399359971284867,0.14374399930238724,0.0008001045405087929,0.007968000136315823,0.008448000065982342,0.008169599995017051,0.0080960001796484,0.00015810071351943537,7168,128,512,1536,128,64,128,264
0.016704000532627106,0.026976000517606735,0.01822079997509718,0.017295999452471733,0.0029431722297121894,0.02191999927163124,0.03782400116324425,0.02386239990592003,0.022351999767124653,0.004657887060241316,0.04095999896526337,0.0488319993019104,0.04272000007331371,0.04206399992108345,0.0021111753705226155,0.018464000895619392,0.021023999899625778,0.01963840015232563,0.019472000189125538,0.0009153397241010913,0.02566399984061718,0.030368000268936157,0.026934399828314783,0.026719999499619007,0.0012117864640622188,0.012575999833643436,0.014112000353634357,0.01305280001834035,0.012848000042140484,0.00044718789017709657,0.01635199971497059,0.022943999618291855,0.017363199777901173,0.016783999279141426,0.0018874683641804612,0.10595200210809708,0.12060800194740295,0.10813440009951591,0.1069600023329258,0.004181527522634719,0.007584000006318092,0.008511999621987343,0.007913600048050284,0.007840000092983246,0.00025919996673412054,7168,128,512,1536,128,64,128,256
0.01648000068962574,0.027103999629616737,0.018089599907398224,0.01702400017529726,0.0030376428066667543,0.021824000403285027,0.037567999213933945,0.023929599858820438,0.02238400001078844,0.0045701733969930785,0.04092799872159958,0.04982399940490723,0.042476799339056015,0.04158399999141693,0.0024799153980983985,0.018848000094294548,0.0208320003002882,0.019596800208091736,0.019600000232458115,0.0005685204289278117,0.026559999212622643,0.02876799926161766,0.027248000167310236,0.027104000560939312,0.0006677579430589869,0.012032000347971916,0.01398400031030178,0.012598400004208088,0.012527999933809042,0.000509604492225354,0.01664000004529953,0.02208000048995018,0.01736960019916296,0.016831999644637108,0.0015790501398593756,0.10540799796581268,0.12211199849843979,0.10885440111160279,0.10784000158309937,0.004533848189687192,0.007807999849319458,0.00825599953532219,0.007964800018817187,0.007920000236481428,0.00013228798134793404,7168,128,512,1536,128,64,128,248
0.01664000004529953,0.026335999369621277,0.01809599995613098,0.017263999208807945,0.0027643720087387144,0.021503999829292297,0.037728000432252884,0.023622400127351284,0.022096000611782074,0.004707651468107188,0.041760001331567764,0.048928000032901764,0.043225600570440295,0.04262400045990944,0.0019720306892382833,0.018751999363303185,0.021023999899625778,0.0195679996162653,0.019343999214470387,0.0007178637154058612,0.02582399919629097,0.03049599938094616,0.026863999851047992,0.026544000022113323,0.001264242888928638,0.012256000190973282,0.014720000326633453,0.012873599957674741,0.012511999811977148,0.0007328000444284924,0.016224000602960587,0.022431999444961548,0.01722560003399849,0.016719999723136425,0.0017490303323296924,0.1053759977221489,0.12121599912643433,0.10855999886989594,0.1074879989027977,0.0043058552948321725,0.007360000163316727,0.0081599997356534,0.007680000038817525,0.007647999795153737,0.00025399210624566925,7168,128,512,1536,128,64,128,240
0.016448000445961952,0.026399999856948853,0.018121599964797497,0.01727999933063984,0.0027972850145121008,0.02191999927163124,0.037696000188589096,0.024035199917852877,0.02247999981045723,0.004578963057732044,0.04108799993991852,0.04975999891757965,0.04263040013611317,0.0419359989464283,0.0023938391595088445,0.01865600049495697,0.019999999552965164,0.019289599917829036,0.019279999658465385,0.0004132336836038797,0.026655999943614006,0.029632000252604485,0.027542399987578393,0.027231999672949314,0.0008917670250547091,0.011744000017642975,0.01587199978530407,0.012431999947875739,0.011951999738812447,0.0011735102568190226,0.0163199994713068,0.0225600004196167,0.017232000082731246,0.016672000288963318,0.0017876663166832673,0.10527999699115753,0.12115199863910675,0.10806080028414726,0.10672000050544739,0.004438814772666996,0.007455999962985516,0.0080960001796484,0.007766399998217821,0.007727999938651919,0.000206914115650457,7168,128,512,1536,128,64,128,232
0.016607999801635742,0.02672000043094158,0.01800960022956133,0.017136000096797943,0.002927529660574346,0.02147199958562851,0.03686400130391121,0.02361600026488304,0.022255999967455864,0.004423553314020883,0.041600000113248825,0.04966399818658829,0.04318079985678196,0.042608000338077545,0.002200622489225057,0.01865600049495697,0.02038400061428547,0.01946560014039278,0.01935999933630228,0.0005898860462807697,0.026240000501275063,0.02796800062060356,0.027033599838614465,0.027103999629616737,0.0005063286397100387,0.01196799986064434,0.0144640002399683,0.012627200037240983,0.01235199999064207,0.0007158565990024111,0.01616000011563301,0.028192000463604927,0.01780160013586283,0.016720000654459,0.0034775639251811864,0.10444799810647964,0.11932799965143204,0.10655680000782013,0.10524800047278404,0.004273131106412741,0.007296000141650438,0.007935999892652035,0.007564800046384335,0.0074720000848174095,0.0002378355261569517,7168,128,512,1536,128,64,128,224
0.01635199971497059,0.02691200003027916,0.018067199923098087,0.01726400014013052,0.0029662878722149393,0.02195199951529503,0.037856001406908035,0.024185600504279137,0.02280000038444996,0.004581653891179674,0.04214400053024292,0.04995200037956238,0.043593600019812585,0.04312000051140785,0.0021737425748221384,0.018271999433636665,0.020191999152302742,0.0193055996671319,0.01943999994546175,0.00068588319698971,0.02659199945628643,0.03014400042593479,0.027388800121843814,0.027280000038444996,0.0009840665646305166,0.011327999643981457,0.014112000353634357,0.01201280001550913,0.011951999738812447,0.0007418481707904669,0.016383999958634377,0.022495999932289124,0.017254400067031384,0.016704000532627106,0.0017546273685073934,0.1032319962978363,0.11804799735546112,0.10586239919066429,0.10472000017762184,0.00410336288815956,0.00723200011998415,0.00825599953532219,0.007625599950551986,0.007520000217482448,0.00033563389131189924,7168,128,512,1536,128,64,128,216
0.016607999801635742,0.026623999699950218,0.017916799895465373,0.01679999940097332,0.0029227563685890858,0.02147199958562851,0.03782400116324425,0.023542400263249875,0.022016000002622604,0.00476464986552647,0.043168000876903534,0.050783999264240265,0.04484799951314926,0.04435199871659279,0.0020579381957273827,0.018303999677300453,0.02051199972629547,0.019411199912428855,0.019279999658465385,0.0006501908318404908,0.026016000658273697,0.030239999294281006,0.02741759978234768,0.027263999916613102,0.001102194257662839,0.011392000131309032,0.01462399959564209,0.012227199971675873,0.011919999960809946,0.0009128079745012418,0.01600000075995922,0.02252800017595291,0.017081599868834018,0.016575999557971954,0.0018372460114604331,0.1034879982471466,0.11788800358772278,0.105417600274086,0.10414400324225426,0.00416388973432805,0.007071999832987785,0.007807999849319458,0.007430399907752872,0.007391999941319227,0.0002457132920084458,7168,128,512,1536,128,64,128,208
0.016383999958634377,0.02643200010061264,0.017964799888432026,0.017231999896466732,0.0028439414582655162,0.021663999184966087,0.03718400001525879,0.02366400007158518,0.022160000167787075,0.004519556774253861,0.05955199897289276,0.06915199756622314,0.061500799283385275,0.06083199940621853,0.0026286567169612053,0.0180479995906353,0.019328000023961067,0.01877759974449873,0.018831999972462654,0.0004382480612753467,0.02687999978661537,0.02831999957561493,0.02763839978724718,0.027567999437451363,0.0004397060659436624,0.011168000288307667,0.012032000347971916,0.011408000066876412,0.01128000020980835,0.00026124639660205325,0.016224000602960587,0.016672000288963318,0.016489600017666816,0.01649599988013506,0.0001494437579596918,0.10284800082445145,0.11324799805879593,0.10485439971089364,0.10414399951696396,0.0028781161125315804,0.007135999854654074,0.007712000049650669,0.0074496000539511446,0.007440000073984265,0.0001809062115854235,7168,128,512,1536,128,64,128,200
0.01651199907064438,0.027264000847935677,0.017884800024330617,0.01696000061929226,0.003133728444410082,0.024639999493956566,0.03999999910593033,0.026569599844515325,0.025167999789118767,0.004483542355518257,0.045791998505592346,0.050144001841545105,0.04709759950637817,0.04681599885225296,0.0011228133975060134,0.017472000792622566,0.019168000668287277,0.018134400062263013,0.018079999834299088,0.00048213927831627955,0.026464000344276428,0.028224000707268715,0.027388800121843814,0.027439999394118786,0.0005500741775746369,0.011327999643981457,0.012640000320971012,0.011760000046342612,0.011632000096142292,0.0003948468346799454,0.013952000066637993,0.020287999883294106,0.014876800030469895,0.014384000096470118,0.0018137225662218654,0.10940799862146378,0.12745599448680878,0.11266879960894585,0.11151999980211258,0.005031013973312756,0.006783999968320131,0.007648000027984381,0.007273600017651915,0.007199999876320362,0.00027677690001026614,7168,128,512,1536,128,64,128,192
0.016063999384641647,0.0261439997702837,0.017503999546170233,0.01651199907064438,0.0029094670753736594,0.021727999672293663,0.036896001547575,0.02373440023511648,0.022223999723792076,0.004407622636739722,0.045343998819589615,0.05593600124120712,0.04729920029640198,0.046400001272559166,0.002922055949985554,0.016992000862956047,0.018688000738620758,0.017900799959897996,0.017823999747633934,0.0005864300447130035,0.027583999559283257,0.029664000496268272,0.028390400111675262,0.028432000428438187,0.0005740057565205487,0.010944000445306301,0.011935999616980553,0.011424000095576047,0.011584000196307898,0.00034494747190620694,0.014175999909639359,0.02006400004029274,0.015142400003969669,0.014639999717473984,0.0016487175349964918,0.10892800241708755,0.12547199428081512,0.11162239983677864,0.11025600135326385,0.004690259310002723,0.007104000076651573,0.007648000027984381,0.007321600010618568,0.007312000030651689,0.0001751543861391446,7168,128,512,1536,128,64,128,184
0.016416000202298164,0.02566399984061718,0.01765439994633198,0.016831999644637108,0.0026820524455159964,0.021503999829292297,0.036928001791238785,0.02344639990478754,0.021983999758958817,0.004499752516777508,0.0459199994802475,0.05382400006055832,0.04724799953401089,0.04652800038456917,0.002230390983744748,0.017696000635623932,0.019200000911951065,0.0181664003059268,0.018063999712467194,0.0004848926471014179,0.027648000046610832,0.029823999851942062,0.028556800074875356,0.028528000228106976,0.0005944080569401897,0.010975999757647514,0.01228800043463707,0.011574399936944247,0.01131199998781085,0.0004744317649196563,0.013728000223636627,0.02252800017595291,0.015011200029402972,0.014303999952971935,0.0025188472640464664,0.10918399691581726,0.12441600114107132,0.11182400062680245,0.11055999994277954,0.0042520345803171745,0.006688000168651342,0.007391999941319227,0.0070015999488532545,0.006991999922320247,0.00017977047846171306,7168,128,512,1536,128,64,128,176
0.016127999871969223,0.02735999971628189,0.017750400118529797,0.016656000167131424,0.003226356938520046,0.02175999991595745,0.03743999823927879,0.023760000057518483,0.022064000368118286,0.004580277117150561,0.04620800167322159,0.05516799911856651,0.04782080054283142,0.046960001811385155,0.0025181046793231886,0.017152000218629837,0.01852799952030182,0.017827199958264827,0.017823999747633934,0.0004600547366621388,0.027327999472618103,0.030912000685930252,0.028531199879944326,0.02836799994111061,0.0009637476419399939,0.01056000031530857,0.014592000283300877,0.011263999994844199,0.010879999957978725,0.0011304654915101325,0.01398400031030178,0.0208320003002882,0.014876800030469895,0.014287999831140041,0.0019887144907936257,0.10857599973678589,0.12432000041007996,0.11133119910955429,0.11025599762797356,0.004384594780812547,0.006912000011652708,0.007712000049650669,0.007366400072351098,0.007424000184983015,0.00024193357352846913,7168,128,512,1536,128,64,128,168
0.016607999801635742,0.026240000501275063,0.017884799838066102,0.01697599980980158,0.0027958352648946886,0.021247999742627144,0.03734400123357773,0.023164799995720388,0.021584000438451767,0.004729519217921651,0.045024000108242035,0.05507199838757515,0.04677439965307713,0.04583999887108803,0.0028229383866369543,0.01711999997496605,0.019392000511288643,0.018140799924731256,0.018144000321626663,0.0006360599617402997,0.028991999104619026,0.03094400092959404,0.029561599902808666,0.029503999277949333,0.0005010431203583757,0.010912000201642513,0.012095999903976917,0.01143359998241067,0.011183999944478273,0.00043028986949891345,0.013663999736309052,0.020160000771284103,0.014835200179368258,0.014368000440299511,0.001790582505068586,0.10195200145244598,0.11724799871444702,0.10427519977092743,0.10307200253009796,0.004351745402810441,0.006624000146985054,0.007519999984651804,0.007024000026285648,0.006976000033318996,0.00024756086050801567,7168,128,512,1536,128,64,128,160
0.016416000202298164,0.026944000273942947,0.017804799787700176,0.016783999279141426,0.003064597905190857,0.021503999829292297,0.03680000081658363,0.023430400155484678,0.022048000246286392,0.004466787582088921,0.04447999969124794,0.05644800141453743,0.046134399995207784,0.04504000023007393,0.0034490913443888166,0.017184000462293625,0.01852799952030182,0.01787839997559786,0.017808000557124615,0.00048804963800757597,0.02969600073993206,0.03248000144958496,0.0305824002251029,0.030415999703109264,0.0007553698766752126,0.010432000271975994,0.011487999930977821,0.010816000029444694,0.010832000058144331,0.00033316893322367884,0.01408000010997057,0.019840000197291374,0.014966400060802697,0.0144640002399683,0.00163168942523314,0.1011200025677681,0.11820799857378006,0.10390079990029336,0.1024319976568222,0.004811962172498699,0.0066559999249875546,0.007455999962985516,0.007004800019785762,0.006976000033318996,0.00026405329854854514,7168,128,512,1536,128,64,128,152
0.01635199971497059,0.026688000187277794,0.017961600236594676,0.01702400017529726,0.0029445582026160853,0.022592000663280487,0.03836800158023834,0.024809600226581095,0.023471999913454056,0.004529239562680984,0.04499199986457825,0.052799999713897705,0.046879999339580536,0.04638399928808212,0.0021057363203442125,0.01724799908697605,0.018624000251293182,0.0178975997492671,0.01780799962580204,0.0004438782567258377,0.029632000252604485,0.031936001032590866,0.030428800359368326,0.030352000147104263,0.0006318604342846776,0.01033599954098463,0.011839999817311764,0.011071999836713076,0.01089600007981062,0.0005083873381462051,0.01375999953597784,0.02022399939596653,0.014847999997437,0.014336000196635723,0.0018022561749958632,0.10076799988746643,0.1170239970088005,0.10353920012712478,0.10196800157427788,0.004531095032862035,0.006560000125318766,0.007296000141650438,0.006896000029519201,0.00684799998998642,0.0002516632679069951,7168,128,512,1536,128,64,128,144
0.016063999384641647,0.026176000013947487,0.017663999646902084,0.016656000167131424,0.0028684569740312577,0.02143999934196472,0.03654399886727333,0.023478399962186813,0.021968000568449497,0.004373875244233993,0.044319998472929,0.053888000547885895,0.046361600235104564,0.0457760002464056,0.002592584813741519,0.016863999888300896,0.018688000738620758,0.017926399782299995,0.0180479995906353,0.0005905367442550718,0.029152000322937965,0.03417599946260452,0.030985599756240843,0.030559999868273735,0.001425997449723905,0.010048000141978264,0.010879999957978725,0.010377599950879812,0.01030399976298213,0.00025401234833449473,0.013887999579310417,0.020191999152302742,0.014831999968737363,0.01432000007480383,0.0017959525286492248,0.10067199915647507,0.11772800236940384,0.10306240096688271,0.10151999816298485,0.004903838369215469,0.006399999838322401,0.007424000184983015,0.0069407999981194735,0.006944000022485852,0.00026366528607066233,7168,128,512,1536,128,64,128,136
0.016896000131964684,0.026176000013947487,0.018307199887931346,0.017551999539136887,0.0026382229251320118,0.020896000787615776,0.03315199911594391,0.02280319985002279,0.02171199955046177,0.003490030709012981,0.03855999931693077,0.050464000552892685,0.04030719995498657,0.03895999863743782,0.003429683670082213,0.01600000075995922,0.017503999173641205,0.016633600182831287,0.016447999514639378,0.0004983787101787237,0.024224000051617622,0.030751999467611313,0.02516799997538328,0.024464000016450882,0.001889206277577724,0.009279999881982803,0.013376000337302685,0.01026879996061325,0.009759999811649323,0.0011310496465582712,0.012032000347971916,0.017503999173641205,0.012636799924075603,0.012095999903976917,0.0016232200550611452,0.09196799993515015,0.1080000028014183,0.09610240012407303,0.09318399801850319,0.005192267038482433,0.006432000081986189,0.007135999854654074,0.006943999929353595,0.007007999811321497,0.00021129690614181399,7168,128,512,1536,128,64,128,128
0.01679999940097332,0.027648000046610832,0.01835839990526438,0.01726400014013052,0.0031179251298225066,0.021023999899625778,0.03244800120592117,0.022934400103986265,0.02199999988079071,0.0032027527792106584,0.03814399987459183,0.050655998289585114,0.0400736004114151,0.038816001266241074,0.003566414794017799,0.01583999954164028,0.01724799908697605,0.016531199775636198,0.016479999758303165,0.0005066114352677224,0.023679999634623528,0.03347200155258179,0.025462400168180466,0.02440000046044588,0.0027325475360960296,0.008767999708652496,0.014976000413298607,0.009881599992513656,0.00940799992531538,0.001728936192491295,0.011487999930977821,0.017920000478625298,0.012588800117373466,0.012048000004142523,0.0017857148160343222,0.09126400202512741,0.10655999928712845,0.09617280066013337,0.09404800087213516,0.0051042996050635284,0.0063680000603199005,0.007199999876320362,0.00684799998998642,0.00684799998998642,0.0002137062664904011,7168,128,512,1536,128,64,128,120
0.016575999557971954,0.026655999943614006,0.01813119985163212,0.017103999853134155,0.0028662855697559734,0.02112000063061714,0.03167999908328056,0.022905599698424338,0.021967999637126923,0.0030071417827204194,0.03734400123357773,0.050016000866889954,0.039744000509381296,0.03859200142323971,0.0034947458734956457,0.0161920003592968,0.017343999817967415,0.016851199977099895,0.01688000001013279,0.0003813775913037237,0.024064000695943832,0.0323840007185936,0.025232000462710857,0.024320000782608986,0.002410398868984823,0.008767999708652496,0.014431999996304512,0.009830399882048368,0.009215999860316515,0.0015819008852693728,0.011455999687314034,0.017791999503970146,0.012556799873709678,0.012016000226140022,0.00175744967115309,0.09084799885749817,0.10716799646615982,0.0954431988298893,0.09347200021147728,0.004833910735557566,0.006207999773323536,0.007071999832987785,0.006681599887087941,0.006687999935820699,0.0002306665247204428,7168,128,512,1536,128,64,128,112
0.016863999888300896,0.02611199952661991,0.018172799982130526,0.01740800030529499,0.0026602162694110807,0.020896000787615776,0.03136000037193298,0.022672000341117382,0.021888000890612602,0.0029432433973884476,0.03763199970126152,0.04915200173854828,0.03945920020341873,0.03839999996125698,0.0032557532608922203,0.015936000272631645,0.017216000705957413,0.016496000252664088,0.016448000445961952,0.00045124550174966994,0.024032000452280045,0.033055998384952545,0.025331199541687964,0.024303999729454517,0.002615956115073177,0.008352000266313553,0.012927999719977379,0.009504000004380942,0.00902399979531765,0.0012284832171514824,0.011839999817311764,0.017664000391960144,0.012566399853676557,0.012015999760478735,0.0017029324291835202,0.09123200178146362,0.10569600015878677,0.09521280005574226,0.09275199845433235,0.004922370170675782,0.006271999794989824,0.00687999976798892,0.00660800002515316,0.006704000057652593,0.00022273938658553833,7168,128,512,1536,128,64,128,104
0.016543999314308167,0.026176000013947487,0.018003199994564057,0.017136000096797943,0.002740934061241381,0.02143999934196472,0.033344000577926636,0.023056000284850598,0.022016000002622604,0.003448532801394915,0.04399999976158142,0.05673599988222122,0.0459391999989748,0.04476800002157688,0.0036492123761179174,0.01587199978530407,0.017216000705957413,0.01651840005069971,0.01643200032413006,0.00048715730738241027,0.02409599907696247,0.029503999277949333,0.02575040012598038,0.025535999797284603,0.0014062569748000708,0.008320000022649765,0.015168000012636185,0.009763200022280216,0.009103999938815832,0.0018599929510475972,0.011776000261306763,0.017855999991297722,0.012544000055640936,0.011983999982476234,0.0017736200039891682,0.09091199934482574,0.10784000158309937,0.09392640069127083,0.09216000139713287,0.004858919908012246,0.006240000016987324,0.006943999789655209,0.00668479991145432,0.006768000079318881,0.000233599976700293,7168,128,512,1536,128,64,128,96
0.016416000202298164,0.026688000187277794,0.01792639996856451,0.017008000053465366,0.0029463921462499726,0.021215999498963356,0.03155200183391571,0.022972799837589264,0.022287999279797077,0.002910292914511993,0.04364800080657005,0.05644800141453743,0.04542400054633618,0.04428800009191036,0.0036882900736872315,0.015776000916957855,0.01708799973130226,0.01640000008046627,0.0161920003592968,0.0005090413705290492,0.02473600022494793,0.029343999922275543,0.02589119989424944,0.02532800007611513,0.0013211351203095776,0.008448000065982342,0.014944000169634819,0.009590400010347366,0.008911999873816967,0.0018362564026205093,0.01142400037497282,0.017920000478625298,0.0125088001601398,0.012000000104308128,0.0018132710070863107,0.09244800359010696,0.10940799862146378,0.09557120054960251,0.09409600123763084,0.0046899200905188825,0.006047999951988459,0.006943999789655209,0.006508800061419606,0.0065280001144856215,0.0002631792972922604,7168,128,512,1536,128,64,128,88
0.016063999384641647,0.027103999629616737,0.018022399768233298,0.017231999896466732,0.0030632809255068385,0.021376000717282295,0.03152000159025192,0.023056000471115112,0.02223999984562397,0.002868073427409081,0.04396799951791763,0.05644800141453743,0.04606720022857189,0.04479999840259552,0.0035552623894726815,0.015263999812304974,0.017696000635623932,0.01653759991750121,0.016847999766469002,0.0006724265696946356,0.02425600029528141,0.029983999207615852,0.025475200079381467,0.02502400055527687,0.0015807122507826448,0.008415999822318554,0.01600000075995922,0.009696000069379807,0.009024000260978937,0.002151342861433278,0.011264000087976456,0.018239999189972878,0.01247999994084239,0.011919999960809946,0.0019327573661491399,0.09478399902582169,0.11007999628782272,0.09747199937701226,0.09571199864149094,0.004334457695545622,0.006016000173985958,0.006912000011652708,0.006425600033253431,0.006479999981820583,0.0002875729265912031,7168,128,512,1536,128,64,128,80
0.01603199914097786,0.026464000344276428,0.017510400153696537,0.016464000567793846,0.002995644471441987,0.021247999742627144,0.0323840007185936,0.022902400232851505,0.02179200015962124,0.0031957750186941587,0.04383999854326248,0.056703999638557434,0.04588159993290901,0.044463999569416046,0.0036776284093477086,0.015647999942302704,0.017376000061631203,0.016380800120532512,0.01643200032413006,0.000559853700653896,0.023679999634623528,0.031007999554276466,0.025692799873650075,0.025071999989449978,0.0019192237638300602,0.008191999979317188,0.01532800029963255,0.00945279998704791,0.00878399983048439,0.0020201203710441054,0.011168000288307667,0.018464000895619392,0.012464000191539527,0.011888000182807446,0.0020119453579898693,0.0968639999628067,0.1141119971871376,0.09991680011153221,0.09788800030946732,0.004993602867872732,0.005727999843657017,0.006624000146985054,0.006291199941188097,0.006399999838322401,0.0003043198427241005,7168,128,512,1536,128,64,128,72
0.016127999871969223,0.026079999282956123,0.01757119968533516,0.016719999723136425,0.0028599639340029905,0.01942400075495243,0.03190400078892708,0.0213408000767231,0.020367999561131,0.0035548661084073363,0.035999998450279236,0.04822399839758873,0.03771519996225834,0.03657600097358227,0.003535505754170407,0.01568000018596649,0.017503999173641205,0.016339199803769588,0.01607999950647354,0.000580286290360034,0.020416000857949257,0.02659199945628643,0.021744000352919103,0.021088000386953354,0.0016863267773089944,0.008576000109314919,0.01696000061929226,0.009891199972480535,0.008991999551653862,0.002391042728298553,0.009631999768316746,0.016543999314308167,0.012067199777811765,0.010559999849647284,0.0029173206967042157,0.09961599856615067,0.10288000106811523,0.10132160112261772,0.10148800164461136,0.0011141381358840087,0.005760000087320805,0.0072639998979866505,0.006307199969887734,0.0063680000603199005,0.0004048853219361592,7168,128,512,1536,128,64,128,64
0.01651199907064438,0.02579200081527233,0.017785599827766417,0.016991999931633472,0.0026772282911332883,0.018751999363303185,0.03097599931061268,0.021136000007390975,0.020336000248789787,0.0033394646347662694,0.03561599925160408,0.048767998814582825,0.03758079968392849,0.03625600039958954,0.0037855929174114705,0.01539199985563755,0.01775999926030636,0.016271999664604665,0.016063999384641647,0.0008522156749851465,0.02070399932563305,0.02816000021994114,0.021833599917590617,0.020975999534130096,0.0021415652817604602,0.008448000065982342,0.016575999557971954,0.009632000047713519,0.008736000396311283,0.002337402140456988,0.009344000369310379,0.016448000445961952,0.010924800112843514,0.009823999833315611,0.002131603626966683,0.09440000355243683,0.1016639992594719,0.09996159970760346,0.10075199976563454,0.002060301891924522,0.005663999821990728,0.006527999881654978,0.006291199941188097,0.006304000038653612,0.00022861534966353778,7168,128,512,1536,128,64,128,56
0.016416000202298164,0.02630399912595749,0.01789119988679886,0.017008000053465366,0.0028197590692903207,0.019519999623298645,0.029952000826597214,0.020966400019824506,0.020031999796628952,0.003008980536863208,0.03545600175857544,0.04931199923157692,0.037350400164723394,0.03593600168824196,0.004009583006255253,0.015200000256299973,0.016767999157309532,0.01619519991800189,0.01643200032413006,0.0004945939047319236,0.020608000457286835,0.028192000463604927,0.021705600246787072,0.02097600046545267,0.0021826276186632746,0.00863999966531992,0.015584000386297703,0.00962240006774664,0.008912000339478254,0.0020101019500248446,0.009151999838650227,0.01696000061929226,0.010739200096577407,0.009759999811649323,0.0023023196050684126,0.09603200107812881,0.10208000242710114,0.10003520026803017,0.10035200044512749,0.001768210568399156,0.00559999980032444,0.006463999859988689,0.0061119999270886185,0.006175999995321035,0.0002563997108592266,7168,128,512,1536,128,64,128,48
0.0163199994713068,0.02659199945628643,0.017801599763333797,0.016863999888300896,0.0029521295523801186,0.019071999937295914,0.030239999294281006,0.02076479997485876,0.019647999666631222,0.0032222091383264846,0.03545600175857544,0.05011200159788132,0.037820800021290776,0.03670400008559227,0.004143659422216687,0.015072000212967396,0.017632000148296356,0.01592320017516613,0.01592000015079975,0.000691111102619152,0.020608000457286835,0.0297279991209507,0.02205439992249012,0.02123199962079525,0.002626449313494546,0.008352000266313553,0.016448000445961952,0.009529600013047456,0.008607999887317419,0.0023412457537169144,0.00940799992531538,0.016831999644637108,0.010931199882179499,0.009535999968647957,0.0028327211632032637,0.09600000083446503,0.10342399775981903,0.09972159937024117,0.09982400014996529,0.001979920161050974,0.0055680000223219395,0.006432000081986189,0.006185599928721785,0.0063039998058229685,0.0002730520823355363,7168,128,512,1536,128,64,128,40
0.01635199971497059,0.025728000327944756,0.017724799923598766,0.016768000088632107,0.0027008626852498678,0.01894400082528591,0.030432000756263733,0.020601600222289563,0.01958400011062622,0.0032937873784295935,0.03558399900794029,0.05049600079655647,0.037615999951958655,0.03604800067842007,0.0043234418212200676,0.014816000126302242,0.017152000218629837,0.015423999913036824,0.01524799969047308,0.000635665355440103,0.02022399939596653,0.027327999472618103,0.02145279962569475,0.020719999447464943,0.002004855496691235,0.007968000136315823,0.015456000342965126,0.009356800001114607,0.00863999966531992,0.002062310121009168,0.009344000369310379,0.0163199994713068,0.010745599772781134,0.009503999724984169,0.002528558794106687,0.09811200201511383,0.1016639992594719,0.1002143993973732,0.09982400014996529,0.0010634444547916117,0.005696000065654516,0.006463999859988689,0.0062015999108552934,0.0063039998058229685,0.00026067723765575853,7168,128,512,1536,128,64,128,32
0.016543999314308167,0.0261439997702837,0.017974399961531162,0.017136000096797943,0.0027377135728666015,0.019039999693632126,0.03049599938094616,0.02081920001655817,0.01976000051945448,0.003266264109322381,0.03513599932193756,0.047488000243902206,0.036892800405621526,0.03577600046992302,0.003551119155372163,0.014944000169634819,0.016224000602960587,0.015481600072234869,0.01539199985563755,0.00044358961118909433,0.019840000197291374,0.027775999158620834,0.021408000215888023,0.02068800013512373,0.002177269828748751,0.008352000266313553,0.016448000445961952,0.009459200035780668,0.008495999965816736,0.0023661486081295816,0.008767999708652496,0.0161920003592968,0.010060799960047006,0.009391999803483486,0.0020835023986623905,0.09468799829483032,0.10239999741315842,0.09859839975833892,0.09879999980330467,0.0021700527927171116,0.005663999821990728,0.006463999859988689,0.0061599998734891415,0.00623999978415668,0.00023569472330740857,7168,128,512,1536,128,64,128,24
0.0163199994713068,0.027744000777602196,0.017948799766600132,0.016831999644637108,0.0032862756765490064,0.019039999693632126,0.029791999608278275,0.020534399896860123,0.019696000032126904,0.0031010971233950365,0.034591998904943466,0.048767998814582825,0.0365119993686676,0.03521599993109703,0.004102045355727748,0.014303999952971935,0.015776000916957855,0.01513919997960329,0.015311999712139368,0.00047667110060975226,0.018912000581622124,0.027327999472618103,0.020387199893593787,0.019487999379634857,0.002379235875168652,0.007903999648988247,0.01833599992096424,0.009395199920982122,0.008384000044316053,0.0030002350930665327,0.009440000168979168,0.017503999173641205,0.012518399953842163,0.012079999782145023,0.0028752955578230034,0.0992640033364296,0.10265599936246872,0.1006848007440567,0.10073599964380264,0.0008572410736570671,0.005535999778658152,0.006304000038653612,0.005958399968221784,0.006047999951988459,0.00024235651254481534,7168,128,512,1536,128,64,128,16
0.016896000131964684,0.027488000690937042,0.018361599929630757,0.017231999896466732,0.003067223203781504,0.018848000094294548,0.029791999608278275,0.020502400025725363,0.01953599974513054,0.0031492957386850297,0.03404799848794937,0.04825599864125252,0.03604799993336201,0.03470400162041187,0.004099804064039938,0.014175999909639359,0.015968000516295433,0.014992000255733728,0.014944000169634819,0.000610059734681135,0.01820800080895424,0.027135999873280525,0.01979839988052845,0.018848000094294548,0.002490580762907247,0.00825599953532219,0.0180479995906353,0.009500799980014563,0.008400000166147947,0.0028706852535015535,0.007519999984651804,0.015744000673294067,0.010131199983879924,0.009231999982148409,0.002853215968346144,0.1000640019774437,0.11164800077676773,0.10188800096511841,0.10071999952197075,0.0033129813920910944,0.005311999935656786,0.006271999794989824,0.005910400021821261,0.00598399993032217,0.00027566472126890176,7168,128,512,1536,128,64,128,8
0.016831999644637108,0.026048000901937485,0.018198400177061556,0.0173120005056262,0.002631678747260809,0.018432000651955605,0.030400000512599945,0.020527999848127365,0.01974399946630001,0.0033244367559601504,0.033535998314619064,0.046751998364925385,0.035603199526667594,0.034192001447081566,0.003794778631333088,0.014240000396966934,0.015519999898970127,0.014828800037503243,0.014528000261634588,0.0005029601091556739,0.018112000077962875,0.02860799990594387,0.019856000132858754,0.018976000137627125,0.0029530382470159613,0.0080960001796484,0.016607999801635742,0.009318399988114835,0.008415999822318554,0.002459582490051427,0.006976000033318996,0.01587199978530407,0.011555200070142746,0.012272000312805176,0.002946970616103841,0.0995199978351593,0.10185600072145462,0.1006815992295742,0.10078400000929832,0.000693899287710776,0.005344000179320574,0.006175999995321035,0.005836800066754222,0.0059200001414865255,0.00029090099976811625,7168,128,512,1536,128,64,128,4
0.017184000462293625,0.027168000116944313,0.018380799703299998,0.017343999817967415,0.002934600783283332,0.01894400082528591,0.029472000896930695,0.020550399832427502,0.01974399946630001,0.0029969775936541172,0.033504001796245575,0.04707200080156326,0.035555200278759004,0.034272000193595886,0.003891375201507741,0.014208000153303146,0.01568000018596649,0.01478720000013709,0.014479999896138906,0.0005465259390435796,0.018303999677300453,0.0272000003606081,0.01967680025845766,0.018688000738620758,0.0025419947201986213,0.0081599997356534,0.01788800023496151,0.00945279998704791,0.008320000022649765,0.002846928451256913,0.006783999968320131,0.016127999871969223,0.011104000033810735,0.010768000036478043,0.0031805810509925466,0.09894400089979172,0.10025600343942642,0.09972480088472366,0.0997759997844696,0.0004043167657460559,0.005375999957323074,0.006304000038653612,0.005904000019654632,0.00595200015231967,0.00023307341155528633,7168,128,512,1536,128,64,128,2
0.01711999997496605,0.026528000831604004,0.018352000042796135,0.017503999173641205,0.0027311304329909543,0.018719999119639397,0.028575999662280083,0.02035519964993,0.019615999422967434,0.0027756546002247694,0.033055998384952545,0.047968000173568726,0.03511040061712265,0.033664001151919365,0.004307390057005149,0.013248000293970108,0.015424000099301338,0.014630400110036135,0.014911999925971031,0.0007103423996531566,0.017952000722289085,0.02735999971628189,0.01934720017015934,0.01817600056529045,0.0027149202362791165,0.007679999805986881,0.0180479995906353,0.009059199877083302,0.007935999892652035,0.0030120295492545067,0.006496000103652477,0.01600000075995922,0.010499200085178018,0.009839999955147505,0.0029812411175318175,0.09811200201511383,0.10063999891281128,0.09957119971513748,0.09964799880981445,0.0006361800433632026,0.005280000157654285,0.00595200015231967,0.0057952000293880705,0.005888000130653381,0.00019540969919175252,7168,128,512,1536,128,64,128,1
