time_stats.moe_block_norm.min,time_stats.moe_block_norm.max,time_stats.moe_block_norm.mean,time_stats.moe_block_norm.median,time_stats.moe_block_norm.std,time_stats.moe_router_gate.min,time_stats.moe_router_gate.max,time_stats.moe_router_gate.mean,time_stats.moe_router_gate.median,time_stats.moe_router_gate.std,time_stats.moe_router_softmax.min,time_stats.moe_router_softmax.max,time_stats.moe_router_softmax.mean,time_stats.moe_router_softmax.median,time_stats.moe_router_softmax.std,time_stats.moe_router_topk.min,time_stats.moe_router_topk.max,time_stats.moe_router_topk.mean,time_stats.moe_router_topk.median,time_stats.moe_router_topk.std,time_stats.moe_expert_dispatch.min,time_stats.moe_expert_dispatch.max,time_stats.moe_expert_dispatch.mean,time_stats.moe_expert_dispatch.median,time_stats.moe_expert_dispatch.std,time_stats.moe_expert_gemm.min,time_stats.moe_expert_gemm.max,time_stats.moe_expert_gemm.mean,time_stats.moe_expert_gemm.median,time_stats.moe_expert_gemm.std,time_stats.moe_expert_combine.min,time_stats.moe_expert_combine.max,time_stats.moe_expert_combine.mean,time_stats.moe_expert_combine.median,time_stats.moe_expert_combine.std,time_stats.moe_shared_expert.min,time_stats.moe_shared_expert.max,time_stats.moe_shared_expert.mean,time_stats.moe_shared_expert.median,time_stats.moe_shared_expert.std,time_stats.moe_block_residual.min,time_stats.moe_block_residual.max,time_stats.moe_block_residual.mean,time_stats.moe_block_residual.median,time_stats.moe_block_residual.std,hidden_size,num_routed_experts,num_experts_per_tok,expert_intermediate_size,num_shared_experts,num_tokens
0.06518399715423584,0.08819200098514557,0.06811839938163758,0.06603199988603592,0.006712500030522278,0.038975998759269714,0.03996799886226654,0.039471999555826184,0.03947199881076813,0.0003162174532091096,0.00684799998998642,0.007584000006318092,0.007305600075051188,0.007360000163316727,0.00024994852920025106,0.07568000257015228,0.07692799717187881,0.0763200007379055,0.07656000182032585,0.00043946179679041694,0.5163840055465698,0.5180799961090088,0.5171583950519562,0.5171520113945007,0.0004440521013346199,8.522879600524902,8.640959739685059,8.571727848052978,8.576255798339844,0.037636853521951105,0.7843199968338013,0.7879679799079895,0.7857087969779968,0.7857759892940521,0.0009548805006734078,0.574176013469696,0.5782080292701721,0.5763424098491668,0.5762400031089783,0.0011481794453388795,0.061535999178886414,0.06284800171852112,0.062352000176906584,0.06251199916005135,0.0004281910046714273,7168,256,8,2048,1,4096
0.06505600363016129,0.08278399705886841,0.06736640036106109,0.06569600105285645,0.005160574207569365,0.038943998515605927,0.03977600112557411,0.03926399983465671,0.03923200070858002,0.00025358911695282966,0.007199999876320362,0.007584000006318092,0.007440000120550394,0.007456000195816159,0.00010733130272634741,0.07619199901819229,0.07718399912118912,0.07669439986348152,0.07662400230765343,0.0003428774996031988,0.5166720151901245,0.5197439789772034,0.5177440047264099,0.517087996006012,0.0011987183505152493,8.515775680541992,8.57254409790039,8.548483276367188,8.548928260803223,0.01795933776742948,0.7848960161209106,0.7885760068893433,0.7866207957267761,0.7864319980144501,0.001082662866250097,0.5723839998245239,0.5776320099830627,0.5752640008926392,0.5750719904899597,0.0014927212516662807,0.06108799949288368,0.06300800293684006,0.06191359981894493,0.06155199930071831,0.0006994480553534789,7168,256,8,2048,1,4096
0.06431999802589417,0.08163200318813324,0.06719359979033471,0.06593600288033485,0.004860880184881523,0.0395519994199276,0.04150399938225746,0.040243199467658995,0.040063999593257904,0.0005724691934486166,0.006943999789655209,0.007552000228315592,0.007267200015485286,0.0072639998979866505,0.00018463210346002107,0.07494399696588516,0.07596799731254578,0.07546239942312241,0.07552000135183334,0.00036843194184626055,0.5146880149841309,0.5154240131378174,0.5150943994522095,0.5151039958000183,0.00019676079708096572,8.530207633972168,8.58131217956543,8.561865615844727,8.563295841217041,0.015814014221375666,0.7799680233001709,0.7817919850349426,0.7809472024440766,0.7809280157089233,0.0006115573843231518,0.5750399827957153,0.5775359869003296,0.576310396194458,0.5760959982872009,0.0008641188341822795,0.0607680007815361,0.062431998550891876,0.061417600512504576,0.06124800071120262,0.0005777832942850857,7168,256,8,2048,1,4064
0.06431999802589417,0.08163200318813324,0.06668800115585327,0.06496000289916992,0.005016963912280851,0.03766399994492531,0.03891199827194214,0.03834239989519119,0.03836799971759319,0.0004154580240033353,0.0071680000983178616,0.007615999784320593,0.007398400083184242,0.007392000174149871,0.00013860097531027556,0.07532799988985062,0.07657600194215775,0.0758880004286766,0.07575999945402145,0.00041309750952757917,0.5092800259590149,0.5134400129318237,0.5110815942287446,0.5112800002098083,0.001052602580393635,8.467583656311035,8.526335716247559,8.509686279296876,8.518415927886963,0.020271123804393103,0.7722880244255066,0.7785279750823975,0.7759648025035858,0.7764799892902374,0.001764371729922494,0.5689280033111572,0.5749120116233826,0.5724128007888794,0.5730240046977997,0.001629331461383784,0.06038400158286095,0.06239999830722809,0.06174719966948032,0.06185599975287914,0.0005356913198532908,7168,256,8,2048,1,4032
0.0642239972949028,0.08035200089216232,0.06646080017089843,0.06478400155901909,0.004662136656588275,0.037696000188589096,0.039423998445272446,0.038419200107455254,0.03830400109291077,0.0004853459436065681,0.006943999789655209,0.007872000336647034,0.007337599992752075,0.007376000052317977,0.0002922531963238763,0.07430399954319,0.0772479996085167,0.07548480033874512,0.0753760002553463,0.000841356249835309,0.5053120255470276,0.5131199955940247,0.5086848020553589,0.5090720057487488,0.0025441175733138936,8.461152076721191,8.555904388427734,8.511440086364747,8.504752159118652,0.031164939916253902,0.7668160200119019,0.7746880054473877,0.7704735934734345,0.7701279819011688,0.002536044580890851,0.5692800283432007,0.5777599811553955,0.5728096067905426,0.5727200210094452,0.002258565745109424,0.05987200140953064,0.061824001371860504,0.06086720041930675,0.06088000163435936,0.0007849401463443907,7168,256,8,2048,1,4000
0.06326399743556976,0.0809599980711937,0.06586240008473396,0.06427200138568878,0.005068940766256666,0.03753599897027016,0.040863998234272,0.0384639997035265,0.03828800097107887,0.0008754204524186189,0.007199999876320362,0.0077760000713169575,0.0074240000452846285,0.007392000174149871,0.00014664246172077177,0.07487999647855759,0.07599999755620956,0.07548159956932068,0.07552000135183334,0.00033708079719182635,0.502784013748169,0.5034880042076111,0.5031232059001922,0.5031200051307678,0.0002352362759251149,8.466848373413086,8.498047828674316,8.484256076812745,8.485375881195068,0.007926598221716027,0.7629439830780029,0.7654719948768616,0.7640447974205017,0.7639359831809998,0.0007021390497082807,0.5693759918212891,0.5716800093650818,0.5702623963356018,0.5699199736118317,0.000768407014577656,0.05923200026154518,0.06140799820423126,0.060598399862647055,0.060912000015378,0.0007095128396203292,7168,256,8,2048,1,3968
0.06294400244951248,0.08185599744319916,0.06585280001163482,0.06438399851322174,0.0053675437937039435,0.03779200091958046,0.039103999733924866,0.03819200024008751,0.037967998534440994,0.0004378855706033493,0.006912000011652708,0.007648000027984381,0.007196800038218498,0.007200000109151006,0.0002287272985311645,0.07286400347948074,0.07542400062084198,0.0738144002854824,0.07372800260782242,0.0007394769864073971,0.49875199794769287,0.50518399477005,0.500780799984932,0.4994239956140518,0.0023618104197590415,8.435903549194336,8.556511878967285,8.483599948883057,8.478384017944336,0.039211716743694384,0.756928026676178,0.7641919851303101,0.7588896095752716,0.7580000162124634,0.002434393512358576,0.5673919916152954,0.5756800174713135,0.5704703986644745,0.5691680014133453,0.002959505992672373,0.05929600074887276,0.060575999319553375,0.05987200066447258,0.059696000069379807,0.000502715431301612,7168,256,8,2048,1,3936
0.06259199976921082,0.07897599786520004,0.06509120017290115,0.06366400048136711,0.004673433560480507,0.03753599897027016,0.03951999917626381,0.03843199983239174,0.03831999935209751,0.0006675664630021457,0.0072639998979866505,0.007519999984651804,0.007385600032284856,0.007376000052317977,9.252374834624628e-05,0.07331199944019318,0.07459200173616409,0.07383360043168068,0.07363200187683105,0.0004514269611341914,0.4941760003566742,0.49935999512672424,0.49595839977264405,0.49484799802303314,0.0018223196249146606,8.356863975524902,8.41977596282959,8.388617706298827,8.387616157531738,0.019290600617057927,0.7517759799957275,0.756447970867157,0.7532191932201385,0.7528640031814575,0.0013832286142341646,0.5615360140800476,0.5697600245475769,0.5646656095981598,0.5639039874076843,0.0028397149277888676,0.0586559996008873,0.06067200005054474,0.0597376000136137,0.05998400039970875,0.0007324858233139614,7168,256,8,2048,1,3904
0.062111999839544296,0.07955200225114822,0.0646016001701355,0.0631520003080368,0.005015102132663708,0.037408001720905304,0.03903999924659729,0.03803200013935566,0.03798399865627289,0.0004620095196615196,0.006912000011652708,0.007519999984651804,0.007235199958086014,0.0072639998979866505,0.00019170647489155524,0.07254400104284286,0.0737600028514862,0.07317120134830475,0.0732319988310337,0.0004880816799845374,0.4905279874801636,0.49193599820137024,0.49108160138130186,0.49099200963974,0.00037674830221873766,8.331551551818848,8.383744239807129,8.35968313217163,8.358767986297607,0.015698443955863152,0.7446399927139282,0.7468159794807434,0.745472002029419,0.745279997587204,0.0007239323975541954,0.5627520084381104,0.5660799741744995,0.5636543929576874,0.5633599758148193,0.0009457869885646777,0.05820799991488457,0.05999999865889549,0.05928959995508194,0.05961599946022034,0.0006570221031365755,7168,256,8,2048,1,3872
0.061983998864889145,0.07903999835252762,0.06431359983980656,0.06284800171852112,0.004927621309620963,0.037376001477241516,0.038656000047922134,0.0379296001046896,0.03782400116324425,0.00045188049458398096,0.0072639998979866505,0.007615999784320593,0.007404799992218614,0.007391999941319227,9.406033657617411e-05,0.07295999675989151,0.07401599735021591,0.0734111987054348,0.07339200004935265,0.0003261645607969737,0.4862399995326996,0.4873279929161072,0.48666239678859713,0.48662400245666504,0.0003944701768279943,8.240480422973633,8.295136451721191,8.25644817352295,8.25439977645874,0.014861030888089313,0.7394559979438782,0.741599977016449,0.7401823937892914,0.7400639951229095,0.0007369710799215642,0.5480960011482239,0.5520640015602112,0.5506015956401825,0.5509119927883148,0.0013919791508979517,0.05782400071620941,0.060256000608205795,0.05903040021657944,0.05931200087070465,0.0007803080130551748,7168,256,8,2048,1,3840
0.060896001756191254,0.07795199751853943,0.06347200013697148,0.06176000088453293,0.004851546325392383,0.036959998309612274,0.039583999663591385,0.03823039941489696,0.03827199898660183,0.000749654182861597,0.006943999789655209,0.0074880002066493034,0.007206399971619248,0.007199999876320362,0.00019189342766655996,0.07039999961853027,0.07203199714422226,0.07120320126414299,0.07120000198483467,0.0005307461462027671,0.4803520143032074,0.48156800866127014,0.48084160387516023,0.4808320105075836,0.00031744489655367934,8.178720474243164,10.136351585388184,8.403456020355225,8.210383892059326,0.5778057526277995,0.7308160066604614,0.7447680234909058,0.733158403635025,0.7320640087127686,0.003909059595923552,0.5466240048408508,0.5515199899673462,0.5491967976093293,0.549344003200531,0.0014762437977762792,0.05689600110054016,0.05974400043487549,0.058505600318312645,0.05881600081920624,0.0008539922773327366,7168,256,8,2048,1,3808
0.06111999973654747,0.07923199981451035,0.06362880021333694,0.06172800064086914,0.005248276943186414,0.03747199848294258,0.0395519994199276,0.03805759996175766,0.03792000003159046,0.0005507440599926801,0.0071680000983178616,0.007519999984651804,0.007292800024151802,0.007231999887153506,0.00012835950669861802,0.07027199864387512,0.07168000191450119,0.07113280072808266,0.07144000008702278,0.0005280392582777398,0.47628799080848694,0.4773760139942169,0.4770272046327591,0.47705599665641785,0.0002870983148221012,8.146944046020508,8.19968032836914,8.167779350280762,8.167088031768799,0.014903101394684485,0.7258239984512329,0.7279360294342041,0.7270016074180603,0.7271040081977844,0.0007814573249133597,0.54448002576828,0.5489919781684875,0.5468864023685456,0.5475200116634369,0.0015169235748365437,0.05711999908089638,0.05878400057554245,0.05811839960515499,0.05833600088953972,0.0005244095304192864,7168,256,8,2048,1,3776
0.061055999249219894,0.07852800190448761,0.0636608000844717,0.06216000020503998,0.0049818199683981206,0.03721600025892258,0.0395519994199276,0.037913599982857704,0.03759999945759773,0.0006923842261571108,0.006912000011652708,0.007712000049650669,0.007225600024685264,0.0071199999656528234,0.0002932150630123116,0.0703359991312027,0.07180800288915634,0.07115520015358925,0.07116799801588058,0.00045304654072429273,0.472351998090744,0.4734080135822296,0.4730048030614853,0.47310400009155273,0.00031685164637000417,8.12889575958252,8.171487808227539,8.1488862991333,8.151855945587158,0.014205223849702561,0.7193599939346313,0.7217599749565125,0.7204351961612702,0.7202560007572174,0.000798098041352658,0.5447679758071899,0.5480319857597351,0.5465535998344422,0.5468800067901611,0.0009102684146758557,0.05619199946522713,0.05817599967122078,0.05682239979505539,0.056784000247716904,0.0004986358704315522,7168,256,8,2048,1,3744
0.06067200005054474,0.07711999863386154,0.06294080018997192,0.06147199869155884,0.004752003813965291,0.03686400130391121,0.03888000175356865,0.03813120052218437,0.03840000182390213,0.0006868012336046145,0.007135999854654074,0.007712000049650669,0.007289599953219294,0.0072639998979866505,0.00014858484291496065,0.07100799679756165,0.0716480016708374,0.07121599838137627,0.07124799862504005,0.00018782262172583152,0.4683839976787567,0.4694719910621643,0.46894400119781493,0.4690079987049103,0.0003344690291367837,8.079008102416992,8.138496398925781,8.117471981048585,8.122639656066895,0.017410230788285953,0.7136639952659607,0.7158079743385315,0.7148351907730103,0.715039998292923,0.0006850088498121015,0.5419520139694214,0.5463039875030518,0.5443903982639313,0.5442079901695251,0.0014076914311473591,0.05593600124120712,0.05782400071620941,0.056745600700378415,0.05644800141453743,0.0007637278065257048,7168,256,8,2048,1,3712
0.059647999703884125,0.07744000107049942,0.06245119981467724,0.060912000015378,0.0050323746136424026,0.037248000502586365,0.03968000039458275,0.037910399958491325,0.03755199909210205,0.0008184814209587308,0.006624000146985054,0.007424000184983015,0.007014400092884898,0.007087999954819679,0.00025711756540838175,0.0689919963479042,0.06988800317049026,0.06939519941806793,0.06937599927186966,0.00029854701028300006,0.46460801362991333,0.4652160108089447,0.46496640145778656,0.4649920016527176,0.0001859301041125032,8.08124828338623,8.12662410736084,8.10850887298584,8.110479831695557,0.012939139555784393,0.7072640061378479,0.7103360295295715,0.7082592070102691,0.7080479860305786,0.0009096659976655298,0.5424960255622864,0.5468800067901611,0.5444384038448333,0.5442560017108917,0.0013139492889292013,0.05555199831724167,0.05711999908089638,0.056326399371027944,0.05617599934339523,0.0005972608772462775,7168,256,8,2048,1,3680
0.060095999389886856,0.0764480009675026,0.06217280067503452,0.06072000041604042,0.004770757982902929,0.036896001547575,0.03868800029158592,0.03779199980199337,0.03779199905693531,0.0005856954162679567,0.00687999976798892,0.007424000184983015,0.00713280001655221,0.007151999976485968,0.0001590049767508769,0.06908799707889557,0.07049600034952164,0.06977280080318451,0.06971200183033943,0.000380302696611726,0.4604800045490265,0.46112000942230225,0.46086080372333527,0.46089600026607513,0.0001943589127151662,8.05510425567627,8.083776473999023,8.06822099685669,8.065104007720947,0.009400392741587726,0.701088011264801,0.703935980796814,0.7024511933326721,0.7024959921836853,0.00093910102538034,0.5399680137634277,0.5435839891433716,0.5419647991657257,0.5418879985809326,0.0009932581505897816,0.05500800162553787,0.05724800005555153,0.0562304001301527,0.05655999854207039,0.0007383333040981667,7168,256,8,2048,1,3648
0.060256000608205795,0.0772479996085167,0.06230080015957355,0.06062399968504906,0.004989916290246428,0.03702399879693985,0.03903999924659729,0.03772799968719483,0.03758399933576584,0.000609009451239994,0.006591999903321266,0.007391999941319227,0.0070079999510198835,0.007039999822154641,0.0002619313091055443,0.06841599941253662,0.06976000219583511,0.06922880038619042,0.06934399902820587,0.00043880896519125434,0.45635199546813965,0.45788800716400146,0.45717760026454923,0.4572159945964813,0.00040899927001382153,8.037055969238281,8.095168113708496,8.063769626617432,8.066895961761475,0.016356937713817132,0.6961280107498169,0.697376012802124,0.6967167973518371,0.6966879963874817,0.00040960274662749194,0.5399680137634277,0.54448002576828,0.5422048091888427,0.5423679947853088,0.0013875987751454616,0.054336000233888626,0.05628800019621849,0.05517760030925274,0.054816000163555145,0.0007595603976776036,7168,256,8,2048,1,3616
0.0594559982419014,0.07625599950551987,0.06178239993751049,0.0602400004863739,0.00485097301080984,0.0379519984126091,0.03932800143957138,0.03842240013182163,0.03835200145840645,0.0003893105755542196,0.006976000033318996,0.0072639998979866505,0.007155199954286218,0.007199999876320362,9.296538213424e-05,0.06947200000286102,0.07020799815654755,0.06984959989786148,0.0697920024394989,0.00028254266569398046,0.4519039988517761,0.45344001054763794,0.4528287976980209,0.4528319984674454,0.0004528753923172801,8.058976173400879,8.102368354797363,8.073110580444336,8.071376323699951,0.012076967455893827,0.6893439888954163,0.692031979560852,0.6907551944255829,0.6904799938201904,0.0008253820876243219,0.5355520248413086,0.5471360087394714,0.5412864029407501,0.540800005197525,0.0029613277207237044,0.05398400127887726,0.05587200075387955,0.054854399710893634,0.054767999798059464,0.0007220664908295009,7168,256,8,2048,1,3584
0.05894400179386139,0.07635200023651123,0.06160319969058037,0.060127999633550644,0.00494518469759648,0.03743999823927879,0.04054399952292442,0.038684799894690515,0.03859199956059456,0.000739116956589487,0.006783999968320131,0.007424000184983015,0.007065600017085671,0.007040000054985285,0.0001971574718408449,0.06710399687290192,0.06825599819421768,0.0676319994032383,0.06750399991869926,0.00037543838680486593,0.4487040042877197,0.44924798607826233,0.4489472061395645,0.44891200959682465,0.0001676218381288187,8.04428768157959,8.10524845123291,8.074655914306641,8.08023977279663,0.017815967200712043,0.6832960247993469,0.6857600212097168,0.6841696083545685,0.6838079988956451,0.0007339161212938224,0.5362560153007507,0.5491200089454651,0.5410624027252198,0.5403999984264374,0.003400887172710606,0.053568001836538315,0.055743999779224396,0.054579200223088264,0.05439999885857105,0.0006570834887408696,7168,256,8,2048,1,3552
0.05862399935722351,0.0767040029168129,0.06111999973654747,0.05920000001788139,0.0052331507975997196,0.037856001406908035,0.03939199820160866,0.038540799915790555,0.03859199956059456,0.00046772544965444996,0.007104000076651573,0.007424000184983015,0.007203200040385127,0.0071680000983178616,0.00010264976152816679,0.06761600077152252,0.06943999975919724,0.0682559996843338,0.06812799721956253,0.0004940867269708332,0.44470399618148804,0.4456000030040741,0.44516160190105436,0.44519999623298645,0.00022810116572232297,7.972832202911377,8.030879974365234,7.99544324874878,7.989552021026611,0.01855732041062947,0.6768959760665894,0.6808000206947327,0.6787967920303345,0.6785919964313507,0.0010212235533351597,0.5342079997062683,0.5373439788818359,0.5358240008354187,0.5359359979629517,0.0010107325962773243,0.0533440001308918,0.055456001311540604,0.05459839999675751,0.05486400052905083,0.0007312260740757851,7168,256,8,2048,1,3520
0.058400001376867294,0.07516799867153168,0.06074560023844242,0.05929600074887276,0.00483197936632789,0.03788800165057182,0.03951999917626381,0.038505600020289424,0.03844800032675266,0.0004895161418292242,0.006719999946653843,0.007391999941319227,0.007046399964019656,0.007055999943986535,0.00022977697029537609,0.06691200286149979,0.06825599819421768,0.06757759973406792,0.06760000064969063,0.0004850499217163608,0.44041600823402405,0.44118401408195496,0.4408096045255661,0.4408160001039505,0.00021753036627648534,7.945856094360352,7.992191791534424,7.973164749145508,7.976143836975098,0.014307449112525558,0.6718720197677612,0.6787840127944946,0.6731232106685638,0.672512024641037,0.0019609200439549973,0.5336639881134033,0.536736011505127,0.5351104080677033,0.5347840189933777,0.0010143398405869808,0.05270399898290634,0.05500800162553787,0.05378879979252815,0.05371199920773506,0.0008284795140719405,7168,256,8,2048,1,3488
0.058368001133203506,0.07542400062084198,0.06077760010957718,0.05936000123620033,0.004909431140173202,0.03683200106024742,0.03916800022125244,0.037936000153422356,0.03795200027525425,0.0005829360489018626,0.006976000033318996,0.007327999919652939,0.007126400014385581,0.007136000087484717,0.00013352093022705487,0.06678400188684464,0.06809599697589874,0.0674464002251625,0.06748799979686737,0.00043431694532837197,0.43619200587272644,0.43721601366996765,0.4367583990097046,0.436831995844841,0.0002786203707187118,7.997344017028809,8.0414400100708,8.015382385253906,8.015408039093018,0.0135109868157692,0.6647359728813171,0.6684160232543945,0.6667232036590576,0.6671040058135986,0.0011634541772115909,0.5375999808311462,0.5424960255622864,0.539686405658722,0.5394240021705627,0.0016896492233644577,0.052352000027894974,0.05443200096487999,0.05342400074005127,0.05305600166320801,0.0007795462773907055,7168,256,8,2048,1,3456
0.05753599852323532,0.07503999769687653,0.060198399052023885,0.058528000488877296,0.004988281217961423,0.03750399872660637,0.038975998759269714,0.03805759996175766,0.037936000153422356,0.00042909818166443826,0.006719999946653843,0.007296000141650438,0.006972800055518746,0.006976000033318996,0.00021439997910234173,0.06550399959087372,0.06681600213050842,0.06609599962830544,0.0660959966480732,0.00041532258784422835,0.4325439929962158,0.43299201130867004,0.4327968031167984,0.4327999949455261,0.00011753449141386159,7.997824192047119,8.21945571899414,8.037279987335205,8.019743919372559,0.06278426549430481,0.6583679914474487,0.6616640090942383,0.6605024039745331,0.6605600118637085,0.000944739952521203,0.5355520248413086,0.5426239967346191,0.5384096086025238,0.5384480059146881,0.0019272422114660136,0.05222399905323982,0.05379199981689453,0.05298880003392696,0.05289600044488907,0.0006114342077490833,7168,256,8,2048,1,3424
0.057792000472545624,0.07503999769687653,0.06016959995031357,0.05867199972271919,0.004985226417371996,0.037248000502586365,0.0390079990029335,0.038233599811792376,0.038207998499274254,0.0005631994540727821,0.006976000033318996,0.007391999941319227,0.007103999983519316,0.007055999943986535,0.00012143149098815817,0.06537599861621857,0.06639999896287918,0.06589119955897331,0.06579200178384781,0.00039876889934744507,0.4283199906349182,0.4291520118713379,0.42889600098133085,0.4289279878139496,0.00023689069013846714,7.890175819396973,7.922207832336426,7.901849603652954,7.901440143585205,0.009402904480847038,0.6528639793395996,0.6568639874458313,0.6546463966369629,0.6545439958572388,0.0011353543742356489,0.5298879742622375,0.5341759920120239,0.5309151887893677,0.5307839810848236,0.0011690703764273673,0.05145600065588951,0.0541439987719059,0.05265920050442219,0.05289600044488907,0.0008056376547973361,7168,256,8,2048,1,3392
0.057440001517534256,0.07555200159549713,0.05968320034444332,0.0579840000718832,0.005295868926391057,0.03721600025892258,0.03807999938726425,0.03762240000069141,0.03763199970126152,0.0002487164715603028,0.006624000146985054,0.007360000163316727,0.006950400024652481,0.006991999922320247,0.00023331485853412076,0.06540799885988235,0.06672000139951706,0.06605119928717613,0.06611199676990509,0.00045038241676786375,0.4244160056114197,0.42582398653030396,0.42496639788150786,0.4248320013284683,0.00040217815247392405,7.855807781219482,7.904352188110352,7.879878425598145,7.879744052886963,0.013716256754466994,0.647487998008728,0.6493440270423889,0.6485984027385712,0.6487679779529572,0.0005684974053200611,0.5303040146827698,0.5328959822654724,0.5313823997974396,0.5312159955501556,0.000835190993260114,0.05119999870657921,0.0530879981815815,0.05211839973926544,0.05204799957573414,0.0007650675965559966,7168,256,8,2048,1,3360
0.057023998349905014,0.07372800260782242,0.05933119989931583,0.057711999863386154,0.004835802326874635,0.036959998309612274,0.03884800150990486,0.03768319971859455,0.03763199970126152,0.0005205689161651083,0.006976000033318996,0.00723200011998415,0.007084799977019429,0.007055999943986535,8.120692008046991e-05,0.06537599861621857,0.0666240006685257,0.06607039868831635,0.06620799750089645,0.0004264652850036458,0.42022401094436646,0.4212160110473633,0.4207776069641113,0.42075200378894806,0.00030156216583477577,7.780191898345947,7.824575901031494,7.801385545730591,7.800559997558594,0.01476204212733083,0.6414399743080139,0.6456639766693115,0.6432959973812103,0.6434080004692078,0.0010849838787981676,0.5178239941596985,0.5219839811325073,0.5195072054862976,0.5195520222187042,0.001277373385618969,0.050783999264240265,0.052928000688552856,0.05176960006356239,0.05204800143837929,0.0006900139441768481,7168,256,8,2048,1,3328
0.05619199946522713,0.07436800003051758,0.05904640033841133,0.05750400014221668,0.0051305051493335824,0.036928001791238785,0.039455998688936234,0.0377567995339632,0.037487998604774475,0.0007100029505844481,0.006688000168651342,0.007648000027984381,0.00701760002411902,0.006895999889820814,0.0003244648428433574,0.06384000182151794,0.06473600119352341,0.06433599963784217,0.0642399974167347,0.00033782414831133134,0.416159987449646,0.4171839952468872,0.4166943967342377,0.41678400337696075,0.00036176881058002866,7.737472057342529,7.792511940002441,7.761657667160034,7.757936000823975,0.018544212695220885,0.6359040141105652,0.6380159854888916,0.6368768036365509,0.6367839872837067,0.0005981836620598257,0.5171520113945007,0.5204799771308899,0.5184991955757141,0.5181919932365417,0.0010752541371094931,0.05049600079655647,0.05212799832224846,0.05114879943430424,0.05097599886357784,0.0005836287029506071,7168,256,8,2048,1,3296
0.056063998490571976,0.07286400347948074,0.05851520001888275,0.05684799887239933,0.004806784698578848,0.036607999354600906,0.038336001336574554,0.03748799972236157,0.037567999213933945,0.00055171024003002,0.00687999976798892,0.007327999919652939,0.007023999933153391,0.006991999922320247,0.00012739863317247634,0.06371200084686279,0.06489600241184235,0.06442880183458329,0.06472000107169151,0.0004265009935748197,0.4119360148906708,0.4134719967842102,0.41256319880485537,0.41254399716854095,0.00046177327839516544,7.706208229064941,7.732639789581299,7.7169312000274655,7.717455863952637,0.007868842699279727,0.6297919750213623,0.6326720118522644,0.6312991976737976,0.6313279867172241,0.0010051755867221657,0.5153279900550842,0.5181760191917419,0.5166400015354157,0.5164479911327362,0.0008807920277641196,0.0498879998922348,0.05180799961090088,0.05063360035419464,0.05051200091838837,0.0006002107519511697,7168,256,8,2048,1,3264
0.055615998804569244,0.07264000177383423,0.05816959999501705,0.05673599988222122,0.004842305891983677,0.036479998379945755,0.03791999816894531,0.037084800004959104,0.03705599904060364,0.00038144471149771035,0.006688000168651342,0.007807999849319458,0.007062399946153164,0.007023999933153391,0.00032978628260314487,0.06364800035953522,0.06489600241184235,0.06430080085992813,0.06435199826955795,0.0004744643930178684,0.40809598565101624,0.40889599919319153,0.40844800472259524,0.4084480106830597,0.00022763012817437225,7.67683219909668,9.140192031860352,7.839619207382202,7.697183847427368,0.4336393001765018,0.6239680051803589,0.6274880170822144,0.625164806842804,0.624752014875412,0.0011142442309069625,0.5158079862594604,0.5179200172424316,0.5170176029205322,0.5172159969806671,0.0007000345173449595,0.049536000937223434,0.05087999999523163,0.049910399690270425,0.04972799867391586,0.00045414052013844204,7168,256,8,2048,1,3232
0.05526399984955788,0.0727040022611618,0.05780480057001114,0.05616000108420849,0.005006752120784572,0.03619199991226196,0.03753599897027016,0.036745600029826166,0.036720000207424164,0.00038454574352646877,0.006943999789655209,0.00723200011998415,0.007068799948319793,0.007055999943986535,9.961212232423732e-05,0.06419199705123901,0.06473600119352341,0.06446719914674759,0.06446399912238121,0.000163295333925585,0.40400001406669617,0.40515199303627014,0.4046239972114563,0.40463998913764954,0.00034174071116660883,7.727104187011719,7.760128021240234,7.752534437179565,7.755887985229492,0.009289480425498563,0.6177600026130676,0.620576024055481,0.6192671954631805,0.6191200017929077,0.0007972414783394388,0.5187519788742065,0.5256959795951843,0.5214239895343781,0.5212959945201874,0.002134149673748751,0.04879999905824661,0.050944000482559204,0.04990079998970032,0.04998399876058102,0.0006906668007115189,7168,256,8,2048,1,3200
0.053119998425245285,0.07075200229883194,0.0560224000364542,0.05459200032055378,0.004953990458995606,0.03638400137424469,0.03830400109291077,0.0370048001408577,0.03680000081658363,0.0005645441252636295,0.006560000125318766,0.007327999919652939,0.006902399938553572,0.006880000000819564,0.00021563814376837143,0.06207999959588051,0.0631679967045784,0.06255999915301799,0.06239999830722809,0.00038293127692197313,0.3999359905719757,0.40083199739456177,0.4004447996616364,0.4004479944705963,0.0002870952256062838,7.498432159423828,7.550432205200195,7.525641584396363,7.527343988418579,0.015053751406051677,0.6120319962501526,0.6145280003547668,0.6129535973072052,0.6127679944038391,0.0007412387331549703,0.49616000056266785,0.5093439817428589,0.5000768005847931,0.49931199848651886,0.0034315319229835154,0.04854400083422661,0.050303999334573746,0.049251199886202815,0.0490880012512207,0.0005188438784573166,7168,256,8,2048,1,3168
0.05315199866890907,0.07494399696588516,0.05586559996008873,0.05371199920773506,0.0063701662859032586,0.03577600046992302,0.03776000067591667,0.03652480021119118,0.03641599975526333,0.0005961284761525351,0.00687999976798892,0.0071680000983178616,0.0069887999445199965,0.006976000033318996,8.96000270067242e-05,0.06294400244951248,0.06355199962854385,0.06327999904751777,0.06327999755740166,0.00018284774688611814,0.39552000164985657,0.397024005651474,0.39631359577178954,0.3963199853897095,0.0004181597819933603,7.4989118576049805,7.577663898468018,7.534124803543091,7.530640125274658,0.022524307014637875,0.6061760187149048,0.6085759997367859,0.6074879944324494,0.6074559986591339,0.0007686611265174271,0.4957759976387024,0.5077760219573975,0.5008928000926971,0.5013920068740845,0.00366342300633507,0.04838399961590767,0.05100800096988678,0.049353599548339844,0.049375999718904495,0.0008566266847711518,7168,256,8,2048,1,3136
0.05238400027155876,0.06963200122117996,0.05497920028865337,0.05326399952173233,0.004932786492695634,0.035840000957250595,0.03711999952793121,0.036550399661064145,0.03654399886727333,0.0003780333618135293,0.006527999881654978,0.008191999979317188,0.007004799973219633,0.006880000000819564,0.00043370331760300755,0.06239999830722809,0.06339199841022491,0.06285759955644607,0.0628800019621849,0.00033836875529228143,0.3917120099067688,0.3932479918003082,0.3924927979707718,0.3924639970064163,0.0004170317154845225,7.490079879760742,7.533247947692871,7.51911678314209,7.523999929428101,0.01275803874360469,0.6005439758300781,0.6027200222015381,0.60139200091362,0.6013439893722534,0.0006767534226093272,0.4950079917907715,0.5090240240097046,0.5015520036220551,0.501552015542984,0.004776039444812981,0.04809600114822388,0.05011200159788132,0.04914880059659481,0.049295999109745026,0.0006336403492898636,7168,256,8,2048,1,3104
0.051263999193906784,0.0689919963479042,0.05401279889047146,0.052319999784231186,0.005040470511979742,0.03519999980926514,0.036607999354600906,0.0357439998537302,0.035760000348091125,0.00040248797860110644,0.006752000190317631,0.007104000076651573,0.006934399902820587,0.006943999789655209,8.472445741539066e-05,0.06207999959588051,0.06323199719190598,0.06277120076119899,0.06292800232768059,0.0003898747722999178,0.3880319893360138,0.38950398564338684,0.3885695993900299,0.3885120004415512,0.00043567045565375885,7.211167812347412,7.268223762512207,7.240553569793701,7.238240003585815,0.015005220629744088,0.5938559770584106,0.5962240099906921,0.5955007970333099,0.5956960022449493,0.0006489379515020029,0.465503990650177,0.469215989112854,0.46703040301799775,0.4665760099887848,0.001336131266044641,0.047200001776218414,0.04912000149488449,0.04806080013513565,0.04784000106155872,0.0007919535727355548,7168,256,8,2048,1,3072
0.051072001457214355,0.06851200014352798,0.05339840017259121,0.05166400037705898,0.0050754673348444275,0.03542400151491165,0.03654399886727333,0.03580479994416237,0.03566399961709976,0.00037055104464656156,0.006560000125318766,0.007391999941319227,0.006889600027352572,0.006864000111818314,0.00027454804316089673,0.06188800185918808,0.06310400366783142,0.06243520118296146,0.06220800057053566,0.00039619385342614077,0.3839679956436157,0.3850559890270233,0.38447039723396303,0.38444799184799194,0.00027342248408742883,7.224800109863281,7.275424003601074,7.254422378540039,7.256080150604248,0.012707302157091533,0.5876479744911194,0.5901119709014893,0.5890719950199127,0.5892960131168365,0.0007963115875374533,0.46537598967552185,0.47062399983406067,0.4673920005559921,0.4671040028333664,0.0014487179967456313,0.04681599885225296,0.04848000034689903,0.04777600020170212,0.04808000102639198,0.0006335675517492528,7168,256,8,2048,1,3040
0.05036799982190132,0.0682239979505539,0.05301439985632896,0.051263999193906784,0.005101587279506062,0.035232000052928925,0.036288000643253326,0.035705599933862686,0.03569599986076355,0.0003315667027934134,0.006816000211983919,0.0072639998979866505,0.00703359991312027,0.007023999933153391,0.0001310046792678936,0.06108799949288368,0.062463998794555664,0.06162559948861599,0.06151999905705452,0.0003413068475327508,0.3800959885120392,0.38102400302886963,0.3806559979915619,0.3806559890508652,0.00023957363337319756,7.195807933807373,7.242623805999756,7.214844751358032,7.213840007781982,0.014677566522327188,0.5824000239372253,0.5850560069084167,0.5837760090827941,0.583840012550354,0.0008211021957849333,0.4621120095252991,0.46694400906562805,0.4650624096393585,0.465024009346962,0.0015980013490766002,0.04633599892258644,0.048128001391887665,0.04712639972567558,0.046911999583244324,0.000635190365654074,7168,256,8,2048,1,3008
0.050655998289585114,0.06777600198984146,0.05323839969933033,0.052032001316547394,0.004881591117950331,0.03510399907827377,0.03606399893760681,0.03540479987859726,0.035312000662088394,0.0003022941601948536,0.006527999881654978,0.007199999876320362,0.006883199978619814,0.006895999889820814,0.0001851856869870947,0.06054399907588959,0.06185600161552429,0.061283199861645696,0.06127999909222126,0.00046072296302162344,0.37596800923347473,0.3777279853820801,0.3766463965177536,0.37667199969291687,0.0005000141488189619,7.422815799713135,7.4892802238464355,7.451590442657471,7.45139217376709,0.019856423281598045,0.576960027217865,0.577888011932373,0.5773759961128235,0.5773600041866302,0.000322872715807887,0.49487999081611633,0.49990400671958923,0.4979903995990753,0.4981119930744171,0.0012271357168522664,0.04572800174355507,0.04774399846792221,0.046748799830675127,0.046879999339580536,0.0007210225531578866,7168,256,8,2048,1,2976
0.04979199916124344,0.06639999896287918,0.052409599721431735,0.05084799975156784,0.0047285950877735145,0.03417599946260452,0.03548799827694893,0.0346815999597311,0.034671999514102936,0.0003597117471627138,0.006783999968320131,0.00723200011998415,0.006979199917986989,0.006991999922320247,0.0001283595473298692,0.061184000223875046,0.06163199990987778,0.06147519983351231,0.061503998935222626,0.00012512726985055943,0.37171199917793274,0.3731519877910614,0.3725248008966446,0.3726560026407242,0.0004446013527024056,7.457695960998535,7.507936000823975,7.490873670578003,7.491840124130249,0.01435825416577175,0.570527970790863,0.5722240209579468,0.571647995710373,0.5716959834098816,0.0005240675530885054,0.4981440007686615,0.5047360062599182,0.5011871963739395,0.5013119876384735,0.0019724778832624717,0.045184001326560974,0.04694399982690811,0.045926399901509284,0.045823998749256134,0.0004652230114378611,7168,256,8,2048,1,2944
0.048928000032901764,0.06566400080919266,0.05146240033209324,0.050176000222563744,0.004770744111218777,0.03404799848794937,0.036159999668598175,0.034815999865531924,0.034543998539447784,0.0006419172252104345,0.006527999881654978,0.0072639998979866505,0.006838399963453412,0.006783999968320131,0.00024076676595518744,0.06028800085186958,0.061824001371860504,0.06094079986214638,0.06087999977171421,0.000558343000653746,0.36822399497032166,0.3689599931240082,0.3685119986534119,0.36852799355983734,0.00022852515476089918,7.248928070068359,8.420960426330566,7.381904077529907,7.269951820373535,0.3465349683502732,0.5648639798164368,0.5698879957199097,0.5660543978214264,0.5655680000782013,0.0013540795040482534,0.477183997631073,0.4800640046596527,0.4787839978933334,0.47920000553131104,0.0009562630203541967,0.04495999962091446,0.04681599885225296,0.045843199640512464,0.04607999883592129,0.0006753738582462129,7168,256,8,2048,1,2912
0.048608001321554184,0.0660799965262413,0.05089919976890087,0.049167999997735023,0.005085526830887294,0.03388800099492073,0.03548799827694893,0.034518399834632875,0.034543998539447784,0.00044318487770536613,0.00684799998998642,0.0071680000983178616,0.0070431999862194065,0.007072000065818429,9.64788332185914e-05,0.059647999703884125,0.0650240033864975,0.06045759990811348,0.060015998780727386,0.0015278494917986666,0.3640959858894348,0.3689279854297638,0.36515520215034486,0.36476801335811615,0.0013083577687606305,7.263008117675781,7.316351890563965,7.293052816390992,7.293616056442261,0.014485469364200233,0.5584319829940796,0.5616639852523804,0.5601440012454987,0.5602400004863739,0.0008795396693971119,0.4752959907054901,0.4923200011253357,0.4854816019535065,0.4857280105352402,0.004919998503459275,0.04464000090956688,0.04604800045490265,0.04545920006930828,0.045791998505592346,0.0006044862930135945,7168,256,8,2048,1,2880
0.047488000243902206,0.06569600105285645,0.05016000010073185,0.048576001077890396,0.005209188467908377,0.033824000507593155,0.034623999148607254,0.03423999957740307,0.03420799970626831,0.0002684945788396733,0.006527999881654978,0.0071680000983178616,0.006819200003519654,0.00684799998998642,0.00020858992431964,0.05881600081920624,0.06265600025653839,0.05978239998221398,0.059647999703884125,0.0010250794844557248,0.3600960075855255,0.36131200194358826,0.3607360005378723,0.3607199937105179,0.0003266473862559178,7.249792098999023,7.314527988433838,7.274729633331299,7.275727987289429,0.017430058386922864,0.5524479746818542,0.5585600137710571,0.5544095933437347,0.5539360046386719,0.0018795248031946235,0.4773760139942169,0.48982399702072144,0.48427519798278806,0.4840959906578064,0.004118937999545866,0.04419200122356415,0.04572800174355507,0.04478720054030418,0.04460800066590309,0.0005408288696044409,7168,256,8,2048,1,2848
0.04745600000023842,0.06454399973154068,0.04963199980556965,0.04787199944257736,0.004989558348877173,0.03356799855828285,0.034752000123262405,0.034079999476671216,0.03399999998509884,0.00042573244388707945,0.006783999968320131,0.007071999832987785,0.006921599991619587,0.006895999889820814,0.00010022691174272254,0.05967999994754791,0.066880002617836,0.06054400056600571,0.059808000922203064,0.0021227852172326614,0.355648010969162,0.357695996761322,0.3566720008850098,0.3567200005054474,0.0005979767025025435,6.8467841148376465,6.872191905975342,6.861878395080566,6.8643200397491455,0.008124609246359576,0.5464640259742737,0.5494080185890198,0.5481504023075103,0.548335999250412,0.0008070169174801741,0.4286080002784729,0.43248000741004944,0.4305535972118378,0.4306719899177551,0.0013623022471150302,0.04368000105023384,0.045471999794244766,0.044403199851512906,0.04403200000524521,0.0006233348961263877,7168,256,8,2048,1,2816
0.04684799909591675,0.06460800021886826,0.04939839951694012,0.047887999564409256,0.005091944330996498,0.033504001796245575,0.03481600061058998,0.03392960019409656,0.03388800099492073,0.00042550390394640534,0.006527999881654978,0.007327999919652939,0.0068448000121861695,0.00684799998998642,0.00022917446977126771,0.05843200162053108,0.06531199812889099,0.059756800159811975,0.059167999774217606,0.0019155247502619774,0.3521920144557953,0.3533119857311249,0.3527231991291046,0.3526719957590103,0.00033991874156831905,6.831168174743652,6.872928142547607,6.849718427658081,6.84771203994751,0.012382907858841946,0.540831983089447,0.5423039793968201,0.5415679931640625,0.5415039956569672,0.00041698308352042896,0.42822399735450745,0.4329279959201813,0.4303871989250183,0.4299840033054352,0.0014916391741796116,0.043296001851558685,0.045343998819589615,0.04402559995651245,0.04355200007557869,0.0007483896431778043,7168,256,8,2048,1,2784
0.046751998364925385,0.06403200328350067,0.049190400168299675,0.04758400097489357,0.004979715154667291,0.032735999673604965,0.0350399985909462,0.03375359997153282,0.03377600014209747,0.0006876350272664431,0.006752000190317631,0.0072639998979866505,0.006991999968886375,0.007007999811321497,0.00013893299842513934,0.05782400071620941,0.06281600147485733,0.0586944006383419,0.05828800052404404,0.0013829631523546422,0.3484799861907959,0.35068801045417786,0.34886079728603364,0.34863999485969543,0.000628288805158307,6.765279769897461,6.81382417678833,6.786793565750122,6.7828638553619385,0.018176070149880135,0.5342079997062683,0.5375999808311462,0.5359775960445404,0.5361279845237732,0.0011471848864303173,0.4261760115623474,0.4299519956111908,0.428041598200798,0.4280159920454025,0.0009260140501327656,0.04262400045990944,0.04527999833226204,0.04399679973721504,0.04423999972641468,0.0009832334560615139,7168,256,8,2048,1,2752
0.045632001012563705,0.06351999938488007,0.048470400273799896,0.0469760000705719,0.005034181481060086,0.03302399814128876,0.033952001482248306,0.03352639973163605,0.03364799916744232,0.0003125704076767276,0.006432000081986189,0.007391999941319227,0.0068159999791532755,0.006768000079318881,0.0002654263988278293,0.05721599981188774,0.06467200070619583,0.05855359993875027,0.05804799869656563,0.002077280993098799,0.34380799531936646,0.3485119938850403,0.3447872012853622,0.3444320112466812,0.0013077127851376551,6.753503799438477,6.794464111328125,6.775603151321411,6.776240110397339,0.01071486417188971,0.5286080241203308,0.5306239724159241,0.5298911988735199,0.5299359858036041,0.0005258948475144506,0.4262079894542694,0.4294080138206482,0.42788479924201966,0.4280799925327301,0.0010191096566224667,0.0424639992415905,0.044096000492572784,0.043267200142145155,0.04323200136423111,0.0006841491951470523,7168,256,8,2048,1,2720
0.045823998749256134,0.062272001057863235,0.04794239960610867,0.04636799916625023,0.004798801402914658,0.032127998769283295,0.033824000507593155,0.03296639956533909,0.03283200040459633,0.0004886268857909837,0.006688000168651342,0.007071999832987785,0.006908799940720201,0.006895999889820814,0.00011488834247653445,0.05772799998521805,0.06454399973154068,0.058800000324845315,0.05814399942755699,0.0019481271203930079,0.3397440016269684,0.34300801157951355,0.34061440229415896,0.3404960036277771,0.000897236909970214,6.818272113800049,6.839839935302734,6.829222393035889,6.829360008239746,0.007377637203737208,0.5235520005226135,0.5249919891357422,0.5241664052009583,0.5240800082683563,0.0004534001972117155,0.4289279878139496,0.4416640102863312,0.4350112020969391,0.4343840032815933,0.003942746632557011,0.04188799858093262,0.04371200129389763,0.04263359978795052,0.042239999398589134,0.0007221024428587658,7168,256,8,2048,1,2688
0.04508800059556961,0.06307200342416763,0.0476864006370306,0.046191999688744545,0.0051560500392497325,0.032255999743938446,0.033535998314619064,0.03272319994866848,0.03259199857711792,0.00042505818425879845,0.006591999903321266,0.007360000163316727,0.006806399999186396,0.006704000057652593,0.00022765030339289637,0.05689600110054016,0.06563200056552887,0.05829119980335236,0.057471999898552895,0.002489312349714221,0.3364480137825012,0.3410240113735199,0.33717759549617765,0.3368159979581833,0.001300858702388302,6.671264171600342,6.993023872375488,6.727260732650757,6.695823907852173,0.09151616130648786,0.5171840190887451,0.5208640098571777,0.5185056030750275,0.5183839797973633,0.0010772200738820641,0.40940800309181213,0.4270719885826111,0.41938560307025907,0.42046400904655457,0.005492132404590699,0.04169600084424019,0.043296001851558685,0.04227520078420639,0.041999999433755875,0.0006376680295631826,7168,256,8,2048,1,2656
0.04444799944758415,0.06063999980688095,0.046908799558877945,0.0453919991850853,0.0046256650835572516,0.03248000144958496,0.033344000577926636,0.03286399990320206,0.03271999955177307,0.0003141869417700849,0.006719999946653843,0.007135999854654074,0.0069055999629199505,0.006880000000819564,0.0001553236168014745,0.05641600117087364,0.06067200005054474,0.05704319961369038,0.05668799951672554,0.0012160170156800324,0.33190399408340454,0.3361920118331909,0.33284480273723605,0.3326079994440079,0.0011627273396145601,6.725247859954834,6.779391765594482,6.750822353363037,6.750704050064087,0.014500753301411188,0.5104320049285889,0.5135679841041565,0.5117343962192535,0.5115199983119965,0.0011010993766402888,0.42483198642730713,0.4373440146446228,0.4336319983005524,0.43456000089645386,0.003287294662997847,0.04095999896526337,0.04297599941492081,0.0419199999421835,0.041888000443577766,0.0008189748005703761,7168,256,8,2048,1,2624
0.044415999203920364,0.062272001057863235,0.04705919995903969,0.04545599967241287,0.005174850612287774,0.03206399828195572,0.03311999887228012,0.03272639960050583,0.03275199979543686,0.00025239497489434805,0.006399999838322401,0.007040000054985285,0.0067327999044209715,0.006735999835655093,0.0002592592103597712,0.05555199831724167,0.06191999837756157,0.05684160031378269,0.056384000927209854,0.001751838038597423,0.3285120129585266,0.33263999223709106,0.3291135966777802,0.32875199615955353,0.0011814701643184475,6.69536018371582,6.780191898345947,6.748252820968628,6.751600027084351,0.02288051465267538,0.5046079754829407,0.506816029548645,0.5057952046394348,0.5060960054397583,0.0006697922363615708,0.42454400658607483,0.4387519955635071,0.43108159899711607,0.4315200001001358,0.003918557094880105,0.04044799879193306,0.04233599826693535,0.0412032000720501,0.040912000462412834,0.000645130948853355,7168,256,8,2048,1,2592
0.04428799822926521,0.05990400165319443,0.04680319987237454,0.04540799930691719,0.004403349393011041,0.03222399950027466,0.03392000123858452,0.03272639960050583,0.032607998698949814,0.0004387742148032669,0.006719999946653843,0.007104000076651573,0.006854399992153049,0.006816000211983919,0.00010690105619943569,0.05632000043988228,0.06297600269317627,0.05737279988825321,0.05663999915122986,0.0019019131055331188,0.32393598556518555,0.3264960050582886,0.3246015965938568,0.3245600014925003,0.0007094806535825611,6.565951824188232,6.592160224914551,6.579155206680298,6.579216003417969,0.00935315586309229,0.49929600954055786,0.501471996307373,0.5002176016569138,0.5000799894332886,0.0007222110277923805,0.4083839952945709,0.41280001401901245,0.41040639877319335,0.4103519916534424,0.0012605588690988209,0.04032000154256821,0.04156799986958504,0.040768000110983846,0.040591999888420105,0.0004077964139768563,7168,256,8,2048,1,2560
0.04387199878692627,0.06111999973654747,0.04619200006127357,0.044735999777913094,0.0049970691352563285,0.03187200054526329,0.03340800106525421,0.03249920010566711,0.03232000023126602,0.0005333934461560536,0.006399999838322401,0.007360000163316727,0.006758399959653616,0.006751999957486987,0.0002829060947155771,0.05507199838757515,0.06272000074386597,0.05655359998345375,0.05599999986588955,0.0020997003145125457,0.3200640082359314,0.32444798946380615,0.3210079997777939,0.3206560015678406,0.00117446652579154,6.519711971282959,6.568384170532227,6.550604820251465,6.556672096252441,0.016289413432513365,0.4925439953804016,0.49481600522994995,0.4937727987766266,0.4936800003051758,0.0007194257743972102,0.40377599000930786,0.40649598836898804,0.4053504019975662,0.40544000267982483,0.0008161954435916216,0.039872001856565475,0.0414079986512661,0.040262399986386296,0.04001599922776222,0.0005123595077738542,7168,256,8,2048,1,2528
0.04303999990224838,0.060447998344898224,0.045670400559902194,0.04416000097990036,0.004974055235334816,0.03206399828195572,0.03407999873161316,0.03264319971203804,0.032576000317931175,0.0005513758788325121,0.006688000168651342,0.0074880002066493034,0.006870400020852685,0.0068159999791532755,0.0002165859120694033,0.0549440011382103,0.0615679994225502,0.05573119968175888,0.05508799850940704,0.001948282248698514,0.31596800684928894,0.3210560083389282,0.3169535994529724,0.3166400045156479,0.0014074791913166224,6.4863362312316895,6.5261759757995605,6.506963205337525,6.508015871047974,0.012654580188393558,0.48611199855804443,0.4896320104598999,0.4884895980358124,0.488864004611969,0.001093918691264368,0.4034239947795868,0.40595200657844543,0.40465600192546847,0.40457600355148315,0.0008628460546011817,0.03936000168323517,0.04121600091457367,0.040281600505113604,0.040591999888420105,0.0006372423378893626,7168,256,8,2048,1,2496
0.042847998440265656,0.06063999980688095,0.04579199999570847,0.04439999908208847,0.005000853675687906,0.03187200054526329,0.03276799991726875,0.03234240040183067,0.0323840007185936,0.000278620413390035,0.006399999838322401,0.007071999832987785,0.006742399930953979,0.006736000068485737,0.00021180520788102188,0.05395200103521347,0.0607680007815361,0.05519040040671826,0.05484800040721893,0.0019042044589701482,0.31222400069236755,0.3170880079269409,0.3130111962556839,0.31255999207496643,0.0013757209036706953,6.436831951141357,6.508096218109131,6.473984050750732,6.470992088317871,0.01813938571037651,0.48153600096702576,0.4830079972743988,0.4821407973766327,0.48212799429893494,0.0004519690809726613,0.401856005191803,0.4049600064754486,0.4033920019865036,0.40352000296115875,0.0009676501897216635,0.03884800150990486,0.04041599854826927,0.03937920033931732,0.03921600058674812,0.0005174113662437319,7168,256,8,2048,1,2464
0.04310400038957596,0.05910399928689003,0.04526720009744167,0.043935999274253845,0.0046358091459428085,0.0318400003015995,0.033440001308918,0.032396800071001056,0.03227199986577034,0.00042312673671779133,0.006688000168651342,0.007071999832987785,0.006825600005686283,0.006768000079318881,0.00012723761932455617,0.05475199967622757,0.06070400029420853,0.055776000022888184,0.055215999484062195,0.0016833338701810155,0.30748799443244934,0.3118079900741577,0.30888319611549375,0.30881600081920624,0.0010769499284645676,6.534751892089844,6.569632053375244,6.548406410217285,6.549184083938599,0.011276068955856627,0.47539201378822327,0.4782400131225586,0.4764959990978241,0.4765760004520416,0.0007225576177973202,0.4046719968318939,0.41091200709342957,0.4081472009420395,0.40827199816703796,0.0019359483903683475,0.03836800158023834,0.04025600105524063,0.03904320076107979,0.0388799998909235,0.000650544830689161,7168,256,8,2048,1,2432
0.043136000633239746,0.059776000678539276,0.045312000438570976,0.04342399910092354,0.004863368392151298,0.031647998839616776,0.03359999880194664,0.03233919963240624,0.032207999378442764,0.0005062069212529959,0.006432000081986189,0.007040000054985285,0.006668799975886941,0.006591999903321266,0.00019736500059183636,0.05353600159287453,0.06249599903821945,0.055027199909090996,0.054255999624729156,0.0025286557979087546,0.30396801233291626,0.3120959997177124,0.30535040199756625,0.3046559989452362,0.0022642246762006207,6.353119850158691,6.3755202293396,6.362851238250732,6.362048149108887,0.008527132554172468,0.46854400634765625,0.47071999311447144,0.46990079879760743,0.4700479954481125,0.0006936238364707501,0.39107200503349304,0.3935360014438629,0.3919264018535614,0.3916799873113632,0.0008034566687840757,0.038047999143600464,0.03964800015091896,0.03868800029158592,0.038656000047922134,0.0004861473999255001,7168,256,8,2048,1,2400
0.0427200011909008,0.060256000608205795,0.04569920003414154,0.04412800073623657,0.004962341699685579,0.03331200033426285,0.03526400029659271,0.033798399940133096,0.033663999289274216,0.000545278522107747,0.0066559999249875546,0.0072639998979866505,0.006848000036552548,0.006784000201150775,0.00018382596154135176,0.05315199866890907,0.06003199890255928,0.05394239947199821,0.05326399952173233,0.002031687373105717,0.29980799555778503,0.3084479868412018,0.30125120282173157,0.3006879985332489,0.00242087262605238,6.309375762939453,6.3388800621032715,6.324089574813843,6.32256007194519,0.00918091407701088,0.4633600115776062,0.46556800603866577,0.4644960045814514,0.46457600593566895,0.0007317103883873674,0.38758400082588196,0.39392000436782837,0.3900288015604019,0.3895680010318756,0.002075920240639879,0.03763199970126152,0.03868800029158592,0.0380767997354269,0.037967998534440994,0.00036385825925563004,7168,256,8,2048,1,2368
0.042208001017570496,0.05814399942755699,0.04488000012934208,0.0435199998319149,0.004473807009852649,0.03315199911594391,0.03516799956560135,0.03387519977986812,0.033743999898433685,0.0005485365753122803,0.006335999816656113,0.0072639998979866505,0.006745599955320358,0.006800000090152025,0.0002850695534751211,0.052352000027894974,0.060736000537872314,0.05364800021052361,0.053008001297712326,0.0023880771541897584,0.29628801345825195,0.30294400453567505,0.29719040393829343,0.2964320033788681,0.0019408364875715429,6.294976234436035,6.336287975311279,6.311932802200317,6.308703899383545,0.0124312768567162,0.457504004240036,0.4585919976234436,0.4580127984285355,0.4580319970846176,0.00030203611656624146,0.38841599225997925,0.39132800698280334,0.38977919816970824,0.38971200585365295,0.0009341798855490518,0.037087999284267426,0.03868800029158592,0.03785600028932094,0.03771200031042099,0.0006251068176254879,7168,256,8,2048,1,2336
0.04211200028657913,0.05830400064587593,0.04472320005297661,0.04310400038957596,0.004628846407856708,0.03299200162291527,0.03510399907827377,0.03367679975926876,0.033503999933600426,0.000654898579467453,0.006560000125318766,0.0071680000983178616,0.006847999943420291,0.00686399987898767,0.00014310833653231712,0.05318399891257286,0.059967998415231705,0.05418559983372688,0.05342400074005127,0.0019623094521154473,0.2917439937591553,0.2982720136642456,0.2929120033979416,0.2924320101737976,0.0018198585843658074,6.340576171875,6.374783992767334,6.360224008560181,6.361135959625244,0.01132243509499863,0.45161598920822144,0.45369601249694824,0.4526176005601883,0.4525440037250519,0.0007339218775490732,0.39206400513648987,0.3961920142173767,0.39384000301361083,0.39375999569892883,0.001441014791879087,0.036288000643253326,0.03872000053524971,0.03733120001852512,0.03713599964976311,0.0007349138481551658,7168,256,8,2048,1,2304
0.04195199906826019,0.06108799949288368,0.04466239996254444,0.04279999993741512,0.005522907902559441,0.033344000577926636,0.036639999598264694,0.0340575996786356,0.033695999532938004,0.0009381021938498338,0.006335999816656113,0.007296000141650438,0.006783999921754003,0.006783999968320131,0.0002782344580961909,0.05206400156021118,0.06015999987721443,0.053292800486087796,0.05252799950540066,0.0023241868546270282,0.28806400299072266,0.2964479923248291,0.2892832010984421,0.28862400352954865,0.002400485909720279,6.280928134918213,6.328512191772461,6.302828788757324,6.303247928619385,0.012219043701573444,0.44604799151420593,0.44739198684692383,0.4465151995420456,0.446383997797966,0.0004007539943255343,0.3874239921569824,0.3917439877986908,0.3890207976102829,0.3890080004930496,0.0013105489693340875,0.036448001861572266,0.03798399865627289,0.037139199674129486,0.03683199919760227,0.000613899616330128,7168,256,8,2048,1,2272
0.041280001401901245,0.05843200162053108,0.04411200061440468,0.04275199957191944,0.004828634944899806,0.03235200047492981,0.0342399999499321,0.033206399902701376,0.03319999948143959,0.0006162059283358591,0.0066559999249875546,0.00723200011998415,0.006854399992153049,0.00684799998998642,0.00015728906761179574,0.05145600065588951,0.05830400064587593,0.0523743998259306,0.051711998879909515,0.0019865302242069787,0.2842879891395569,0.2930240035057068,0.28541440069675444,0.2845759987831116,0.002542170594316637,6.239039897918701,6.300735950469971,6.26276478767395,6.2565600872039795,0.01814086659942836,0.4394559860229492,0.442656010389328,0.441184002161026,0.44099201261997223,0.0010421417370670718,0.3853119909763336,0.3916800022125244,0.38799680173397066,0.38809600472450256,0.0016465215367916907,0.03577600046992302,0.03759999945759773,0.03673919998109341,0.03697600029408932,0.0007228673923046162,7168,256,8,2048,1,2240
0.0414079986512661,0.058848001062870026,0.04408639967441559,0.04251199960708618,0.00495343203688544,0.032575998455286026,0.03455999866127968,0.03346559926867485,0.033423999324440956,0.0006281792048540357,0.006271999794989824,0.006976000033318996,0.00667519997805357,0.006736000068485737,0.0002222560660030371,0.0506879985332489,0.058848001062870026,0.05204479992389679,0.05153600126504898,0.0022920672824445804,0.2800000011920929,0.28940799832344055,0.281183996796608,0.280239999294281,0.0027566102555796144,6.226367950439453,6.254335880279541,6.238441610336304,6.237776041030884,0.01010865600419098,0.43401598930358887,0.43584001064300537,0.43493119776248934,0.43489599227905273,0.0004845034170484485,0.3863680064678192,0.3899199962615967,0.3879680007696152,0.387935996055603,0.0011117390198725815,0.03548799827694893,0.037151999771595,0.03605119995772839,0.035760000348091125,0.0005988709663755522,7168,256,8,2048,1,2208
0.04131200164556503,0.05753599852323532,0.04368640035390854,0.04225600138306618,0.004639774233603847,0.032575998455286026,0.03593600168824196,0.0335039995610714,0.033215999603271484,0.0009423450092745394,0.006496000103652477,0.006976000033318996,0.006739200046285987,0.006719999946653843,0.00013209449767877045,0.05113599821925163,0.059328000992536545,0.0523327998816967,0.05150400102138519,0.0023645036929187445,0.2754879891872406,0.2845120131969452,0.27722560465335844,0.2765920013189316,0.002455095900045929,6.27507209777832,6.350336074829102,6.295094442367554,6.289952039718628,0.020432535877429107,0.42745599150657654,0.43081599473953247,0.4289664000272751,0.42897599935531616,0.0009404732931753556,0.3898240029811859,0.39555200934410095,0.3919648051261902,0.39208000898361206,0.0015829805817595593,0.03465599939227104,0.0360959991812706,0.035190399736166,0.03510399907827377,0.0003829449898607471,7168,256,8,2048,1,2176
0.04064000025391579,0.05881600081920624,0.04355519972741604,0.04158399999141693,0.005178099741693361,0.03219199925661087,0.04054399952292442,0.033833599835634234,0.03319999948143959,0.0023036465118075103,0.006399999838322401,0.006943999789655209,0.006627199985086918,0.00662399991415441,0.00017785213231694353,0.050335999578237534,0.058559998869895935,0.05170239992439747,0.05097599886357784,0.0023314384404592155,0.27161601185798645,0.28307199478149414,0.273376002907753,0.27246400713920593,0.003250794383517063,6.0838398933410645,6.14521598815918,6.113526439666748,6.116016149520874,0.015593408642224024,0.4219520092010498,0.4240640103816986,0.42290880382061,0.4228159934282303,0.0005767918728232507,0.37382400035858154,0.37801599502563477,0.37562559843063353,0.37590399384498596,0.0011284722764518143,0.034432001411914825,0.03612799942493439,0.03484480008482933,0.034671999514102936,0.0004898089607271533,7168,256,8,2048,1,2144
0.04057599976658821,0.05718399956822395,0.04272320009768009,0.04118400067090988,0.004832793401781236,0.031647998839616776,0.036031998693943024,0.03299200013279915,0.03275199979543686,0.0011519109478637028,0.006560000125318766,0.007071999832987785,0.00678400001488626,0.006800000090152025,0.0001527977819327539,0.04956800118088722,0.05769599974155426,0.05063680000603199,0.04983999952673912,0.0023586061838870836,0.26787200570106506,0.2773759961128235,0.26922240257263186,0.26843200623989105,0.0027277724135132027,6.05017614364624,6.096479892730713,6.069641590118408,6.065360069274902,0.01561844367205087,0.41577601432800293,0.4184960126876831,0.4175039976835251,0.41756799817085266,0.0007066111539031453,0.3715200126171112,0.37641599774360657,0.3735264003276825,0.37350399792194366,0.0014967683376160249,0.034015998244285583,0.036288000643253326,0.03508159965276718,0.03518399968743324,0.0007502009860706584,7168,256,8,2048,1,2112
0.03977600112557411,0.05657599866390228,0.04203200004994869,0.04054400138556957,0.004867940063048875,0.03155200183391571,0.037151999771595,0.03322560079395771,0.03296000137925148,0.0014508422959241538,0.006175999995321035,0.006912000011652708,0.0065408000256866215,0.006576000014320016,0.00024294726902178326,0.04915200173854828,0.05843200162053108,0.05054080039262772,0.04983999952673912,0.002655313975912267,0.2640959918498993,0.2760320007801056,0.265667200088501,0.2646079957485199,0.0034591235157967215,6.049759864807129,6.083040237426758,6.064675188064575,6.062608003616333,0.012078733885892123,0.40992000699043274,0.4116159975528717,0.41083199977874757,0.41100800037384033,0.0005378001788807223,0.3718720078468323,0.37596800923347473,0.3733248025178909,0.3729120045900345,0.0014021864399218005,0.03363199904561043,0.03532800078392029,0.034400000050663945,0.03432000055909157,0.0006980112333441514,7168,256,8,2048,1,2080
0.03903999924659729,0.05615999922156334,0.04135679975152016,0.039503999054431915,0.0049782619036047885,0.03167999908328056,0.03654399886727333,0.03269120007753372,0.032336000353097916,0.0013122493937303562,0.006591999903321266,0.006912000011652708,0.006745600048452616,0.006752000190317631,0.0001115878427189119,0.04956800118088722,0.058848001062870026,0.050761600583791734,0.049936000257730484,0.0027011887714649286,0.2593599855899811,0.27190399169921875,0.2612799942493439,0.26027199625968933,0.0035703735321605486,5.578752040863037,5.606751918792725,5.592911958694458,5.592544078826904,0.007665693235424757,0.40460801124572754,0.40617600083351135,0.4052319973707199,0.4050399959087372,0.0005276104154536159,0.3105280101299286,0.31302401423454285,0.31132479906082156,0.3109920024871826,0.0007859878645823333,0.033055998384952545,0.03494400158524513,0.033897599577903746,0.03372799977660179,0.0006369612769286711,7168,256,8,2048,1,2048
0.03855999931693077,0.05830400064587593,0.04128639996051788,0.03940799832344055,0.005684623482112834,0.03142400085926056,0.03619199991226196,0.0329087994992733,0.032655999064445496,0.001204424959837829,0.006271999794989824,0.00684799998998642,0.006591999996453523,0.00660800002515316,0.00016689164700064188,0.048928000032901764,0.058079998940229416,0.050332799553871155,0.0494879987090826,0.002612793487848017,0.260127991437912,0.2727360129356384,0.26169600188732145,0.2604160010814667,0.0036887587959442128,5.562016010284424,5.600863933563232,5.585177612304688,5.590336084365845,0.01354915301317366,0.40384000539779663,0.40537598729133606,0.40475199818611146,0.4047199934720993,0.0005138445738335638,0.3110719919204712,0.3134079873561859,0.3121695965528488,0.3120799958705902,0.0006744404235466861,0.03324799984693527,0.0352960005402565,0.03434560000896454,0.03460799902677536,0.0007915133221962613,7168,256,8,2048,1,2048
0.039103999733924866,0.055456001311540604,0.041328000277280806,0.0399360004812479,0.00473520570418063,0.031072000041604042,0.03455999866127968,0.03268479984253645,0.03267199918627739,0.0008727494269872529,0.0066559999249875546,0.0071680000983178616,0.0068576000165194275,0.006816000211983919,0.00015148542087796294,0.04944000020623207,0.057472001761198044,0.050460799410939214,0.04972799867391586,0.002339086942496431,0.25753599405288696,0.2691200077533722,0.25928319692611695,0.25833600759506226,0.003294238386394268,5.538976192474365,5.577119827270508,5.557567977905274,5.553983926773071,0.012994438661662434,0.4002879858016968,0.40323200821876526,0.40203520059585574,0.4023360013961792,0.0009012684019862168,0.3049280047416687,0.3081600069999695,0.30610879957675935,0.3059200048446655,0.0009637771995087297,0.032575998455286026,0.035679999738931656,0.03344639912247658,0.03310399875044823,0.0009933206929186773,7168,256,8,2048,1,2032
0.03843199834227562,0.05766399949789047,0.041152000054717065,0.039503999054431915,0.005521590357727036,0.031007999554276466,0.03731200098991394,0.03256319984793663,0.032255999743938446,0.001719576830773727,0.006240000016987324,0.006943999789655209,0.006598399998620152,0.006656000157818198,0.0002535078356109019,0.04864000156521797,0.05782400071620941,0.05025599934160709,0.04966399818658829,0.0025499506190838493,0.2556160092353821,0.27001601457595825,0.25772479772567747,0.256400004029274,0.004108821404915427,5.524223804473877,5.557504177093506,5.540214347839355,5.54095983505249,0.009530639135509267,0.39817601442337036,0.4002560079097748,0.39898560047149656,0.3988160043954849,0.0006295225598923331,0.3055360019207001,0.3078719973564148,0.30646719932556155,0.30636800825595856,0.0007932436471672119,0.032416000962257385,0.033984001725912094,0.03311999998986721,0.03303999826312065,0.0005451284564079544,7168,256,8,2048,1,2016
0.03852799907326698,0.05663999915122986,0.04076160006225109,0.039023999124765396,0.005304279418750288,0.031231999397277832,0.035999998450279236,0.03258880004286766,0.032096000388264656,0.001283530662273381,0.006463999859988689,0.006816000211983919,0.0066304000094532965,0.006624000146985054,0.00011158785874341581,0.04864000156521797,0.05644800141453743,0.04999680034816265,0.04942400008440018,0.002185541736498699,0.25382399559020996,0.265855997800827,0.2555679976940155,0.2545599937438965,0.00344246984766381,5.505856037139893,5.5797119140625,5.530323171615601,5.527440071105957,0.019365475014626817,0.3947199881076813,0.39692801237106323,0.3962431997060776,0.39638400077819824,0.0006730981861377207,0.3044799864292145,0.3070720136165619,0.30544000267982485,0.3052159994840622,0.0008044691466504656,0.03203200176358223,0.03392000123858452,0.03280320018529892,0.03259199857711792,0.0006105966221325291,7168,256,8,2048,1,2000
0.038176000118255615,0.05632000043988228,0.040633599832654,0.03872000053524971,0.005283369796480564,0.03081599995493889,0.036639999598264694,0.03232640027999878,0.031936001032590866,0.0015146379043723707,0.006175999995321035,0.007007999811321497,0.006537600001320243,0.0065280001144856215,0.00022944243329235708,0.048608001321554184,0.057792000472545624,0.0499072004109621,0.04896000027656555,0.002652303996455448,0.2515519857406616,0.26553601026535034,0.25360319912433626,0.25248000025749207,0.00399727511318515,5.488895893096924,5.5265278816223145,5.50645751953125,5.505199909210205,0.013103198372453634,0.3924480080604553,0.394432008266449,0.39313919842243195,0.3929920047521591,0.0005385518324796154,0.3049919903278351,0.30720001459121704,0.3057663947343826,0.30558399856090546,0.0006222875956896533,0.03203200176358223,0.0342399999499321,0.032735999673604965,0.03243199922144413,0.0007239360365185034,7168,256,8,2048,1,1984
0.038176000118255615,0.055456001311540604,0.04040959961712361,0.038943998515605927,0.005025565642771018,0.030592000111937523,0.03590400144457817,0.03190720081329346,0.031808000057935715,0.0014423060878094474,0.006527999881654978,0.00684799998998642,0.006700800079852342,0.006688000168651342,0.00010038012356279327,0.04732799902558327,0.056063998490571976,0.04889279939234257,0.048207998275756836,0.0024061124409720832,0.24969600141048431,0.2629440128803253,0.2514048025012016,0.2502399981021881,0.0038579404574880156,5.4687042236328125,5.515456199645996,5.488038492202759,5.487040042877197,0.014007813097365896,0.3888320028781891,0.39289599657058716,0.3907391995191574,0.39079999923706055,0.0012054471371558226,0.30243200063705444,0.30511999130249023,0.3038047969341278,0.3039039969444275,0.000758806400278184,0.031968001276254654,0.03283200040459633,0.0324255995452404,0.032447999343276024,0.00031841220834900543,7168,256,8,2048,1,1968
0.03766399994492531,0.054687999188899994,0.04020479954779148,0.03859199956059456,0.004864740828745517,0.03017600066959858,0.03641600161790848,0.03184640016406774,0.03158400021493435,0.0016512002752620493,0.006175999995321035,0.00684799998998642,0.006585600040853024,0.006687999935820699,0.00025066442018719965,0.04732799902558327,0.05648000165820122,0.048684800416231154,0.04790399968624115,0.0026104708763060648,0.24755200743675232,0.26310399174690247,0.2496480017900467,0.24825600534677505,0.0044961333265507416,5.474944114685059,5.5265278816223145,5.491593551635742,5.488847970962524,0.01481289209711726,0.3859519958496094,0.38812801241874695,0.3873088002204895,0.38739199936389923,0.0006805122773892475,0.30374398827552795,0.3052479922771454,0.30423679649829866,0.3041120022535324,0.0004966089643862283,0.03174399957060814,0.03376000002026558,0.03250559978187084,0.03223999962210655,0.0006542102301260289,7168,256,8,2048,1,1952
0.03763199970126152,0.05526399984955788,0.039907199516892436,0.038095999509096146,0.005140328757701546,0.030432000756263733,0.03587200120091438,0.031504000350832936,0.031055999919772148,0.0015294029153564098,0.006560000125318766,0.007648000027984381,0.006742400024086237,0.00660800002515316,0.00031224195555192095,0.047200001776218414,0.060447998344898224,0.049225599691271785,0.0481759998947382,0.0037566700102417347,0.24537600576877594,0.2616319954395294,0.24761920124292375,0.24606399983167648,0.004699848024073535,5.468768119812012,5.520639896392822,5.4920703887939455,5.488287925720215,0.01740738517580834,0.38233599066734314,0.38572800159454346,0.38449919521808623,0.3848159909248352,0.0011089015533311088,0.30140799283981323,0.3044799864292145,0.30272639989852906,0.30236800014972687,0.0008472189179511203,0.031072000041604042,0.032416000962257385,0.031628800183534624,0.03153599984943867,0.00046266325220285575,7168,256,8,2048,1,1936
0.03711999952793121,0.05471999943256378,0.0398303996771574,0.038095999509096146,0.00502516257877228,0.023871999233961105,0.030527999624609947,0.025065599754452706,0.024416000582277775,0.0018681012361073924,0.006240000016987324,0.008608000352978706,0.006707199988886714,0.006544000003486872,0.000654116453439605,0.047168001532554626,0.05532800033688545,0.04847039990127087,0.04769599996507168,0.0023194174036918463,0.2439039945602417,0.25760000944137573,0.24543039947748185,0.24401599913835526,0.004060727769983248,5.526495933532715,5.671584129333496,5.564550447463989,5.549423933029175,0.0409734880936293,0.37993600964546204,0.38284799456596375,0.381811198592186,0.3819199949502945,0.0007800614607589581,0.3086400032043457,0.31276801228523254,0.3099712014198303,0.3097279965877533,0.0010591204295649608,0.030400000512599945,0.031968001276254654,0.03087679985910654,0.030751999467611313,0.00043086104998018714,7168,256,8,2048,1,1920
0.036959998309612274,0.05471999943256378,0.03950400017201901,0.03792000003159046,0.005092973502646961,0.023552000522613525,0.031231999397277832,0.025017599761486053,0.0244159996509552,0.0021310076832764804,0.006591999903321266,0.008511999621987343,0.0069119999650865795,0.006752000190317631,0.0005415473041781441,0.04707200080156326,0.057023998349905014,0.04877759963274002,0.04806400090456009,0.0027732403845570756,0.24156799912452698,0.25462400913238525,0.24332480132579803,0.2420639991760254,0.0037750657131025334,5.366335868835449,5.420415878295898,5.390675210952759,5.38755202293396,0.01494769828458473,0.3778879940509796,0.380511999130249,0.3793567955493927,0.37934400141239166,0.0008137674041702051,0.29100799560546875,0.2937600016593933,0.2925503969192505,0.292495995759964,0.0008183254841091605,0.029920000582933426,0.030880000442266464,0.030364800058305264,0.030352000147104263,0.00031072970732883107,7168,256,8,2048,1,1904
0.036448001861572266,0.054048001766204834,0.03884479999542236,0.03710399940609932,0.005094566346148673,0.023871999233961105,0.03152000159025192,0.02536639999598265,0.024927999824285507,0.00211001419192446,0.006304000038653612,0.009119999594986439,0.0068159999791532755,0.00660800002515316,0.000791118609649412,0.0469760000705719,0.05558399856090546,0.048447999730706216,0.04785599932074547,0.0024197581682217197,0.23958399891853333,0.25596800446510315,0.24165439903736113,0.24009599536657333,0.004779778959647714,5.342432022094727,5.383584022521973,5.364438390731811,5.364943981170654,0.011506081374512611,0.3745279908180237,0.37619200348854065,0.37538559436798097,0.3755359947681427,0.0005680875561466582,0.29228800535202026,0.2956160008907318,0.2937439948320389,0.29391999542713165,0.001130578881347783,0.029791999608278275,0.03190400078892708,0.030643199943006037,0.03033600002527237,0.0007673597179204576,7168,256,8,2048,1,1888
0.036479998379945755,0.05347200110554695,0.038710400462150574,0.036896001547575,0.004941261318037651,0.023423999547958374,0.03283200040459633,0.025529600121080874,0.024767999537289143,0.0025600321949872337,0.006496000103652477,0.009759999811649323,0.006982399988919497,0.006640000035986304,0.0009331497927849467,0.0469760000705719,0.056063998490571976,0.048483199626207354,0.047759998589754105,0.002547748335294462,0.2375040054321289,0.25417599081993103,0.2396576002240181,0.23817600309848785,0.004852974945293134,5.318431854248047,5.381120204925537,5.358172750473022,5.361471891403198,0.018767099303913216,0.3710399866104126,0.373663991689682,0.3726943999528885,0.3728960007429123,0.0007742483732670546,0.29120001196861267,0.2998720109462738,0.2929824024438858,0.29201599955558777,0.002456054723586797,0.029152000322937965,0.03139200061559677,0.03006400018930435,0.029904000461101532,0.0006110661491717848,7168,256,8,2048,1,1872
0.03680000081658363,0.05375999957323074,0.039036800339818004,0.037296000868082047,0.004930065802821504,0.023296000435948372,0.02969600073993206,0.024668800085783003,0.024320000782608986,0.0017263668377280003,0.006271999794989824,0.010208000428974628,0.006889599934220314,0.006559999892488122,0.0011217405352330657,0.04684799909591675,0.055135998874902725,0.048240000009536745,0.047519998624920845,0.0023378947660308317,0.2356480062007904,0.2500480115413666,0.23756480365991592,0.23625600337982178,0.004173628278325374,5.339424133300781,5.371903896331787,5.3547967910766605,5.3559041023254395,0.011564261559385768,0.3683199882507324,0.37484800815582275,0.36977919936180115,0.36907200515270233,0.0019027631186811214,0.29017600417137146,0.29311999678611755,0.29184640347957613,0.29201599955558777,0.0009438372453511852,0.02924799919128418,0.0315839983522892,0.029903999902307986,0.02964800037443638,0.0006979002950833817,7168,256,8,2048,1,1856
0.03622400015592575,0.05222399905323982,0.03834880031645298,0.03665599972009659,0.0046498803177985335,0.023711999878287315,0.03283200040459633,0.02507520020008087,0.024128000251948833,0.002618929789100385,0.006591999903321266,0.011296000331640244,0.007171200076118112,0.006688000168651342,0.001377521102721604,0.04560000076889992,0.05491200089454651,0.04709440022706986,0.046480000019073486,0.0026519506868922624,0.23360000550746918,0.24963200092315674,0.23568639904260635,0.23419199883937836,0.004657266071450892,5.3245439529418945,5.384479999542236,5.354982471466064,5.354896068572998,0.02029749798381089,0.3657279908657074,0.36908799409866333,0.36701120138168336,0.36667200922966003,0.0010392341899769712,0.2892799973487854,0.2953279912471771,0.2922688007354736,0.29182401299476624,0.0019521670497936183,0.029120000079274178,0.030719999223947525,0.029628799855709077,0.029311999678611755,0.0006092533371344329,7168,256,8,2048,1,1840
0.03606399893760681,0.05331199988722801,0.038262400031089785,0.036607999354600906,0.005031577412262443,0.023360000923275948,0.0307839997112751,0.024963200092315674,0.024447999894618988,0.0019967818797694053,0.006271999794989824,0.011744000017642975,0.007049600034952164,0.006624000146985054,0.001573609565459173,0.04556800052523613,0.05503999814391136,0.04703679978847504,0.04628799855709076,0.002692546102414631,0.23203200101852417,0.24806399643421173,0.23392319977283477,0.23233599960803986,0.004716422253592504,5.325439929962158,5.363872051239014,5.3469055652618405,5.344752073287964,0.013502598120448284,0.3624640107154846,0.36419200897216797,0.3633311986923218,0.3633119910955429,0.0005476474710065072,0.2903040051460266,0.2919679880142212,0.29106239676475526,0.2908799946308136,0.0005095998219531714,0.02876799926161766,0.03033600002527237,0.029276799783110617,0.028944000601768494,0.0006129398554758661,7168,256,8,2048,1,1824
0.03612799942493439,0.053599998354911804,0.03830079957842827,0.036607999354600906,0.005108696112365981,0.02271999977529049,0.03187200054526329,0.024790400080382823,0.024000000208616257,0.0024388977213260993,0.006527999881654978,0.011008000001311302,0.007088000047951936,0.006640000035986304,0.0013109263748577172,0.045632001012563705,0.05523199960589409,0.047113600000739095,0.04638399928808212,0.002731047568674876,0.22963200509548187,0.2449280023574829,0.23163840025663376,0.23020800203084946,0.004439268042715023,5.363679885864258,5.417280197143555,5.387484836578369,5.3834240436553955,0.016579473762189833,0.3596799969673157,0.361952006816864,0.3606752008199692,0.36054399609565735,0.0007133147852202986,0.2884800136089325,0.2903999984264374,0.2895232021808624,0.28939200937747955,0.0006475051447080053,0.02860799990594387,0.03081599995493889,0.029289599880576132,0.029071999713778496,0.000720824401797077,7168,256,8,2048,1,1808
0.03606399893760681,0.05648000165820122,0.03903679959475994,0.0372959990054369,0.005855641306137675,0.02304000034928322,0.03152000159025192,0.024339200370013712,0.023504000157117844,0.0024271196997210113,0.006240000016987324,0.009696000255644321,0.0069183999672532085,0.006576000014320016,0.0009892918828070122,0.04556800052523613,0.05484800040721893,0.046966399624943735,0.046111999079585075,0.002654652399580247,0.2279680073261261,0.24262399971485138,0.22972479909658433,0.22831999510526657,0.004302291600036038,5.299615859985352,5.350207805633545,5.326790380477905,5.328655958175659,0.01402560501797977,0.35660800337791443,0.36208000779151917,0.3578848004341125,0.3574559986591339,0.001529750350304871,0.2855679988861084,0.29052799940109253,0.28855360150337217,0.2890560030937195,0.0013742894235126433,0.02848000079393387,0.030239999294281006,0.02900799997150898,0.028896000236272812,0.0005227372286806856,7168,256,8,2048,1,1792
0.035360001027584076,0.05177599936723709,0.037830399721860884,0.03636799938976765,0.0046863952326917395,0.022431999444961548,0.03311999887228012,0.024172799661755562,0.02316799946129322,0.0030178627139977507,0.006399999838322401,0.009503999724984169,0.006921600038185716,0.006624000146985054,0.0008675540773396533,0.04543999955058098,0.054655998945236206,0.046937599778175354,0.04622399993240833,0.0026139825550332437,0.22553600370883942,0.2401919960975647,0.2276223987340927,0.22630399465560913,0.004200827689582038,5.286816120147705,5.325183868408203,5.31210241317749,5.31331205368042,0.012250938053925096,0.3535679876804352,0.3561600148677826,0.3550911992788315,0.35520000755786896,0.0007290414462085086,0.28441599011421204,0.289792001247406,0.2869343966245651,0.2871679961681366,0.0014672675493691773,0.028255999088287354,0.030432000756263733,0.029225599952042103,0.02902400027960539,0.0006628019518095685,7168,256,8,2048,1,1776
0.03526400029659271,0.05206400156021118,0.037372800335288045,0.03561599925160408,0.004915193114175431,0.022592000663280487,0.031328000128269196,0.023907200247049332,0.023120000027120113,0.0024927753048201067,0.006304000038653612,0.009824000298976898,0.006873599998652935,0.006544000003486872,0.0010013291302734173,0.0453759990632534,0.05366399884223938,0.04673279970884323,0.04620799981057644,0.002347726981361525,0.22361600399017334,0.23792000114917755,0.22546240091323852,0.2242559939622879,0.004161576289610937,5.296448230743408,5.345952033996582,5.314284801483154,5.31603217124939,0.014272186284624792,0.3507840037345886,0.3564479947090149,0.35255360007286074,0.35235199332237244,0.0014439766580044901,0.2888000011444092,0.2951360046863556,0.2915200024843216,0.29147200286388397,0.001831172293924555,0.027871999889612198,0.029632000252604485,0.028793599642813205,0.028687999583780766,0.0005756087090875579,7168,256,8,2048,1,1760
0.03500799834728241,0.052032001316547394,0.03733120001852512,0.0355679988861084,0.004923971782386915,0.02252800017595291,0.03203200176358223,0.023836800083518028,0.022847999818623066,0.0027554755305711385,0.006527999881654978,0.012095999903976917,0.007199999969452619,0.00662399991415441,0.001636699097629748,0.04540799930691719,0.054336000233888626,0.04689599983394146,0.04624000005424023,0.002514526195250038,0.2215999960899353,0.23734399676322937,0.2236735999584198,0.22231999784708023,0.004563804778637065,5.308640003204346,5.319519996643066,5.3139039993286135,5.313759803771973,0.003810499475600794,0.3479039967060089,0.3503040075302124,0.3491456001996994,0.3491840064525604,0.0007649025706241413,0.28892800211906433,0.2945280075073242,0.29183039963245394,0.29228800535202026,0.0019863752352825984,0.028031999245285988,0.02953599952161312,0.028681599721312522,0.02855999954044819,0.0005230900647831295,7168,256,8,2048,1,1744
0.03500799834728241,0.05158400163054466,0.0371935997158289,0.03561599925160408,0.004821075463050253,0.02223999984562397,0.03254399821162224,0.02386239990592003,0.022991999983787537,0.002924773200241195,0.006175999995321035,0.01071999967098236,0.006847999943420291,0.006432000081986189,0.0013010271942784342,0.04527999833226204,0.054048001766204834,0.046595200151205066,0.04584000073373318,0.002508908749583409,0.2197120040655136,0.2356799989938736,0.2217087998986244,0.22019200026988983,0.004663536077215129,5.303584098815918,5.340000152587891,5.317456007003784,5.315392017364502,0.010693336513876871,0.34483200311660767,0.34726399183273315,0.3459104001522064,0.3457760065793991,0.0008162269399502699,0.29232001304626465,0.29721599817276,0.29434880018234255,0.29420799016952515,0.001596934102656128,0.02796800062060356,0.029440000653266907,0.028419200144708157,0.028095999732613564,0.000543331400177795,7168,256,8,2048,1,1728
0.03455999866127968,0.05158400163054466,0.03673280030488968,0.03500800020992756,0.00496883799315483,0.021824000403285027,0.031007999554276466,0.02308799996972084,0.022207999601960182,0.0026500655216632036,0.006560000125318766,0.01283199992030859,0.007296000048518181,0.006688000168651342,0.0018460976804708618,0.04374400153756142,0.05417599901556969,0.04541759938001633,0.04476799815893173,0.0029545565267143146,0.21724799275398254,0.23465600609779358,0.2196191981434822,0.21822400391101837,0.005028779140914658,5.253856182098389,5.304671764373779,5.285577583312988,5.288928031921387,0.014304902202616687,0.34163200855255127,0.34889599680900574,0.34364480078220366,0.3431359976530075,0.0019644151936853665,0.28703999519348145,0.29721599817276,0.2924063980579376,0.2935359925031662,0.002988429211321628,0.027712000533938408,0.02921600081026554,0.028265599720180036,0.028159999288618565,0.0004936824894588974,7168,256,8,2048,1,1712
0.034143999218940735,0.05167999863624573,0.03673279955983162,0.03505599871277809,0.005013215162713672,0.022431999444961548,0.03388800099492073,0.02387520018965006,0.022816000506281853,0.00334256685322589,0.006240000016987324,0.010623999871313572,0.006979199964553118,0.0066559999249875546,0.0012399700436731618,0.04374400153756142,0.052639998495578766,0.04523519948124886,0.04468799941241741,0.0025040358684844275,0.21568000316619873,0.23228800296783447,0.2177344009280205,0.21614400297403336,0.004859130888595185,5.1750078201293945,7.9431681632995605,5.473260831832886,5.195647954940796,0.823536394879176,0.3389120101928711,0.3417600095272064,0.33996799886226653,0.3397599905729294,0.0008767095959823499,0.2815360128879547,0.2847360074520111,0.2830976009368896,0.28326399624347687,0.0009421065094000301,0.02739199995994568,0.029023999348282814,0.028048000112175942,0.027744000777602196,0.000587659544166033,7168,256,8,2048,1,1696
0.03446400165557861,0.0522879995405674,0.036854400485754016,0.03513600118458271,0.005172452018663644,0.022048000246286392,0.03440000116825104,0.02375360019505024,0.022607999853789806,0.0035686259212033247,0.006496000103652477,0.012128000147640705,0.007158400118350982,0.006560000125318766,0.001658455387208857,0.044704001396894455,0.05299200117588043,0.04570879973471165,0.04492799937725067,0.0024299870192048562,0.21356800198554993,0.2311359941959381,0.2159712001681328,0.21438399702310562,0.005066325667223555,5.178112030029297,5.222752094268799,5.200188827514649,5.201024055480957,0.013617274441986365,0.3359679877758026,0.33827200531959534,0.33736640214920044,0.33740800619125366,0.0006964081674661305,0.2796480059623718,0.28361600637435913,0.2815744072198868,0.28164801001548767,0.0012315467747835934,0.026944000273942947,0.02844800055027008,0.02767040003091097,0.02763199992477894,0.00043807285517061354,7168,256,8,2048,1,1680
0.033984001725912094,0.05040000006556511,0.036243199929594995,0.034592000767588615,0.004756737327809774,0.02239999920129776,0.03222399950027466,0.023916800133883954,0.023056000471115112,0.002783308234275272,0.006207999773323536,0.010495999827980995,0.006828799936920404,0.006464000092819333,0.0012342379498057382,0.043776001781225204,0.052319999784231186,0.045148799940943715,0.044304000213742256,0.0024219347968810283,0.2120639979839325,0.2277120053768158,0.21387840211391448,0.21238400042057037,0.004615573750818062,5.245344161987305,5.286240100860596,5.2690528392791744,5.270975828170776,0.011598516919941617,0.3324800133705139,0.3341760039329529,0.33367040753364563,0.33369600772857666,0.0004630138241756753,0.285535991191864,0.2896000146865845,0.288019198179245,0.2884159982204437,0.0010677883634109433,0.026976000517606735,0.02828799933195114,0.027260799892246723,0.027087999507784843,0.00038305210047173737,7168,256,8,2048,1,1664
0.033663999289274216,0.049855999648571014,0.03615039996802807,0.034863999113440514,0.004633066121616348,0.022175999358296394,0.032607998698949814,0.023843199759721757,0.023024000227451324,0.002940082293646893,0.006463999859988689,0.010751999914646149,0.007020800001919269,0.00660800002515316,0.0012476060702087488,0.04390399903059006,0.05276799947023392,0.045532799884676935,0.0448479987680912,0.0024332816540729575,0.20943999290466309,0.226623997092247,0.211913600564003,0.21036800742149353,0.0049207634238555,5.216800212860107,5.264736175537109,5.238467216491699,5.240783929824829,0.014065142169072389,0.3295679986476898,0.33238399028778076,0.33121599555015563,0.3309440016746521,0.0009517754154476041,0.2850239872932434,0.2876800000667572,0.28612160384655,0.2861120104789734,0.0006785295105105513,0.026528000831604004,0.02844800055027008,0.027129600383341314,0.026944000273942947,0.0005191105190495903,7168,256,8,2048,1,1648
0.03347200155258179,0.050624001771211624,0.035862400010228154,0.0342399999499321,0.004944431342104418,0.02223999984562397,0.03385600075125694,0.024563200026750564,0.024015999399125576,0.0031867953518851123,0.006207999773323536,0.010048000141978264,0.006863999972119927,0.006559999892488122,0.001085007715945305,0.043807998299598694,0.05251200124621391,0.045180799812078475,0.04460800066590309,0.002472813842071836,0.208064004778862,0.22390399873256683,0.20995520055294037,0.20848000049591064,0.004652813590764608,5.181151866912842,5.211520195007324,5.193145608901977,5.191328048706055,0.00813397476154414,0.32713600993156433,0.32896000146865845,0.32816640436649325,0.3282559961080551,0.0005093513076230842,0.28252801299095154,0.2879999876022339,0.285862398147583,0.2861279994249344,0.0014391268527173167,0.026623999699950218,0.028511999174952507,0.02732800003141165,0.02691200003027916,0.0007108033334341379,7168,256,8,2048,1,1632
0.03359999880194664,0.049855999648571014,0.03601279929280281,0.034272000193595886,0.004664809857384652,0.022048000246286392,0.03558399900794029,0.024099199660122396,0.022591999731957912,0.003868439801039261,0.006463999859988689,0.009151999838650227,0.0068384000100195404,0.006640000035986304,0.0007762291936897408,0.04428799822926521,0.053279999643564224,0.045423999428749084,0.044576000422239304,0.0026249852641851987,0.20604799687862396,0.2231680005788803,0.20836800038814546,0.20683199912309647,0.004946981762286541,5.184512138366699,5.22976016998291,5.202131271362305,5.198384046554565,0.013530804948065366,0.3247680068016052,0.326911985874176,0.3255040019750595,0.325408011674881,0.0005632332858547736,0.2845759987831116,0.29049599170684814,0.2873504012823105,0.2873760014772415,0.0016818767380754605,0.02627200074493885,0.02848000079393387,0.026924800127744675,0.026688000187277794,0.0006266120510575778,7168,256,8,2048,1,1616
0.03286400064826012,0.049536000937223434,0.03488640002906322,0.033296000212430954,0.004892397377232528,0.022624000906944275,0.035711999982595444,0.02482880000025034,0.02372800000011921,0.0037118468125406827,0.006175999995321035,0.009855999611318111,0.006751999957486987,0.006415999960154295,0.0010469428716677065,0.04358400031924248,0.05215999856591225,0.044912000000476834,0.04420799948275089,0.002446744298343626,0.2040960043668747,0.22067199647426605,0.20607999861240386,0.20441599935293198,0.004873484751215286,5.170720100402832,5.215583801269531,5.190857601165772,5.188191890716553,0.0129819564611044,0.32153600454330444,0.32339200377464294,0.32211200296878817,0.32184000313282013,0.0006229728239041743,0.28572800755500793,0.29148799180984497,0.2878464013338089,0.28726400434970856,0.0018924308020620696,0.026335999369621277,0.027744000777602196,0.02674879990518093,0.026607999578118324,0.0004379328235593676,7168,256,8,2048,1,1600
0.027135999873280525,0.044319998472929,0.029337599873542786,0.02759999968111515,0.005011424317853666,0.022592000663280487,0.04028800129890442,0.026256000250577928,0.024879999458789825,0.004733951219248283,0.006399999838322401,0.011392000131309032,0.007110399985685944,0.006576000014320016,0.0014397724713247125,0.042847998440265656,0.05142400041222572,0.04411200024187565,0.0432640016078949,0.002456226777824871,0.2016959935426712,0.22038400173187256,0.20401279777288436,0.20236799865961075,0.005468448340598231,5.152416229248047,5.2084479331970215,5.1780767917633055,5.176367998123169,0.016303703235332184,0.3182719945907593,0.32099199295043945,0.319488000869751,0.3192320019006729,0.0009528256300323149,0.28384000062942505,0.2887359857559204,0.2868928015232086,0.2868960052728653,0.0013231273834776085,0.02595200017094612,0.02703999914228916,0.026400000043213367,0.026367999613285065,0.0003554737084597783,7168,256,8,2048,1,1584
0.026399999856948853,0.043935999274253845,0.028822399862110614,0.027216000482439995,0.005049495367255299,0.02332800067961216,0.039744000881910324,0.02670080028474331,0.025472000241279602,0.004399696445686137,0.006175999995321035,0.01056000031530857,0.006860799994319678,0.0065119999926537275,0.0012501480097550318,0.04310400038957596,0.05158400163054466,0.0443231999874115,0.043535999953746796,0.0024362262608672333,0.1998080015182495,0.21667200326919556,0.20209280252456666,0.20049600303173065,0.004875632743160074,5.157567977905273,5.2066240310668945,5.183839988708496,5.1843039989471436,0.014620391070897092,0.3152639865875244,0.31702399253845215,0.31618239879608157,0.31599999964237213,0.0005406095346583715,0.28543999791145325,0.2921600043773651,0.28857280015945436,0.2889440059661865,0.0018032503703535115,0.025631999596953392,0.027103999629616737,0.02600319981575012,0.025839999318122864,0.0004500978549315002,7168,256,8,2048,1,1568
0.02672000043094158,0.0435199998319149,0.02884160038083792,0.02734400052577257,0.004905487090956936,0.02319999970495701,0.04188799858093262,0.026505599543452264,0.025455999188125134,0.005228158250651676,0.006399999838322401,0.008832000195980072,0.0067744000349193815,0.006544000003486872,0.0006949307385559264,0.04358400031924248,0.052352000027894974,0.0448415994644165,0.04387199878692627,0.0025214723118015454,0.1980160027742386,0.21433599293231964,0.19999680072069168,0.19841600209474564,0.00479172240613761,5.161856174468994,5.213247776031494,5.190380811691284,5.195120096206665,0.016637859333246203,0.312063992023468,0.3142080008983612,0.3134208023548126,0.3136800080537796,0.0007085281010364858,0.28707200288772583,0.29257598519325256,0.2899392068386078,0.28996801376342773,0.001571337520970434,0.025248000398278236,0.026176000013947487,0.025724800117313863,0.02571200020611286,0.00026132474296946005,7168,256,8,2048,1,1552
0.026464000344276428,0.04387199878692627,0.028780799731612204,0.02707199938595295,0.00505612526831032,0.020959999412298203,0.03776000067591667,0.022867200151085853,0.02127999998629093,0.004966544504138272,0.006175999995321035,0.013439999893307686,0.007075199950486421,0.006399999838322401,0.0021288274885683392,0.042847998440265656,0.05142400041222572,0.04414080008864403,0.04327999986708164,0.0024543480207167333,0.19571200013160706,0.2118079960346222,0.1979103997349739,0.19646400213241577,0.004649061367202664,4.993919849395752,5.013887882232666,5.001347208023072,4.999888181686401,0.005351200639382967,0.3095040023326874,0.31091201305389404,0.310179203748703,0.3100000023841858,0.0004828616457818689,0.2640640139579773,0.2654719948768616,0.26478400230407717,0.2648640125989914,0.0004418378453011015,0.025312000885605812,0.026688000187277794,0.025667200237512587,0.025551999919116497,0.0003663825044622832,7168,256,8,2048,1,1536
0.0261439997702837,0.043136000633239746,0.028675200045108797,0.02711999975144863,0.0048428055927334564,0.020864000543951988,0.0379519984126091,0.022931199893355368,0.021263999864459038,0.005015946167704096,0.006463999859988689,0.01398400031030178,0.007337600085884332,0.006624000146985054,0.0022172583497984703,0.043455999344587326,0.05183999985456467,0.0444640003144741,0.04363200068473816,0.0024624721095468103,0.1936960071325302,0.2107200026512146,0.19584960043430327,0.1942880004644394,0.004970952170909704,5.000895977020264,5.028031826019287,5.0187136173248295,5.023264169692993,0.009100060394064139,0.30691200494766235,0.309471994638443,0.30810239911079407,0.30803200602531433,0.0008473417243161174,0.2619200050830841,0.2638719975948334,0.26296959817409515,0.2632479965686798,0.00065810847434783,0.02457600086927414,0.02595200017094612,0.025139199942350386,0.025055999867618084,0.00038591499308420255,7168,256,8,2048,1,1520
0.026079999282956123,0.04323200136423111,0.02835840005427599,0.0266720000654459,0.00498719403642273,0.021215999498963356,0.03843199834227562,0.022991999797523022,0.021263999864459038,0.005146913778731657,0.006175999995321035,0.012191999703645706,0.007039999915286898,0.006479999981820583,0.0017226583425421476,0.04255999997258186,0.05145600065588951,0.04397759959101677,0.04326399974524975,0.0025233803951235576,0.19171200692653656,0.20812800526618958,0.1937728002667427,0.1921759992837906,0.004796505975818128,4.967840194702148,5.005536079406738,4.98526406288147,4.984448194503784,0.011006025116615326,0.30265599489212036,0.30502399802207947,0.3042207986116409,0.3043840080499649,0.0006124385626423462,0.2627840042114258,0.2646079957485199,0.2635008007287979,0.2633280009031296,0.000561082073262425,0.024032000452280045,0.02579200081527233,0.024380800314247608,0.02417599968612194,0.000501380053818374,7168,256,8,2048,1,1504
0.02582399919629097,0.04211200028657913,0.028236799873411655,0.026832000352442265,0.004639011357041228,0.021023999899625778,0.03827200084924698,0.022966400161385535,0.02127999998629093,0.00510584164573849,0.006463999859988689,0.012256000190973282,0.007136000040918589,0.006576000014320016,0.001708812040259399,0.04320000112056732,0.05167999863624573,0.044313599914312364,0.04347199946641922,0.0024678946206146144,0.18960000574588776,0.20627200603485107,0.19182079881429673,0.19023999571800232,0.004829526513391588,4.939551830291748,4.999263763427734,4.969971084594727,4.97217583656311,0.01647751268914614,0.2993600070476532,0.30300799012184143,0.30128639936447144,0.3014239966869354,0.0009650854815232644,0.26073598861694336,0.26291200518608093,0.2616384029388428,0.26156800985336304,0.0006629190514934827,0.02364799939095974,0.025728000327944756,0.024208000116050243,0.02401600033044815,0.0006097238761081614,7168,256,8,2048,1,1488
0.024992000311613083,0.04278400167822838,0.027779200114309788,0.026496000587940216,0.005065054703939999,0.021376000717282295,0.03923200070858002,0.023436800204217435,0.021616000682115555,0.005269831826684727,0.006175999995321035,0.012480000033974648,0.006998399971053004,0.006383999949321151,0.0018364794313892032,0.0424639992415905,0.05113599821925163,0.043807999417185786,0.04310400038957596,0.002464705963066271,0.18748800456523895,0.20307199656963348,0.18953279703855513,0.18803199380636215,0.004518813385881152,4.938047885894775,4.966559886932373,4.949737596511841,4.948528051376343,0.008929068262507455,0.2974399924278259,0.29897600412368774,0.2982655972242355,0.2983199954032898,0.00042520435534856247,0.2610880136489868,0.2629759907722473,0.2620831996202469,0.26209600269794464,0.0004773093469970073,0.023584000766277313,0.024447999894618988,0.023913600109517576,0.023856000043451786,0.00025919999835356984,7168,256,8,2048,1,1472
0.02521600015461445,0.04368000105023384,0.027801600098609925,0.025968000292778015,0.005325338758584237,0.02112000063061714,0.03968000039458275,0.02354239970445633,0.021871999837458134,0.005389185004049961,0.006463999859988689,0.012256000190973282,0.007155200047418475,0.006576000014320016,0.0017017382667227393,0.04265600070357323,0.0525440014898777,0.04418559968471527,0.04339199885725975,0.0028049534322154906,0.18569600582122803,0.20387199521064758,0.18796800076961517,0.18635199964046478,0.0053077554531249125,4.9127678871154785,5.856544017791748,5.028076839447022,4.935760021209717,0.2765111699705907,0.294048011302948,0.3022719919681549,0.29646400213241575,0.29606400430202484,0.002229836954636368,0.2593599855899811,0.26259198784828186,0.26059199273586275,0.2605599910020828,0.0009971731771276809,0.02319999970495701,0.024639999493956566,0.023792000114917757,0.023679999634623528,0.00045844956751944657,7168,256,8,2048,1,1456
0.024320000782608986,0.041600000113248825,0.026998399943113326,0.025503999553620815,0.004901477735938773,0.02147199958562851,0.0395519994199276,0.023443200066685675,0.021616000682115555,0.005372402397234711,0.006144000217318535,0.013311999849975109,0.007168000051751733,0.0065119999926537275,0.0020567313229651954,0.041152000427246094,0.05020799860358238,0.04254080019891262,0.04174399934709072,0.0025871435771197774,0.18358400464057922,0.2001280039548874,0.18562880009412766,0.18407999724149704,0.004838596972973305,4.906752109527588,4.949664115905762,4.9328512191772464,4.938544034957886,0.013011546799548,0.2911359965801239,0.29315200448036194,0.2922432035207748,0.2922400087118149,0.0007053359013786145,0.26047998666763306,0.26236799359321594,0.2611647993326187,0.2608800083398819,0.0006626709888544092,0.02316799946129322,0.02380800060927868,0.023363200202584266,0.023312000557780266,0.00017436347799126283,7168,256,8,2048,1,1440
0.024607999250292778,0.04198399931192398,0.02687359992414713,0.025071999989449978,0.005063948967919739,0.021695999428629875,0.0395519994199276,0.024051199853420257,0.02247999981045723,0.005185603579566012,0.006399999838322401,0.01375999953597784,0.007302400004118681,0.00659200013615191,0.0021548523780058845,0.041728001087903976,0.05020799860358238,0.04288959987461567,0.04203199967741966,0.002459800632087835,0.1815679967403412,0.1984959989786148,0.18385920077562332,0.18236799538135529,0.004890897762342659,4.911871910095215,4.948959827423096,4.928771209716797,4.929088115692139,0.010943253470696955,0.2894720137119293,0.2911359965801239,0.2901184022426605,0.2900000065565109,0.0005951965368299205,0.2579520046710968,0.2600640058517456,0.25903360247612,0.2592480033636093,0.0006531121692476104,0.0226879995316267,0.02454400062561035,0.023407999984920026,0.02324800007045269,0.0006053416315586167,7168,256,8,2048,1,1424
0.024064000695943832,0.0414079986512661,0.026454399898648263,0.024815999902784824,0.005001734697588808,0.02191999927163124,0.03977600112557411,0.024041600152850152,0.022112000733613968,0.005260221203093374,0.006175999995321035,0.011807999573647976,0.0070015999488532545,0.0065119999926537275,0.0016087949084245196,0.04095999896526337,0.05350400134921074,0.04274880029261112,0.04161600023508072,0.0036164661891179037,0.1794240027666092,0.19660800695419312,0.18160319924354554,0.18004799634218216,0.0050075157596314035,4.928063869476318,4.9634881019592285,4.945017623901367,4.945280075073242,0.012169134831390245,0.28547200560569763,0.28748801350593567,0.2865631997585297,0.2866239994764328,0.000586126333119501,0.26121601462364197,0.26473599672317505,0.2627232015132904,0.26260800659656525,0.0011369200320283347,0.022655999287962914,0.02412799932062626,0.02306880000978708,0.022896000184118748,0.0004393330590586916,7168,256,8,2048,1,1408
0.02380800060927868,0.04064000025391579,0.025788800045847892,0.02411200013011694,0.004955134709172571,0.022016000002622604,0.040352001786231995,0.024496000073850156,0.02280000038444996,0.005320788458836804,0.006335999816656113,0.011807999573647976,0.00702719995751977,0.006496000103652477,0.0015973224346440397,0.04169600084424019,0.050464000552892685,0.04280320033431053,0.04195199906826019,0.0025600080816559206,0.17817600071430206,0.19487999379634857,0.18022719770669937,0.17871999740600586,0.0048930162887199325,4.974239826202393,5.018432140350342,4.99839677810669,4.99727988243103,0.013601768854389138,0.28352001309394836,0.28518399596214294,0.2842848002910614,0.2841600030660629,0.0005068597525109728,0.26787200570106506,0.2728320062160492,0.2701536059379578,0.26982399821281433,0.0014586559478923459,0.02236800082027912,0.02316799946129322,0.02280319985002279,0.022784000262618065,0.00020096376181989996,7168,256,8,2048,1,1392
0.023104000836610794,0.03977600112557411,0.025366400368511677,0.02380800060927868,0.004824705707123506,0.022336000576615334,0.04070400074124336,0.024991999939084054,0.023327999748289585,0.005281648490416759,0.006144000217318535,0.012896000407636166,0.007030400028452277,0.006447999970987439,0.0019614748354316648,0.04089599847793579,0.04934399947524071,0.04225279986858368,0.04161600023508072,0.002393214847780168,0.1756799966096878,0.19152000546455383,0.1777984008193016,0.17635200172662735,0.004586480251096279,4.982367992401123,5.0068159103393555,4.9944287776947025,4.993952035903931,0.006408042995718653,0.27935999631881714,0.2815679907798767,0.280825600028038,0.280799999833107,0.0006412468349174601,0.26982399821281433,0.27344000339508057,0.2716032058000565,0.2715360075235367,0.0011368085618821708,0.022112000733613968,0.024064000695943832,0.02251840028911829,0.022463999688625336,0.0005498137439474548,7168,256,8,2048,1,1376
0.023296000435948372,0.040031999349594116,0.025283200107514857,0.023663999512791634,0.004924080272661063,0.022143999114632607,0.040192000567913055,0.024326400086283683,0.02247999981045723,0.005307444982160158,0.006496000103652477,0.011327999643981457,0.007116800034418702,0.006624000146985054,0.0014155577672268843,0.0414079986512661,0.04979199916124344,0.04250560030341148,0.04174400120973587,0.002431917531157227,0.1733119934797287,0.1910720020532608,0.17581759989261628,0.17419199645519257,0.005095262027397464,4.953792095184326,5.012608051300049,4.979564762115478,4.980047941207886,0.01876336138927804,0.27689599990844727,0.27878400683403015,0.27780160009860994,0.27777600288391113,0.0005935215040254229,0.26822400093078613,0.27395200729370117,0.2708736062049866,0.270672008395195,0.0014399863446765819,0.021856000646948814,0.02348800003528595,0.022467200085520743,0.022272000089287758,0.0005009711741076322,7168,256,8,2048,1,1360
0.023264000192284584,0.03932800143957138,0.025171200186014174,0.02363200020045042,0.004725051535726003,0.022784000262618065,0.03999999910593033,0.02548159994184971,0.024480000138282776,0.004907386236689181,0.006144000217318535,0.010239999741315842,0.006771200010553003,0.006479999981820583,0.0011700102335546957,0.04073600098490715,0.04918399825692177,0.04206719994544983,0.041199998930096626,0.002416124535527219,0.17177599668502808,0.1868479996919632,0.17364479899406432,0.17214400321245193,0.004412478793856816,4.943391799926758,4.999072074890137,4.967360019683838,4.96777606010437,0.01619461032084323,0.2742080092430115,0.2752639949321747,0.27478399574756623,0.27483199536800385,0.00034672302480190067,0.27193599939346313,0.2773120105266571,0.2737663954496384,0.27353599667549133,0.001744152047080992,0.021824000403285027,0.02271999977529049,0.022201599925756453,0.022175999358296394,0.0002380936083260274,7168,256,8,2048,1,1344
0.023455999791622162,0.03964800015091896,0.025433599762618542,0.02393599972128868,0.004746103942563846,0.0225600004196167,0.04262400045990944,0.024972800351679324,0.02284800074994564,0.005907137636885174,0.006463999859988689,0.009535999968647957,0.006915199989452958,0.006576000014320016,0.0008884769770850094,0.04134399816393852,0.05020799860358238,0.04272319935262203,0.04177599959075451,0.0025362273664105307,0.1693120002746582,0.18614399433135986,0.1717759981751442,0.17019199579954147,0.004806074780274591,4.9264960289001465,4.965888023376465,4.943308734893799,4.9420318603515625,0.011222146578596071,0.27081599831581116,0.27398398518562317,0.27227199971675875,0.2719839960336685,0.0009439990177465525,0.2693760097026825,0.27695998549461365,0.27245440185070036,0.27209600806236267,0.00224765155023699,0.02175999991595745,0.022911999374628067,0.022172800451517104,0.021888000890612602,0.0004104113875479713,7168,256,8,2048,1,1328
0.022495999932289124,0.03948799893260002,0.024710399843752385,0.023151999339461327,0.004934412142493968,0.023104000836610794,0.04297599941492081,0.025331199914216996,0.02340799942612648,0.005884889443977365,0.006175999995321035,0.008927999995648861,0.00668159993365407,0.0065119999926537275,0.0007720957712846012,0.03929600119590759,0.04848000034689903,0.04074880033731461,0.0400799997150898,0.002608547655135003,0.16771200299263,0.18460799753665924,0.16985280066728592,0.16819200664758682,0.0049260130676160386,4.913568019866943,4.947519779205322,4.932041501998901,4.932816028594971,0.011101517453498586,0.26767998933792114,0.26848000288009644,0.26798720061779024,0.2678080052137375,0.0003119649000018667,0.26953598856925964,0.2770879864692688,0.2724575996398926,0.2718080133199692,0.002359336985595251,0.021407999098300934,0.022752000018954277,0.021836799941956996,0.02175999991595745,0.00035897100395825183,7168,256,8,2048,1,1312
0.02252800017595291,0.038495998829603195,0.024428800120949744,0.02291200030595064,0.004696029813134509,0.023360000923275948,0.041152000427246094,0.025907200202345847,0.023679999634623528,0.005172910692765542,0.006432000081986189,0.011071999557316303,0.007030400028452277,0.006560000125318766,0.0013516769651379078,0.039455998688936234,0.04790399968624115,0.0409536000341177,0.04017600044608116,0.002354547739628804,0.16495999693870544,0.18118399381637573,0.16755199879407884,0.16606400161981583,0.0045828411967776496,4.9291839599609375,4.977183818817139,4.951062345504761,4.9509758949279785,0.013481824088655194,0.2653439939022064,0.2672320008277893,0.26613119840621946,0.26609599590301514,0.0005985314201038102,0.26736000180244446,0.2720640003681183,0.26924159824848176,0.2691039890050888,0.0012575479498876411,0.02099199965596199,0.022143999114632607,0.021507199667394162,0.021455999463796616,0.0003663826720269688,7168,256,8,2048,1,1296
0.02208000048995018,0.03907199949026108,0.024412800185382368,0.02286399994045496,0.004898706465390283,0.020608000457286835,0.0379519984126091,0.022464000061154364,0.020767999812960625,0.005163375708826988,0.006144000217318535,0.013248000293970108,0.007049600034952164,0.006415999960154295,0.0020728518022475025,0.03932800143957138,0.05238400027155876,0.04099519960582256,0.03971199877560139,0.0038156416103579728,0.1634880006313324,0.17936000227928162,0.1653439998626709,0.16382399946451187,0.004678440286757046,4.719935894012451,4.762847900390625,4.737622308731079,4.7355358600616455,0.010582564608263413,0.2616640031337738,0.2662079930305481,0.262774395942688,0.26238399744033813,0.001273747684323575,0.24271999299526215,0.2443840056657791,0.243510402739048,0.24345600605010986,0.00046329552180638436,0.020959999412298203,0.022048000246286392,0.021244800090789794,0.02115200087428093,0.0003120452317745746,7168,256,8,2048,1,1280
0.02208000048995018,0.03907199949026108,0.024195200204849242,0.02260800078511238,0.004963208012565017,0.020479999482631683,0.0390079990029335,0.02250560000538826,0.020640000700950623,0.00550238175074042,0.006432000081986189,0.013248000293970108,0.007270399993285537,0.006640000035986304,0.0019965949577266597,0.039744000881910324,0.04870399832725525,0.04103680066764355,0.04025600105524063,0.0025660799829319296,0.1613759994506836,0.17849600315093994,0.1635455995798111,0.16183999925851822,0.005001608229226722,4.715167999267578,4.768576145172119,4.734230422973633,4.7319841384887695,0.015624977215758677,0.2592639923095703,0.2618879973888397,0.26042560040950774,0.26051200926303864,0.0008103078437979116,0.2415039986371994,0.24393600225448608,0.2427264004945755,0.2425600066781044,0.0008502376347361162,0.020576000213623047,0.02252800017595291,0.021321599930524827,0.021215999498963356,0.0006424034943519932,7168,256,8,2048,1,1264
0.022304000332951546,0.038943998515605927,0.024239999987185002,0.022607999853789806,0.004907786626388344,0.020864000543951988,0.038975998759269714,0.02273920029401779,0.020896000787615776,0.005412999772461759,0.0060800001956522465,0.01398400031030178,0.00718080010265112,0.006544000003486872,0.0022758368243738242,0.03920000046491623,0.04790399968624115,0.0405215997248888,0.03980799950659275,0.0024899640167065497,0.15987199544906616,0.17590400576591492,0.16180800199508666,0.160288006067276,0.004703549515207334,4.703487873077393,4.732736110687256,4.7184895992279055,4.720639944076538,0.009620734733375337,0.2560639977455139,0.25830399990081787,0.25705919563770296,0.2571519911289215,0.0006199204373299298,0.24265600740909576,0.24556800723075867,0.2443520024418831,0.24454399943351746,0.0010072650697980287,0.02070399932563305,0.021695999428629875,0.02098880000412464,0.020864000543951988,0.00035416080033291323,7168,256,8,2048,1,1248
0.02160000056028366,0.039264000952243805,0.023872000351548194,0.022288000211119652,0.00513747039391001,0.020735999569296837,0.03996799886226654,0.02289279978722334,0.02099199965596199,0.0056943491102990585,0.006463999859988689,0.012640000320971012,0.007190400036051869,0.006544000003486872,0.0018202376214300272,0.03996799886226654,0.048895999789237976,0.04103040024638176,0.04016000032424927,0.0026237188852710953,0.15804800391197205,0.17507199943065643,0.1602624014019966,0.15881600230932236,0.004950261764916675,4.68284797668457,4.735743999481201,4.7165440082550045,4.72380805015564,0.0167975117760176,0.2534399926662445,0.2555519938468933,0.25461759865283967,0.254720002412796,0.0007313679793134992,0.24223999679088593,0.24515199661254883,0.2435711994767189,0.2436159998178482,0.0008377887536459392,0.020255999639630318,0.021856000646948814,0.020806399919092656,0.02059200033545494,0.00047416198503621494,7168,256,8,2048,1,1232
0.021536000072956085,0.0387520007789135,0.02377920001745224,0.02208000048995018,0.0050028489783706075,0.021056000143289566,0.039103999733924866,0.023193599842488765,0.021487999707460403,0.005309470192195017,0.006144000217318535,0.014015999622642994,0.00714879990555346,0.006431999849155545,0.0022923794887256587,0.038943998515605927,0.04927999898791313,0.040479999780654904,0.03945600055158138,0.002966177112279104,0.15571199357509613,0.17440000176429749,0.15792319923639297,0.15611200034618378,0.005498871925211359,4.661183834075928,4.71446418762207,4.6874144077301025,4.686496019363403,0.01953006839909086,0.24995200335979462,0.2518399953842163,0.25115199834108354,0.25140799582004547,0.0005846864427946674,0.24217599630355835,0.24447999894618988,0.24337599873542787,0.24347200244665146,0.0007161499812820566,0.020096000283956528,0.02115200087428093,0.02065600026398897,0.02068800013512373,0.00035061550213042223,7168,256,8,2048,1,1216
0.022175999358296394,0.03868800029158592,0.024227199889719487,0.02271999977529049,0.004828617765725819,0.021023999899625778,0.03888000175356865,0.02295360006392002,0.021215999498963356,0.0053102855842203645,0.006432000081986189,0.013728000223636627,0.0072928001172840595,0.00660800002515316,0.0021480773543282577,0.039423998445272446,0.0480320006608963,0.04062400013208389,0.039824001491069794,0.002477066841349017,0.15385599434375763,0.17004799842834473,0.1559136003255844,0.15440000593662262,0.004715654116414689,4.649087905883789,4.962048053741455,4.70173749923706,4.667295932769775,0.08920844561845444,0.2468159943819046,0.25567999482154846,0.24882239997386932,0.2478400021791458,0.0025235413028210298,0.2391040027141571,0.2423039972782135,0.24110080152750016,0.24116799980401993,0.0008806901020734755,0.019807999953627586,0.021056000143289566,0.020179200172424316,0.020096000283956528,0.00033841402038133154,7168,256,8,2048,1,1200
0.021056000143289566,0.0382080003619194,0.02342080008238554,0.02184000052511692,0.0049506896781583674,0.021663999184966087,0.03968000039458275,0.023529599793255328,0.02175999991595745,0.005383690893326306,0.006144000217318535,0.013504000380635262,0.007088000047951936,0.006432000081986189,0.0021453489398033476,0.037696000188589096,0.047520000487565994,0.03909120038151741,0.0382240004837513,0.0028298640406065156,0.15119999647140503,0.16816000640392303,0.15356800109148025,0.15216000378131866,0.004883457614855902,4.637311935424805,4.68233585357666,4.659519958496094,4.660367965698242,0.011755425311492236,0.2436479926109314,0.2455040067434311,0.2444480001926422,0.24433600157499313,0.0005289236259842054,0.24038399755954742,0.24198399484157562,0.24114879816770554,0.24116799980401993,0.0004173402921363341,0.019360000267624855,0.020767999812960625,0.020073600113391876,0.019920000806450844,0.00043076563081950454,7168,256,8,2048,1,1184
0.021344000473618507,0.037248000502586365,0.023193600215017797,0.021680000238120556,0.004689453520717131,0.021376000717282295,0.03932800143957138,0.023449600487947465,0.021712000481784344,0.005296416964499808,0.006432000081986189,0.013919999822974205,0.007299199979752302,0.006576000014320016,0.0022083454260990267,0.03827200084924698,0.04710400104522705,0.03997120037674904,0.03939200006425381,0.0024305870863053952,0.14988799393177032,0.16662399470806122,0.1519583985209465,0.15041600167751312,0.004901915198071666,4.658783912658691,4.681951999664307,4.66723518371582,4.665791988372803,0.006779151742501973,0.24163199961185455,0.24313600361347198,0.24243520051240922,0.24241600185632706,0.00040614768232858105,0.23958399891853333,0.2417600005865097,0.24042239785194397,0.24038399755954742,0.0006540548144350136,0.019168000668287277,0.020255999639630318,0.019686399959027767,0.01953599974513054,0.00038766251805834984,7168,256,8,2048,1,1168
0.020576000213623047,0.03753599897027016,0.02280960027128458,0.021136000752449036,0.004920717312915278,0.022048000246286392,0.040383998304605484,0.024089599773287774,0.022272000089287758,0.005432838090091701,0.006111999973654747,0.011327999643981457,0.0068479998968541626,0.006415999960154295,0.001500523560033892,0.03766399994492531,0.04668800160288811,0.03889600038528442,0.03814399987459183,0.002607921902265819,0.1478399932384491,0.1653759926557541,0.15008320063352584,0.1483520045876503,0.005107410931170075,4.545152187347412,4.57539176940918,4.5593279838562015,4.560271978378296,0.008239402939905034,0.23785600066184998,0.24025599658489227,0.23893440067768096,0.23904000222682953,0.0007454083771806514,0.23100799322128296,0.2343360036611557,0.232422399520874,0.23214399814605713,0.0011468180175892965,0.019039999693632126,0.019872000440955162,0.01940800007432699,0.01929599978029728,0.0002516635846847705,7168,256,8,2048,1,1152
0.02067199908196926,0.037376001477241516,0.02272960003465414,0.021103999577462673,0.004893198113406192,0.02208000048995018,0.04102399945259094,0.024217600002884865,0.022400000132620335,0.005605333042293355,0.006399999838322401,0.01152000017464161,0.007075200043618679,0.006624000146985054,0.0014871189344985653,0.038336001336574554,0.04710400104522705,0.039392000436782836,0.03851199895143509,0.002577778418291851,0.14582400023937225,0.16256000101566315,0.14795520156621933,0.146464005112648,0.004877333232873834,4.540031909942627,4.5722880363464355,4.5540543556213375,4.551055908203125,0.011426298629766376,0.23481599986553192,0.23712000250816345,0.2364319995045662,0.2364960014820099,0.0006051721541198571,0.23027199506759644,0.23497599363327026,0.23207679986953736,0.23158400505781174,0.0015910271221104863,0.01865600049495697,0.01945599913597107,0.01899839974939823,0.01897599920630455,0.0002523946112132028,7168,256,8,2048,1,1136
0.020320000126957893,0.03791999816894531,0.022489599697291852,0.020864000543951988,0.005149092818748665,0.0226879995316267,0.04118400067090988,0.024681599996984004,0.022784000262618065,0.005504819696746565,0.006207999773323536,0.010239999741315842,0.006793599994853139,0.006400000071153045,0.0011634144810840632,0.03743999823927879,0.04758400097489357,0.03902719989418983,0.0382240004837513,0.0028808252213511523,0.1438400000333786,0.16092799603939056,0.14585279822349548,0.1441119983792305,0.005033477310460342,4.527872085571289,4.566847801208496,4.543782424926758,4.539680004119873,0.01221006536066851,0.23180800676345825,0.23430399596691132,0.23287039995193481,0.2330239936709404,0.0007356912198631882,0.23123200237751007,0.2367040067911148,0.23422079980373384,0.23424000293016434,0.0013925110146452645,0.018432000651955605,0.01926399953663349,0.018800000287592412,0.01872000005096197,0.00027795808155933066,7168,256,8,2048,1,1120
0.020767999812960625,0.037151999771595,0.022601600177586077,0.020896000787615776,0.004856226286099651,0.022495999932289124,0.04137599840760231,0.024627199955284597,0.02276800014078617,0.005586015395556653,0.006463999859988689,0.011648000217974186,0.007065599970519543,0.006544000003486872,0.0015294394049519006,0.03791999816894531,0.04620800167322159,0.03903999999165535,0.038256000727415085,0.002396072024323761,0.14159999787807465,0.1581439971923828,0.14365440011024475,0.14214400202035904,0.004836421881152384,4.532864093780518,4.582943916320801,4.559151983261108,4.554127931594849,0.016064339966431716,0.2295999974012375,0.23164799809455872,0.23045119941234588,0.23031999915838242,0.0005990409778124027,0.2306559979915619,0.2338559925556183,0.23220160007476806,0.2322240024805069,0.0009276745219753777,0.018015999346971512,0.01926399953663349,0.01841919980943203,0.01828799955546856,0.0003702056367146236,7168,256,8,2048,1,1104
0.02022399939596653,0.03747199848294258,0.0226239999756217,0.021056000143289566,0.004964745649015027,0.02316799946129322,0.04188799858093262,0.025305599719285966,0.023504000157117844,0.005529036629228136,0.006207999773323536,0.011872000060975552,0.006937599973753095,0.006431999849155545,0.0016491522499035743,0.03747199848294258,0.047231998294591904,0.03880319930613041,0.0378239993005991,0.0028315278066693137,0.1398400068283081,0.157151997089386,0.14197759926319123,0.1403999999165535,0.0050628967641088,4.558559894561768,4.628223896026611,4.587984037399292,4.588624000549316,0.02029556351489079,0.22579200565814972,0.22828799486160278,0.22727999836206436,0.22727999836206436,0.0006215310890546076,0.23817600309848785,0.24131199717521667,0.23989759832620622,0.24007999897003174,0.0010682244959800387,0.017791999503970146,0.019168000668287277,0.018281599693000316,0.018079999834299088,0.00044594975071593273,7168,256,8,2048,1,1088
0.020320000126957893,0.03827200084924698,0.02242880016565323,0.020655999891459942,0.005286850566711663,0.023455999791622162,0.041600000113248825,0.02550720013678074,0.023663999512791634,0.005369719186509105,0.006399999838322401,0.010463999584317207,0.006921599945053458,0.006544000003486872,0.0011835716976364126,0.038047999143600464,0.046720001846551895,0.039158400148153305,0.03830400109291077,0.0025279620845182343,0.13788799941539764,0.1544959992170334,0.13995839953422545,0.1382879987359047,0.004857175243621922,4.576704025268555,4.598207950592041,4.589260721206665,4.5909600257873535,0.006809589987285097,0.2224320024251938,0.22595199942588806,0.22413119971752166,0.22412800043821335,0.0010143996883300655,0.2364480048418045,0.24003200232982635,0.23837440013885497,0.2388639971613884,0.0011369493728283033,0.01740800030529499,0.018400000408291817,0.01770239993929863,0.017664000391960144,0.00027145363322403793,7168,256,8,2048,1,1072
0.0197759997099638,0.036479998379945755,0.02177599985152483,0.020096000283956528,0.004911311519772946,0.023840000852942467,0.042208001017570496,0.025939200073480606,0.024111999198794365,0.005428415276739959,0.006047999951988459,0.009216000325977802,0.006688000028952956,0.006495999870821834,0.0008683742198594223,0.03596799820661545,0.044895999133586884,0.03723199926316738,0.03654399886727333,0.002573176128114937,0.13600000739097595,0.15228800475597382,0.1381088003516197,0.13663999736309052,0.00473659503260087,4.534624099731445,4.565983772277832,4.554828834533692,4.560512065887451,0.009858089678317042,0.22012799978256226,0.2218559980392456,0.22079999893903732,0.22068800032138824,0.0004978041866261488,0.23731200397014618,0.2422720044851303,0.23968959897756575,0.23996799439191818,0.0014727704544943107,0.017152000218629837,0.017664000391960144,0.017360000126063823,0.017343999817967415,0.00013893325583608321,7168,256,8,2048,1,1056
0.019711999222636223,0.03683200106024742,0.02169599998742342,0.020047999918460846,0.00504762887600552,0.023840000852942467,0.04255999997258186,0.02586560007184744,0.024032000452280045,0.005566216686935818,0.006399999838322401,0.010784000158309937,0.00689920000731945,0.006463999859988689,0.0012963911059278173,0.03667199984192848,0.04575999826192856,0.03816319964826107,0.03755199909210205,0.002564244075031421,0.13334399461746216,0.15007999539375305,0.13575679808855057,0.1342559978365898,0.004804310778296817,4.527167797088623,4.580160140991211,4.546441555023193,4.544687986373901,0.014481755458600209,0.21743999421596527,0.21967999637126923,0.2186623990535736,0.21859199553728104,0.0006754656654254726,0.23283199965953827,0.23868800699710846,0.2355008006095886,0.23560000211000443,0.0016964357508496696,0.01679999940097332,0.017632000148296356,0.01715519968420267,0.017103999853134155,0.00025011253822688193,7168,256,8,2048,1,1040
0.019168000668287277,0.0360959991812706,0.02149440012872219,0.019952000118792057,0.004883959744064757,0.01958400011062622,0.037696000188589096,0.02181440033018589,0.020032000727951527,0.005311171936995309,0.0060800001956522465,0.013439999893307686,0.006979200057685375,0.006272000027820468,0.0021603412482564953,0.03590400144457817,0.04531199857592583,0.037222400307655334,0.036320000886917114,0.002713584323376717,0.1319359987974167,0.14720000326633453,0.1336575984954834,0.1321600005030632,0.00451734984855624,4.038784027099609,4.100351810455322,4.075436782836914,4.0768959522247314,0.018023809314815554,0.21401600539684296,0.21542400121688843,0.214825601875782,0.21492800116539001,0.00038719961713689065,0.1769919991493225,0.18041600286960602,0.17934079915285112,0.1796480044722557,0.0010345657107844683,0.01648000068962574,0.017343999817967415,0.016796799935400487,0.01679999940097332,0.00023051101142501445,7168,256,8,2048,1,1024
0.01961600035429001,0.03577600046992302,0.021564800292253494,0.019936000928282738,0.004744089364177959,0.019392000511288643,0.03763199970126152,0.021411200053989887,0.01958400011062622,0.005408841478353161,0.006432000081986189,0.014368000440299511,0.0073056000284850596,0.006527999881654978,0.002354819672463933,0.03654399886727333,0.04560000076889992,0.037705599889159204,0.036848001182079315,0.002636654649095453,0.1302720010280609,0.14633600413799286,0.13255680203437806,0.1310720071196556,0.004604648438054913,4.062047958374023,4.1327362060546875,4.0934656143188475,4.092336177825928,0.019896123684983964,0.2122880071401596,0.2149759978055954,0.2136480003595352,0.21358399838209152,0.0007067929712117439,0.17510400712490082,0.18147200345993042,0.17845440059900283,0.17881599813699722,0.0017193278212042507,0.0161920003592968,0.01708799973130226,0.016591999866068362,0.01659199967980385,0.00026280920386579005,7168,256,8,2048,1,1016
0.019519999623298645,0.036479998379945755,0.02155519984662533,0.019872000440955162,0.004982394369261269,0.019360000267624855,0.03753599897027016,0.0213919997215271,0.01953599974513054,0.005386299399755702,0.006047999951988459,0.01484800036996603,0.007203200040385127,0.006415999960154295,0.0025527277806433606,0.035840000957250595,0.04575999826192856,0.03730239979922771,0.03657599911093712,0.002842963140974498,0.12969599664211273,0.1464959979057312,0.1316479980945587,0.12993600219488144,0.004955807086301744,4.087615966796875,4.117152214050293,4.103129577636719,4.103791952133179,0.009483862839414641,0.21078400313854218,0.2126079946756363,0.2115231990814209,0.21143999695777893,0.0005399277795417676,0.17817600071430206,0.1834239959716797,0.1796767979860306,0.1791040003299713,0.0015192035454069468,0.016127999871969223,0.01727999933063984,0.01665279995650053,0.01659199967980385,0.00034411528924393076,7168,256,8,2048,1,1008
0.01929599978029728,0.038975998759269714,0.021625599823892117,0.01967999991029501,0.005788653715338806,0.01929599978029728,0.03846399858593941,0.02155519984662533,0.019631999544799328,0.005647908030663381,0.006335999816656113,0.013248000293970108,0.007136000040918589,0.006496000103652477,0.0020380760414460547,0.036639999598264694,0.044895999133586884,0.03773759976029396,0.03686399944126606,0.002401878510775926,0.12825599312782288,0.14547200500965118,0.13069120049476624,0.12918400019407272,0.004942099814064054,4.071680068969727,4.118879795074463,4.102553510665894,4.105711936950684,0.013313442252705523,0.2093760073184967,0.21244800090789795,0.2108224004507065,0.21084799617528915,0.000798307367717295,0.17875200510025024,0.1849599927663803,0.18166079968214036,0.18145599961280823,0.002052116328875166,0.015968000516295433,0.017055999487638474,0.016438400000333787,0.016368000768125057,0.00034879972355121954,7168,256,8,2048,1,1000
0.01913600042462349,0.03641600161790848,0.021171200275421142,0.01953599974513054,0.005083615159516573,0.02112000063061714,0.037248000502586365,0.023110399954020977,0.021616000682115555,0.004717451415794368,0.006175999995321035,0.01587199978530407,0.007340799970552325,0.006479999981820583,0.002848582352774313,0.03574400022625923,0.04742399975657463,0.03766399994492531,0.03670400008559227,0.0032942286490662233,0.1276479959487915,0.14521600306034088,0.13014399856328965,0.12855999916791916,0.005037598415629491,4.0853118896484375,4.127071857452393,4.109465551376343,4.112655878067017,0.013633209662961086,0.20838400721549988,0.20956799387931824,0.2090623989701271,0.20907200127840042,0.000361696424135968,0.18038399517536163,0.18668800592422485,0.18393280059099198,0.1849600002169609,0.0022256655938021094,0.015519999898970127,0.01679999940097332,0.01610560016706586,0.016048000194132328,0.0003837463403780735,7168,256,8,2048,1,992
0.018880000337958336,0.03625600039958954,0.021072000078856946,0.01945599913597107,0.005067920227472982,0.020959999412298203,0.03731200098991394,0.022764799930155278,0.021151999942958355,0.004851504302133873,0.006111999973654747,0.014368000440299511,0.007267200015485286,0.006544000003486872,0.002375445738176557,0.03590400144457817,0.045632001012563705,0.037360000610351565,0.036480000242590904,0.0027698122458230607,0.12707200646400452,0.14361600577831268,0.12908480018377305,0.12755200266838074,0.004847308971275062,4.087456226348877,4.13702392578125,4.115446424484253,4.11515212059021,0.012977428119158065,0.20636799931526184,0.20924800634384155,0.20739199817180634,0.20734399557113647,0.0008000029325547757,0.18080000579357147,0.18729600310325623,0.18541440069675447,0.18569600582122803,0.0017722786953143334,0.015807999297976494,0.017184000462293625,0.01638719979673624,0.016176000237464905,0.00046646547034799693,7168,256,8,2048,1,984
0.019007999449968338,0.03596799820661545,0.021206399798393248,0.019648000597953796,0.004927481001824412,0.0208320003002882,0.03750399872660637,0.02318400014191866,0.02190400008112192,0.004797721679141247,0.006144000217318535,0.014783999882638454,0.007299199979752302,0.006544000003486872,0.002500895675068954,0.035840000957250595,0.04668800160288811,0.03750079981982708,0.036559998989105225,0.0030784421281209876,0.12563200294971466,0.1438400000333786,0.1280672013759613,0.12622400373220444,0.005283827252098234,4.1038079261779785,4.152256011962891,4.119372844696045,4.119440078735352,0.01274920547133379,0.20521600544452667,0.20688000321388245,0.20593279898166655,0.20587199926376343,0.00048068298510961483,0.1807360053062439,0.18911999464035034,0.1864991992712021,0.1876479983329773,0.002936769043056253,0.015647999942302704,0.016256000846624374,0.01599040012806654,0.015999999828636646,0.00018716586782756316,7168,256,8,2048,1,976
0.019071999937295914,0.03580800071358681,0.021097600273787976,0.01958400011062622,0.004908262959313159,0.021023999899625778,0.036288000643253326,0.02287679985165596,0.021263999864459038,0.004487113468862909,0.006207999773323536,0.014431999996304512,0.007289599953219294,0.006544000003486872,0.002385483587107844,0.03587200120091438,0.04553600028157234,0.03755520060658455,0.03675200045108795,0.002705398865184001,0.12492799758911133,0.14163200557231903,0.12725120037794113,0.12569600343704224,0.0048103629784871605,4.113984107971191,4.166592121124268,4.1362175941467285,4.1328959465026855,0.01751966609363127,0.20336000621318817,0.20563200116157532,0.2044384017586708,0.20425600558519363,0.0008433728323937242,0.17926399409770966,0.1884160041809082,0.18574079871177673,0.18619199842214584,0.0024448603057135514,0.015359999611973763,0.01635199971497059,0.015743999928236007,0.015728000551462173,0.00025033729044019636,7168,256,8,2048,1,968
0.019039999693632126,0.03596799820661545,0.02103040013462305,0.01934400014579296,0.00498559115846831,0.021824000403285027,0.04105599969625473,0.02457599975168705,0.022943999618291855,0.005525761609445387,0.006304000038653612,0.01414399966597557,0.007276799995452166,0.0065119999926537275,0.0022941655718453297,0.036031998693943024,0.04732799902558327,0.0375135999172926,0.03643199987709522,0.003283082799033455,0.12454400211572647,0.14105600118637085,0.12647680044174195,0.12487999722361565,0.004867203360021882,4.142848014831543,4.16483211517334,4.149971199035645,4.147247791290283,0.007265301620230896,0.20156799256801605,0.20412799715995789,0.2028447985649109,0.20291200280189514,0.0006352551332200452,0.18928000330924988,0.192671999335289,0.19062719941139222,0.1903200000524521,0.0010742127556483882,0.01484800036996603,0.015968000516295433,0.015574400126934052,0.015567999798804522,0.00031026798782018316,7168,256,8,2048,1,960
0.0191040001809597,0.03497600182890892,0.021014400012791156,0.019519999623298645,0.004655952217576734,0.022304000332951546,0.03923200070858002,0.024358400143682957,0.022640000097453594,0.004972717807337007,0.006111999973654747,0.01414399966597557,0.007209599995985627,0.006464000092819333,0.00231583836652315,0.0360959991812706,0.04543999955058098,0.037558399885892865,0.036687999963760376,0.002658814777830994,0.12294399738311768,0.13923199474811554,0.1252095989882946,0.12371199950575829,0.004686262810308275,4.105663776397705,4.157087802886963,4.140150308609009,4.144383907318115,0.014867963181515927,0.20076799392700195,0.20531199872493744,0.20216319859027862,0.20177599787712097,0.001236476624207471,0.1886720061302185,0.19113600254058838,0.18995200097560883,0.1899840012192726,0.0008051038685887228,0.015231999568641186,0.01583999954164028,0.01543679991737008,0.015456000342965126,0.0001963247153196157,7168,256,8,2048,1,952
0.018912000581622124,0.03612799942493439,0.02095359992235899,0.019231999292969704,0.005067688610270857,0.020896000787615776,0.037151999771595,0.023094400018453597,0.021647999994456768,0.004699209431147374,0.006047999951988459,0.014592000283300877,0.007228800049051643,0.006479999981820583,0.002460358949047103,0.03587200120091438,0.0451200008392334,0.037328000739216806,0.036448001861572266,0.002632814378213946,0.12176000326871872,0.13875199854373932,0.12394560053944588,0.12244800105690956,0.004943684547445629,4.110335826873779,4.152959823608398,4.136319923400879,4.135231971740723,0.011788919738541037,0.1990399956703186,0.2019840031862259,0.20005439966917038,0.1998559981584549,0.0009629895720342884,0.18668800592422485,0.19094400107860565,0.18873599916696548,0.1887199953198433,0.0013180743765393507,0.014911999925971031,0.016287999227643013,0.015366399940103293,0.01539199985563755,0.0003599962169457176,7168,256,8,2048,1,944
0.019007999449968338,0.037087999284267426,0.021215999871492384,0.01942400075495243,0.005297367604927142,0.0208320003002882,0.03731200098991394,0.022988800145685672,0.02127999998629093,0.004788812849098131,0.006047999951988459,0.020767999812960625,0.007884799968451262,0.006527999881654978,0.004297498683057416,0.035679999738931656,0.04569600149989128,0.03723200000822544,0.03641599975526333,0.0028382850108923914,0.12060800194740295,0.13728000223636627,0.12284480184316635,0.12150400131940842,0.004829338754540819,4.088863849639893,4.155007839202881,4.116998386383057,4.116864204406738,0.019468815289702394,0.19756799936294556,0.1995519995689392,0.19849919974803926,0.19855999946594238,0.0005787394021307921,0.18777599930763245,0.19222399592399597,0.19065280109643937,0.19095999747514725,0.0011548798569107263,0.01462399959564209,0.0163199994713068,0.015238399989902974,0.015056000091135502,0.00044772551292270653,7168,256,8,2048,1,936
0.01894400082528591,0.053568001836538315,0.0227104002609849,0.019279999658465385,0.010289063488317445,0.0208320003002882,0.04560000076889992,0.02392640020698309,0.021472000516951084,0.007236219120562536,0.006144000217318535,0.02304000034928322,0.008150400128215551,0.006560000125318766,0.004967510260235844,0.03580800071358681,0.058880001306533813,0.03855680003762245,0.03630400076508522,0.006781470909962153,0.1199679970741272,0.1510400027036667,0.12364480048418044,0.12080000340938568,0.009139320102225297,4.097568035125732,4.150271892547607,4.123353576660156,4.124608039855957,0.015564880850777733,0.19574399292469025,0.19846400618553162,0.1968511998653412,0.19686400145292282,0.0007121302793865238,0.18838399648666382,0.19286400079727173,0.19035199880599976,0.19035200029611588,0.0013373768128071958,0.014368000440299511,0.015744000673294067,0.01512640006840229,0.015103999990969896,0.00039583112419431783,7168,256,8,2048,1,928
0.018880000337958336,0.03612799942493439,0.02105919998139143,0.019360000267624855,0.005036020062200035,0.0208320003002882,0.03731200098991394,0.022860800102353095,0.021263999864459038,0.004827700627449057,0.006175999995321035,0.015776000916957855,0.007468800060451031,0.00662399991415441,0.0027766415908241455,0.034272000193595886,0.04556800052523613,0.03598080016672611,0.03508799895644188,0.003211952167495191,0.11907199770212173,0.1356160044670105,0.12097600027918816,0.11932799965143204,0.004883147969519275,4.11078405380249,4.147103786468506,4.129273557662964,4.130703926086426,0.012355976254163592,0.1945279985666275,0.19734400510787964,0.1956735983490944,0.1955839991569519,0.0008219452652995184,0.18681600689888,0.18928000330924988,0.187984000146389,0.1881439983844757,0.0007892084182919897,0.014560000039637089,0.015968000516295433,0.015164800081402063,0.015184000134468079,0.0004708353469688616,7168,256,8,2048,1,920
0.018688000738620758,0.03680000081658363,0.02107520028948784,0.019279999658465385,0.00525215851259869,0.021056000143289566,0.036768000572919846,0.02314240001142025,0.02145600039511919,0.004574026010811688,0.0060800001956522465,0.014911999925971031,0.007270399993285537,0.006447999970987439,0.0025508957861163258,0.03411199897527695,0.045152001082897186,0.03583360016345978,0.03484800085425377,0.003124052650308612,0.1178240031003952,0.13471999764442444,0.11992640048265457,0.118367999792099,0.004938586103379634,4.1254401206970215,4.162496089935303,4.1436864852905275,4.147968053817749,0.010752693049807166,0.19356800615787506,0.19548800587654114,0.19423360079526902,0.1939839944243431,0.0006176602302225734,0.18460799753665924,0.1921280026435852,0.19006400257349015,0.19059200584888458,0.0020071560341366344,0.014271999709308147,0.01548799965530634,0.014825599826872348,0.01473599998280406,0.00037099314102636037,7168,256,8,2048,1,912
0.019071999937295914,0.036031998693943024,0.02101759985089302,0.019311999902129173,0.0050089308941636095,0.020927999168634415,0.037087999284267426,0.02310399990528822,0.02131200022995472,0.004686552496658526,0.0060800001956522465,0.014720000326633453,0.007241599960252643,0.006495999870821834,0.002497642656865992,0.03420799970626831,0.04499199986457825,0.03596480041742325,0.03519999980926514,0.0030316498225077797,0.11670400202274323,0.13884800672531128,0.1194784015417099,0.11752000078558922,0.0064646202969743044,4.0748162269592285,4.1242241859436035,4.10385274887085,4.106943845748901,0.014759622125089347,0.19174399971961975,0.19359999895095825,0.19250559955835342,0.1924479976296425,0.000601192216383138,0.17769600450992584,0.18848000466823578,0.18333760052919387,0.18484799563884735,0.0036571966428283896,0.014527999795973301,0.015552000142633915,0.014822400081902743,0.014720000326633453,0.00027258297085898007,7168,256,8,2048,1,904
0.018592000007629395,0.03548799827694893,0.020828800089657307,0.019264000467956066,0.004896824432018775,0.020735999569296837,0.036448001861572266,0.022902400232851505,0.021440000273287296,0.004543460803209426,0.006047999951988459,0.015936000272631645,0.007372800027951598,0.006479999981820583,0.0028614586186252278,0.03420799970626831,0.04553600028157234,0.035766399651765826,0.034752000123262405,0.003278588797676714,0.11593600362539291,0.1316159963607788,0.11792000010609627,0.11648000031709671,0.004573290305645785,3.9842560291290283,4.003871917724609,3.994704008102417,3.9972000122070312,0.006409781422191576,0.1895039975643158,0.19209599494934082,0.19063039869070053,0.1905279979109764,0.0007306666224482531,0.16700799763202667,0.17535999417304993,0.1703807979822159,0.1695679947733879,0.002333245870109476,0.014336000196635723,0.01548799965530634,0.014716800022870302,0.014607999939471483,0.0003423999847027095,7168,256,8,2048,1,896
0.018464000895619392,0.03558399900794029,0.020624000020325182,0.019039999693632126,0.004991656055131038,0.020735999569296837,0.03747199848294258,0.022735999524593355,0.020927999168634415,0.004928732076361947,0.006047999951988459,0.014816000126302242,0.007286399975419045,0.006464000092819333,0.0025180584781054316,0.03404799848794937,0.04495999962091446,0.035875198990106584,0.03505599871277809,0.0030463750146422185,0.11523199826478958,0.13075199723243713,0.11711040064692498,0.11563200131058693,0.0045494052572559686,3.968031883239746,3.9983038902282715,3.9862239837646483,3.9884480237960815,0.010190923929292878,0.1889919936656952,0.1908160001039505,0.189852799475193,0.18966399878263474,0.0006149423846959621,0.16700799763202667,0.1716800034046173,0.16950719952583312,0.16971199959516525,0.0014958414663861226,0.014303999952971935,0.01462399959564209,0.0145023999735713,0.014511999674141407,0.00010099015664328147,7168,256,8,2048,1,888
0.018719999119639397,0.03561599925160408,0.02065919991582632,0.01905599981546402,0.004989049173845127,0.020608000457286835,0.03651199862360954,0.022681599855422972,0.021296000108122826,0.004620888225639215,0.006047999951988459,0.014431999996304512,0.007219200022518635,0.006447999970987439,0.002410821463544595,0.03411199897527695,0.04540799930691719,0.0358304001390934,0.034912001341581345,0.003208661630380624,0.11433599889278412,0.13036799430847168,0.11619520038366318,0.11467200145125389,0.004727351210814799,3.9675838947296143,4.009920120239258,3.9897791862487795,3.987823963165283,0.013486725798391224,0.18649600446224213,0.19059200584888458,0.18819840252399445,0.18798399716615677,0.0010606264006477173,0.16735999286174774,0.17148800194263458,0.1693567991256714,0.1690560057759285,0.0013522971005134883,0.01414399966597557,0.01532800029963255,0.01445439988747239,0.014431999996304512,0.00031969597883959634,7168,256,8,2048,1,880
0.018751999363303185,0.03488000109791756,0.0206496000289917,0.019088000059127808,0.004748266635993155,0.02054399996995926,0.03651199862360954,0.022591999731957912,0.02105599921196699,0.004651989668811818,0.006144000217318535,0.01539199985563755,0.007344000041484833,0.0065280001144856215,0.0026890378289323225,0.03436800092458725,0.04524800181388855,0.03585600070655346,0.034960001707077026,0.00314445423045823,0.11289600282907486,0.12972800433635712,0.11507200077176094,0.11345599964261055,0.004891983869929723,3.968672037124634,4.012608051300049,3.993353581428528,3.9952160120010376,0.012914867311853095,0.18531200289726257,0.18729600310325623,0.18620800077915192,0.18615999817848206,0.0006427142417761818,0.16704000532627106,0.1785919964313507,0.1731200024485588,0.17292799800634384,0.0034445130241340756,0.014015999622642994,0.014944000169634819,0.014329600054770708,0.014240000396966934,0.00028072592838291607,7168,256,8,2048,1,872
0.018783999606966972,0.03580800071358681,0.02080320008099079,0.01919999998062849,0.005004936273407624,0.020576000213623047,0.036768000572919846,0.022601599991321563,0.021007999777793884,0.004734747055073366,0.006047999951988459,0.016383999958634377,0.007430400000885129,0.006496000103652477,0.002992805869170111,0.034015998244285583,0.04566400125622749,0.035737599804997446,0.03488000109791756,0.003332913801356859,0.11212799698114395,0.12854400277137756,0.11416640058159828,0.11267200112342834,0.004797697321682218,3.9592320919036865,4.000256061553955,3.9794975996017454,3.9800959825515747,0.014593653605591792,0.18384000658988953,0.18611200153827667,0.18473920226097107,0.184688001871109,0.0006175977732934241,0.17027199268341064,0.17759999632835388,0.1735615998506546,0.1733120009303093,0.0025079840165366826,0.01375999953597784,0.015168000012636185,0.014265599939972163,0.01408000010997057,0.00045295547538898973,7168,256,8,2048,1,864
0.01836800016462803,0.03577600046992302,0.02055999990552664,0.018687999807298183,0.0050901381016759065,0.020576000213623047,0.03721600025892258,0.022662399895489217,0.021023999899625778,0.004868793559417259,0.006144000217318535,0.015807999297976494,0.007321599964052438,0.006447999970987439,0.0028321281326717115,0.033984001725912094,0.0453759990632534,0.035814400389790536,0.034912001341581345,0.0032053326828578206,0.11049599945545197,0.12700800597667694,0.11298559978604317,0.11140799894928932,0.004692402455991915,3.9645121097564697,4.026591777801514,4.005689573287964,4.008271932601929,0.018691985244870646,0.18268799781799316,0.18694399297237396,0.18373440057039261,0.1833920031785965,0.0011547547149214638,0.16812799870967865,0.18025599420070648,0.17105279713869095,0.16995199769735336,0.0036214677116312793,0.013663999736309052,0.014208000153303146,0.013974399864673614,0.014015999622642994,0.0001445678561388674,7168,256,8,2048,1,856
0.018400000408291817,0.03590400144457817,0.02070400007069111,0.019135999493300915,0.005075789570721022,0.020608000457286835,0.03667199984192848,0.02292800024151802,0.02145600039511919,0.004613269085639847,0.006240000016987324,0.015424000099301338,0.007382399961352348,0.006544000003486872,0.0026839989732073363,0.0342399999499321,0.04499199986457825,0.035945600271224974,0.03488000109791756,0.003051331987017029,0.10940799862146378,0.1260479986667633,0.11187519878149033,0.11035199835896492,0.004738884570810335,3.988287925720215,4.031040191650391,4.008979177474975,4.007695913314819,0.013131187682289677,0.1810240000486374,0.18278400599956512,0.18200640082359315,0.18188799917697906,0.0005546351952748255,0.16979199647903442,0.17843200266361237,0.1745631992816925,0.17497599869966507,0.0028596077001578186,0.013632000423967838,0.014336000196635723,0.01393279992043972,0.013887999579310417,0.00018615085107149526,7168,256,8,2048,1,848
0.01849599927663803,0.035840000957250595,0.02062080018222332,0.01899200025945902,0.005077003719305955,0.020576000213623047,0.03673600032925606,0.02269119992852211,0.02099199965596199,0.004701135593055149,0.006271999794989824,0.016416000202298164,0.007462399918586016,0.006463999859988689,0.0029879091713929263,0.03411199897527695,0.045343998819589615,0.036006399616599086,0.03480000048875809,0.00317786885102629,0.10892800241708755,0.12569600343704224,0.11105599999427795,0.10943999886512756,0.004887863707490841,3.9934399127960205,4.0484161376953125,4.030361580848694,4.0354719161987305,0.016892271166154382,0.1793919950723648,0.1815679967403412,0.1803775981068611,0.1804479956626892,0.0006748572066938074,0.1693120002746582,0.18409599363803864,0.17597120106220246,0.17580799758434296,0.004443770139075185,0.013439999893307686,0.014560000039637089,0.013843199983239175,0.01375999953597784,0.0003438177320682138,7168,256,8,2048,1,840
0.018271999433636665,0.03500799834728241,0.02035199962556362,0.018864000216126442,0.004891396105952406,0.020864000543951988,0.036959998309612274,0.023081599920988082,0.02145600039511919,0.0046616877749546684,0.006047999951988459,0.014208000153303146,0.007190399989485741,0.006463999859988689,0.0023499877618916956,0.033952001482248306,0.04495999962091446,0.035820800065994265,0.03478400036692619,0.003116155961641995,0.10777600109577179,0.12403199821710587,0.1099808007478714,0.10851199924945831,0.004698345685875209,3.9281280040740967,4.00383996963501,3.9681439876556395,3.9677278995513916,0.02155317530541793,0.17788800597190857,0.18035200238227844,0.17885120064020157,0.17878399789333344,0.0007265418508963276,0.16860799491405487,0.17350399494171143,0.17056639939546586,0.16993600130081177,0.001575672491468837,0.013248000293970108,0.01375999953597784,0.013513599894940853,0.01348799979314208,0.00015614538404695434,7168,256,8,2048,1,832
0.018464000895619392,0.035840000957250595,0.020476800203323365,0.018848000094294548,0.005124667118923394,0.020608000457286835,0.037087999284267426,0.022822399996221064,0.021232000552117825,0.004781635030817424,0.006144000217318535,0.014688000082969666,0.00724480003118515,0.006464000092819333,0.0024837525316457718,0.03420799970626831,0.04566400125622749,0.03607040010392666,0.03510399907827377,0.0032504758515296715,0.10655999928712845,0.12441600114107132,0.10911360010504723,0.10759999975562096,0.0051153142232424845,3.936255931854248,3.992095947265625,3.9589152097702027,3.9587039947509766,0.014300273967683153,0.17641599476337433,0.178847998380661,0.1775072008371353,0.1775519996881485,0.000849833600630654,0.16867199540138245,0.17132799327373505,0.16977279931306838,0.16976000368595123,0.0008149903050552933,0.013024000450968742,0.013663999736309052,0.013414400070905686,0.013408000115305185,0.0001774773626099552,7168,256,8,2048,1,824
0.01788800023496151,0.03465599939227104,0.01990719996392727,0.018223999999463558,0.004926783046633785,0.020320000126957893,0.036479998379945755,0.022524799779057504,0.02092800009995699,0.0046872174942657425,0.0060800001956522465,0.014751999638974667,0.00725119998678565,0.006463999859988689,0.002507183034721594,0.03420799970626831,0.04483199864625931,0.03591039963066578,0.034912001341581345,0.0030168648292266363,0.10630399733781815,0.1223360002040863,0.10819199979305268,0.10663999989628792,0.004720905907602615,3.9354240894317627,3.96345591545105,3.9520447969436647,3.9533920288085938,0.009367808399831552,0.1749120056629181,0.17667199671268463,0.17572799921035767,0.17559999972581863,0.0006048322585342933,0.16752000153064728,0.17155200242996216,0.16924799978733063,0.169295996427536,0.001435085173545064,0.01321600005030632,0.014208000153303146,0.013542400021106005,0.013471999671310186,0.000296341412398085,7168,256,8,2048,1,816
0.017920000478625298,0.035071998834609985,0.01985279992222786,0.018160000443458557,0.005075470001150932,0.02022399939596653,0.03574400022625923,0.02237440012395382,0.020880000665783882,0.004489197467962768,0.006047999951988459,0.014431999996304512,0.0072480000089854,0.0065119999926537275,0.0023993705814394045,0.03404799848794937,0.045184001326560974,0.03603520020842552,0.03489600121974945,0.003107048925384081,0.10470400005578995,0.12163200229406357,0.10678080022335053,0.10513599961996078,0.004958275448635566,3.908992052078247,3.9581120014190674,3.9398815870285033,3.941648006439209,0.013351969540470248,0.17324799299240112,0.17494399845600128,0.17407359778881074,0.17401599884033203,0.0005538516162973519,0.16787199676036835,0.1716800034046173,0.16916799992322923,0.16884800046682358,0.001151667179429753,0.01321600005030632,0.01398400031030178,0.013548799976706504,0.013520000036805868,0.0002217948183596839,7168,256,8,2048,1,808
0.017823999747633934,0.03440000116825104,0.019788800179958342,0.018112000077962875,0.004879033924474225,0.020160000771284103,0.03667199984192848,0.022406400181353092,0.020719999447464943,0.00478929564542945,0.006144000217318535,0.015807999297976494,0.007359999930486083,0.006447999970987439,0.00281919797280539,0.03407999873161316,0.046592000871896744,0.036163199692964554,0.03521599993109703,0.0035378011609284257,0.10425599664449692,0.12025599926710129,0.10609599873423577,0.10454399883747101,0.004724467284175575,3.92793607711792,3.9728639125823975,3.951203203201294,3.952080011367798,0.016203036972439782,0.17180800437927246,0.17417599260807037,0.17289279997348786,0.17272000014781952,0.0006818986483093897,0.169855996966362,0.17312000691890717,0.17179840207099914,0.17179200053215027,0.001000230371905774,0.012959999963641167,0.013504000380635262,0.013190400041639804,0.013135999906808138,0.00015793886067545697,7168,256,8,2048,1,800
0.017855999991297722,0.034752000123262405,0.0199583999812603,0.018271999433636665,0.00493900179501381,0.020255999639630318,0.036639999598264694,0.022496000118553638,0.020911999978125095,0.004749903733399604,0.006144000217318535,0.01408000010997057,0.007183999987319112,0.006479999981820583,0.002303211018662077,0.03280000016093254,0.045024000108242035,0.034729599952697754,0.03352000005543232,0.003468335061121424,0.10265599936246872,0.11913599818944931,0.10475199893116952,0.10327999666333199,0.004802606986054776,3.9079039096832275,3.953536033630371,3.925763177871704,3.921903967857361,0.014753948698751346,0.17056000232696533,0.17183999717235565,0.17113279700279235,0.1711999997496605,0.00039876837919364065,0.16710400581359863,0.16972799599170685,0.16841600090265274,0.1684960052371025,0.0008355600945722781,0.012736000120639801,0.013279999606311321,0.013075199909508228,0.013135999906808138,0.00015492740991111787,7168,256,8,2048,1,792
0.01775999926030636,0.03452799841761589,0.01991039961576462,0.018511999398469925,0.004884793048702073,0.020096000283956528,0.03590400144457817,0.022656000591814517,0.021328000351786613,0.004477622525285717,0.006144000217318535,0.014560000039637089,0.007247999962419272,0.0065119999926537275,0.002441088306335818,0.03235200047492981,0.04479999840259552,0.034278399869799615,0.03323199972510338,0.0035545009969468566,0.1016639992594719,0.11856000125408173,0.1040352001786232,0.10259199887514114,0.004865651731628502,3.919680118560791,3.994335889816284,3.9487135887145994,3.9493600130081177,0.01876510131403772,0.1685439944267273,0.175135999917984,0.17034559845924377,0.16995199769735336,0.0017116892032049368,0.16617600619792938,0.16976000368595123,0.16775040179491044,0.1674880012869835,0.0011409962568403732,0.012640000320971012,0.013439999893307686,0.013145600073039531,0.013167999684810638,0.00023593340373233716,7168,256,8,2048,1,784
0.017791999503970146,0.034912001341581345,0.019715199992060662,0.017967999912798405,0.005072993663171819,0.019872000440955162,0.03641600161790848,0.022409600391983985,0.020960000343620777,0.004735374406109232,0.006304000038653612,0.015647999942302704,0.007404799945652485,0.006495999870821834,0.002749476051065577,0.0318400003015995,0.04543999955058098,0.03426239974796772,0.03307199850678444,0.003772718534017154,0.10054399818181992,0.11807999759912491,0.10294719859957695,0.1013759970664978,0.005055927748942706,3.8835198879241943,3.940864086151123,3.918883228302002,3.918608069419861,0.01725176463394299,0.16767999529838562,0.16966399550437927,0.16883519738912584,0.16892799735069275,0.0006445352076113946,0.16627199947834015,0.16918399930000305,0.16731200069189073,0.16700800508260727,0.000977153720556762,0.012799999676644802,0.013887999579310417,0.013084799982607365,0.012992000207304955,0.0003033930113824303,7168,256,8,2048,1,776
0.017664000391960144,0.033952001482248306,0.019536000303924085,0.018000000156462193,0.004808041653396508,0.019071999937295914,0.035392001271247864,0.02161280009895563,0.019872000440955162,0.004666236843699199,0.006111999973654747,0.015552000142633915,0.007350399997085333,0.006464000092819333,0.0027408163972470344,0.03244800120592117,0.04464000090956688,0.03418880105018616,0.033344000577926636,0.0035080290448080446,0.10025600343942642,0.11641599982976913,0.1020703986287117,0.10043199732899666,0.004783974712246952,3.7914879322052,3.8745920658111572,3.8080703973770142,3.797152042388916,0.024277777144612763,0.16636799275875092,0.17020800709724426,0.16729599982500076,0.16686400026082993,0.0010937292047893733,0.15219199657440186,0.15436799824237823,0.1530719980597496,0.1528479978442192,0.0007778377589842144,0.012640000320971012,0.013663999736309052,0.012998399976640939,0.01294400030747056,0.000283989750478763,7168,256,8,2048,1,768
0.017632000148296356,0.03519999980926514,0.019612799771130084,0.017839999869465828,0.00520065374579748,0.01913600042462349,0.03532800078392029,0.021516799926757812,0.01991999987512827,0.0046642612833028545,0.0060800001956522465,0.015968000516295433,0.007436800096184015,0.006560000125318766,0.0028522827627995217,0.0323840007185936,0.04569600149989128,0.034400000050663945,0.03328000009059906,0.0038019183205391894,0.09865599870681763,0.11641599982976913,0.10099199935793876,0.09940799698233604,0.005148600236278509,3.7471039295196533,3.808000087738037,3.783033609390259,3.7857120037078857,0.016615024888450212,0.16448000073432922,0.16678400337696075,0.16561919897794725,0.16564799845218658,0.0005968163777722269,0.15078400075435638,0.15376000106334686,0.1525056019425392,0.15265600383281708,0.0009625357323136289,0.012384000234305859,0.01369599997997284,0.01287679998204112,0.012799999676644802,0.0003254574519642713,7168,256,8,2048,1,760
0.01756799966096878,0.034272000193595886,0.019491199962794782,0.017855999991297722,0.004930979959937237,0.019168000668287277,0.03471999987959862,0.021766400150954723,0.020464000292122364,0.004389340906161845,0.006175999995321035,0.016063999384641647,0.007504000002518297,0.006544000003486872,0.002859312161203157,0.03244800120592117,0.04630399867892265,0.03492159992456436,0.03380800038576126,0.0038250384174575423,0.09769599884748459,0.115167997777462,0.09994239881634712,0.09838399663567543,0.005080664515053392,3.7680959701538086,3.8517119884490967,3.794073557853699,3.7860480546951294,0.02483386032307669,0.16329599916934967,0.16572800278663635,0.16420160084962845,0.16414400190114975,0.0007297193265370699,0.15094399452209473,0.15379199385643005,0.15229759812355043,0.15251199901103973,0.000898742290686596,0.012319999746978283,0.013344000093638897,0.012710400018841028,0.012624000199139118,0.00031477331483556416,7168,256,8,2048,1,752
0.01740800030529499,0.03407999873161316,0.019417600147426127,0.01774400006979704,0.00489361044929515,0.019360000267624855,0.03551999852061272,0.0218207998201251,0.02054399996995926,0.0046089205878352265,0.0060800001956522465,0.014560000039637089,0.007289599999785424,0.006447999970987439,0.0024380472215202995,0.03177599981427193,0.04464000090956688,0.03394559994339943,0.032655999064445496,0.003607829661712938,0.0968639999628067,0.11270400136709213,0.09884800091385841,0.09734400361776352,0.004627425843254752,3.756864070892334,3.8005120754241943,3.7725312232971193,3.7681280374526978,0.013753643271712735,0.16176000237464905,0.16368000209331512,0.1625375986099243,0.16233599931001663,0.0006618730639715519,0.14963200688362122,0.15222400426864624,0.1511104017496109,0.15142399817705154,0.0007309457690093619,0.012415999546647072,0.013407999649643898,0.012764799874275923,0.012671999633312225,0.0003204637188693667,7168,256,8,2048,1,744
0.017503999173641205,0.033695999532938004,0.019327999837696553,0.01771199982613325,0.004792271013710207,0.018912000581622124,0.03488000109791756,0.021270399913191795,0.0197759997099638,0.004576158150801486,0.0060800001956522465,0.014720000326633453,0.0072416000533849,0.006432000081986189,0.002503948457174858,0.031968001276254654,0.04495999962091446,0.03399040028452873,0.032896000891923904,0.003674424757049921,0.09545599669218063,0.11222399771213531,0.0976351998746395,0.09617600217461586,0.0048753640023862675,3.7219839096069336,3.778815984725952,3.747555208206177,3.745200037956238,0.016603495792484227,0.1598079949617386,0.1621759980916977,0.16084479838609694,0.16094399988651276,0.0006198751819023309,0.14927999675273895,0.1528639942407608,0.15083199888467788,0.15089599788188934,0.0009076094012874643,0.01228800043463707,0.013504000380635262,0.012745600007474423,0.012511999811977148,0.0004459496718576359,7168,256,8,2048,1,736
0.017632000148296356,0.03433600068092346,0.019689599983394146,0.01812800019979477,0.004888989718157785,0.019328000023961067,0.03455999866127968,0.021734399907290935,0.020224000327289104,0.0043251591789574525,0.006175999995321035,0.015231999568641186,0.008032000018283724,0.006624000146985054,0.0031146373700353734,0.03248000144958496,0.06307200342416763,0.03705280087888241,0.03270399942994118,0.009430259692222028,0.09510400146245956,0.11635199934244156,0.09927679970860481,0.09583999961614609,0.007372735710953522,3.739423990249634,3.790911912918091,3.765571188926697,3.763919949531555,0.014795672615769579,0.1589760035276413,0.19334399700164795,0.16305599957704545,0.1595040038228035,0.010114411394562917,0.1494079977273941,0.18831999599933624,0.1554207980632782,0.15187199413776398,0.011025793894176244,0.012319999746978283,0.013120000250637531,0.012716799974441528,0.012703999876976013,0.000220869630383852,7168,256,8,2048,1,728
0.017664000391960144,0.03436800092458725,0.01965120006352663,0.0180479995906353,0.004913150897011253,0.019168000668287277,0.03446400165557861,0.021651200391352175,0.020367999561131,0.004333187969485201,0.006207999773323536,0.015200000256299973,0.007372800027951598,0.006544000003486872,0.0026154084556493564,0.032607998698949814,0.04444799944758415,0.03415679968893528,0.03319999948143959,0.0034422600540630873,0.09388799965381622,0.11084800213575363,0.09603519961237908,0.09446399658918381,0.004945143965941934,3.7279999256134033,3.826591968536377,3.7487391948699953,3.7423360347747803,0.027655002488913324,0.15699200332164764,0.1592320054769516,0.15789440274238586,0.15772800147533417,0.000718796786762692,0.14908799529075623,0.1520960032939911,0.15108480006456376,0.15121600031852722,0.000878830534216352,0.01235199999064207,0.013248000293970108,0.012630399968475103,0.012527999933809042,0.0002544152283410399,7168,256,8,2048,1,720
0.01756799966096878,0.03392000123858452,0.019392000138759614,0.01772800087928772,0.004846812091580639,0.019039999693632126,0.03481600061058998,0.021529600024223328,0.02027199976146221,0.004478601090654515,0.006240000016987324,0.014208000153303146,0.007356800045818091,0.006720000179484487,0.0022955601403570006,0.032255999743938446,0.04499199986457825,0.03398400023579597,0.03275199979543686,0.003684338155818501,0.09299200028181076,0.10976000130176544,0.09490240141749381,0.09334400296211243,0.0049552296706182756,3.7010560035705566,3.757215976715088,3.738102436065674,3.7397600412368774,0.014983716746285987,0.15574400126934052,0.15760000050067902,0.15653759837150574,0.15651199966669083,0.0005630175104397388,0.14883199334144592,0.15081599354743958,0.15007999837398528,0.15032000094652176,0.0006590776963047875,0.012223999947309494,0.012799999676644802,0.012447999883443117,0.012399999890476465,0.0001637949128074122,7168,256,8,2048,1,712
0.017376000061631203,0.03388800099492073,0.019452800042927265,0.017839999869465828,0.004819766559018133,0.018751999363303185,0.03481600061058998,0.021478400006890296,0.020096000283956528,0.004495511647841748,0.006207999773323536,0.016063999384641647,0.007516799960285425,0.0066720000468194485,0.0028565245856970816,0.0318400003015995,0.0451200008392334,0.033987199887633324,0.0326399989426136,0.003750652792932608,0.09174399822950363,0.10780800133943558,0.09366400092840195,0.09219200164079666,0.004719495776638456,3.687743902206421,3.7668159008026123,3.7257791996002196,3.7278079986572266,0.02322553718449058,0.1534080058336258,0.1555200070142746,0.15461120158433914,0.1546880006790161,0.0006686697581875973,0.14927999675273895,0.15139199793338776,0.15053440034389495,0.1507359966635704,0.0007779107173037515,0.01206399966031313,0.01283199992030859,0.01241919994354248,0.012383999768644571,0.0002124809772277417,7168,256,8,2048,1,704
0.017664000391960144,0.03379200026392937,0.019523199647665024,0.017919999547302723,0.004760422634396228,0.018688000738620758,0.03465599939227104,0.021279999800026417,0.019519999623298645,0.004547513932993222,0.006047999951988459,0.014879999682307243,0.007500800024718046,0.006752000190317631,0.0024697780499080084,0.032255999743938446,0.04499199986457825,0.034070399776101115,0.03278400003910065,0.003666229535099175,0.09087999910116196,0.10652799904346466,0.09301439970731736,0.0915679968893528,0.004518169725066247,3.7039999961853027,3.759200096130371,3.7264672040939333,3.7242720127105713,0.015572475534909739,0.15276800096035004,0.155008003115654,0.1536543995141983,0.1536480039358139,0.0006836415678893984,0.14985600113868713,0.15174399316310883,0.15112000107765197,0.15137600153684616,0.0006233425019429724,0.01206399966031313,0.012575999833643436,0.012262399960309266,0.0121760000474751,0.00018974674077364855,7168,256,8,2048,1,696
0.01727999933063984,0.034304000437259674,0.019401600025594233,0.017727999947965145,0.004977395195620749,0.018751999363303185,0.03465599939227104,0.021526399813592435,0.020287999883294106,0.004456947422257193,0.006047999951988459,0.01571200042963028,0.007542400108650327,0.006704000057652593,0.0027331466917479615,0.032127998769283295,0.04460800066590309,0.03391039967536926,0.03262399882078171,0.003595127373171799,0.08966399729251862,0.1058880016207695,0.09177919998764991,0.09032000228762627,0.004711666700216153,3.7062079906463623,3.7488319873809814,3.726086378097534,3.72598397731781,0.012288950486200443,0.15065599977970123,0.1634880006313324,0.15313279926776885,0.15198399871587753,0.0035393565668365512,0.14895999431610107,0.15136000514030457,0.15005439817905425,0.14987199753522873,0.0007320669967131494,0.011680000461637974,0.012319999746978283,0.012063999939709903,0.012127999681979418,0.00024201818918275351,7168,256,8,2048,1,688
0.017855999991297722,0.03407999873161316,0.01967360023409128,0.017952000722289085,0.0048075413033068625,0.019328000023961067,0.03711999952793121,0.02213759981095791,0.020639999769628048,0.005076067410960343,0.006047999951988459,0.01568000018596649,0.0075488000642508265,0.006688000168651342,0.0027205439848535288,0.0318400003015995,0.044256001710891724,0.033830400183796884,0.032655999064445496,0.00350518531595004,0.08870399743318558,0.10454399883747101,0.09076800048351288,0.08937600255012512,0.004599552883215589,3.6790080070495605,3.740895986557007,3.7064639806747435,3.7078239917755127,0.01614943756882029,0.1494400054216385,0.1510400027036667,0.1502271994948387,0.15033599734306335,0.000561998060129404,0.1480640023946762,0.15014399588108063,0.1495136007666588,0.1496800035238266,0.0005978176291142253,0.011552000418305397,0.012575999833643436,0.011977600026875734,0.011919999960809946,0.00027003519082864505,7168,256,8,2048,1,680
0.0180479995906353,0.03388800099492073,0.01991040036082268,0.018432000651955605,0.004662978905504502,0.0197759997099638,0.034272000193595886,0.022016000002622604,0.020495999604463577,0.004153644429399083,0.006047999951988459,0.015936000272631645,0.007513600075617433,0.006704000057652593,0.002820171520932595,0.03215999901294708,0.046112000942230225,0.03403519988059998,0.032655999064445496,0.004040580454853232,0.08774399757385254,0.10355199873447418,0.08973120003938675,0.08833600208163261,0.004614516123090792,3.6801280975341797,3.749056100845337,3.708630394935608,3.704767942428589,0.020958821083261837,0.14819200336933136,0.1502400040626526,0.14887999892234802,0.14867199957370758,0.000612572839736939,0.14873600006103516,0.15136000514030457,0.14974720031023026,0.14945600181818008,0.0008871799614158387,0.011552000418305397,0.012256000190973282,0.011836800072342158,0.011760000139474869,0.00022738024165094818,7168,256,8,2048,1,672
0.017952000722289085,0.0342399999499321,0.019811199977993965,0.018223999999463558,0.004812473382983069,0.0191040001809597,0.03455999866127968,0.02177919987589121,0.020320000126957893,0.0043572481848827595,0.0060800001956522465,0.01500799972563982,0.007443200005218387,0.006719999946653843,0.0025303158081604942,0.03177599981427193,0.04614400118589401,0.03388159982860088,0.03246399946510792,0.004116494224639732,0.0867839977145195,0.10307200253009796,0.08889599964022636,0.08726400136947632,0.004733037825298688,3.690880060195923,3.738368034362793,3.7139776229858397,3.7120800018310547,0.012808511429310268,0.14668799936771393,0.15107199549674988,0.14805759787559508,0.14737599343061447,0.0014063119936746752,0.1486400067806244,0.15196800231933594,0.14994239956140518,0.14977599680423737,0.00097838830080512,0.011552000418305397,0.012191999703645706,0.011792000010609626,0.011760000139474869,0.0002075070798214232,7168,256,8,2048,1,664
0.017696000635623932,0.034015998244285583,0.01976000014692545,0.01817600056529045,0.004760245413707548,0.019392000511288643,0.0342399999499321,0.021836799941956996,0.020527999848127365,0.004218255502771834,0.006207999773323536,0.015104000456631184,0.007452799985185265,0.0066720000468194485,0.00255569454040602,0.03062400035560131,0.04476799815893173,0.032438399642705916,0.031039999797940254,0.004125097354327328,0.08585599809885025,0.10284800082445145,0.08788160011172294,0.08619200065732002,0.004996040674505843,3.6834559440612793,3.7366080284118652,3.71146240234375,3.7161120176315308,0.01568565856807626,0.14480000734329224,0.1470080018043518,0.14589759856462478,0.145967997610569,0.0008186035275524948,0.14771200716495514,0.15084800124168396,0.14930880069732666,0.1491359993815422,0.0009459720334526363,0.01142400037497282,0.01235199999064207,0.01183360004797578,0.01179199991747737,0.000290054907353099,7168,256,8,2048,1,656
0.017503999173641205,0.03516799956560135,0.01985599994659424,0.018240000121295452,0.0051143617723565125,0.01913600042462349,0.03494400158524513,0.021855999901890754,0.02060799952596426,0.004423484066756336,0.006399999838322401,0.01500799972563982,0.007535999920219183,0.006736000068485737,0.002497609673764112,0.030559999868273735,0.04566400125622749,0.03258880060166121,0.031072000041604042,0.004371912326369612,0.08483199775218964,0.10108800232410431,0.08681920021772385,0.08521600067615509,0.004765174671623116,3.6783039569854736,3.727776050567627,3.7061312437057494,3.7070080041885376,0.01363630000053018,0.14368000626564026,0.14531199634075165,0.14443839937448502,0.1441439986228943,0.0006487465311399189,0.14723199605941772,0.14998400211334229,0.1487392008304596,0.14870399981737137,0.0008412370816684354,0.011231999844312668,0.012128000147640705,0.011638399958610535,0.011632000096142292,0.00023166332629835418,7168,256,8,2048,1,648
0.01759999990463257,0.033984001725912094,0.01984320003539324,0.01828799955546856,0.004724732015180523,0.018912000581622124,0.034752000123262405,0.021257600001990794,0.01967999991029501,0.004531906178361907,0.006591999903321266,0.015424000099301338,0.0076032000128179785,0.006752000190317631,0.002607998064949164,0.030400000512599945,0.04460800066590309,0.0322112001478672,0.030912000685930252,0.004136826699469505,0.08390399813652039,0.10131199657917023,0.08606080040335655,0.08441600203514099,0.005089914352911565,3.6909759044647217,3.729088068008423,3.712003231048584,3.715936064720154,0.012713236822386294,0.14192000031471252,0.14371199905872345,0.14285759925842284,0.14299199730157852,0.000490142420379184,0.14790399372577667,0.15062400698661804,0.14910719841718673,0.14905599504709244,0.0007477621990479156,0.011264000087976456,0.01196799986064434,0.011567999981343747,0.011487999930977821,0.00024338944100374128,7168,256,8,2048,1,640
0.01759999990463257,0.03436800092458725,0.019715200178325176,0.01825599931180477,0.004892431885196991,0.018559999763965607,0.034304000437259674,0.021097600087523462,0.019647999666631222,0.0044798412367920235,0.006591999903321266,0.01571200042963028,0.007686400040984154,0.006800000090152025,0.0026783370446304368,0.030559999868273735,0.046879999339580536,0.0327199999243021,0.030976000241935253,0.0047410619711759595,0.08268799632787704,0.10028800368309021,0.08490559980273246,0.08329600095748901,0.00513521972219688,3.636255979537964,3.7147839069366455,3.691984009742737,3.6955360174179077,0.022926913411359655,0.14047999680042267,0.1420159935951233,0.1411520004272461,0.14110399782657623,0.00044015942255586473,0.1478399932384491,0.15056000649929047,0.14911039918661118,0.14900799840688705,0.0007946135525342449,0.011264000087976456,0.011935999616980553,0.011705600004643203,0.01179199991747737,0.00021646748115719617,7168,256,8,2048,1,632
0.017535999417304993,0.03404799848794937,0.01967679988592863,0.01819199975579977,0.004803144125306365,0.018592000007629395,0.03440000116825104,0.021174399927258492,0.020080000162124634,0.004483131881160241,0.006144000217318535,0.015615999698638916,0.0076096000149846075,0.006752000190317631,0.0026779544493535537,0.03033600002527237,0.04527999833226204,0.03227199967950582,0.03087999951094389,0.004348286200042177,0.08198399841785431,0.09769599884748459,0.08371839970350266,0.08214399963617325,0.0046609576516641405,3.659712076187134,3.692768096923828,3.6777312040328978,3.6808639764785767,0.009628080192296405,0.13865600526332855,0.14076800644397736,0.13951360136270524,0.13952000439167023,0.0005317795911141782,0.14665600657463074,0.15078400075435638,0.14849920123815535,0.14844799786806107,0.0010691229482536798,0.011008000001311302,0.011648000217974186,0.011302400007843971,0.011247999966144562,0.00019611588515775825,7168,256,8,2048,1,624
0.01775999926030636,0.0352960005402565,0.01983679998666048,0.018192000687122345,0.005156638106388013,0.018464000895619392,0.03455999866127968,0.02103360015898943,0.019952000118792057,0.004545375042449961,0.006399999838322401,0.015135999768972397,0.007504000002518297,0.006704000057652593,0.0025472180154002422,0.029952000826597214,0.04543999955058098,0.03223359994590282,0.030943999998271465,0.004414586296029055,0.08073599636554718,0.09734400361776352,0.08271999955177307,0.08115199953317642,0.004879198734070826,3.6586880683898926,3.702336072921753,3.6846400260925294,3.6903680562973022,0.014614578195292776,0.13734400272369385,0.13887999951839447,0.1381535992026329,0.13817600160837173,0.0004604093726802461,0.14588800072669983,0.14947199821472168,0.1477535992860794,0.1478080004453659,0.0010636365468409286,0.011103999800980091,0.011615999974310398,0.011379200126975774,0.011472000274807215,0.00018888144180017908,7168,256,8,2048,1,616
0.017855999991297722,0.0342399999499321,0.019750400073826314,0.018031999468803406,0.004837777691104382,0.018624000251293182,0.034304000437259674,0.021004800125956534,0.019600000232458115,0.004487153227617748,0.0063680000603199005,0.015552000142633915,0.007564800046384335,0.006704000057652593,0.0026654367591364488,0.029888000339269638,0.04438399896025658,0.032195200212299824,0.030880000442266464,0.004084193794154224,0.07999999821186066,0.0950080007314682,0.08178240060806274,0.08027200028300285,0.004413124972119206,3.6640639305114746,3.707616090774536,3.685632014274597,3.6887840032577515,0.013201732828748055,0.13523200154304504,0.13833600282669067,0.1364416018128395,0.1361280009150505,0.0009931150434246978,0.1478080004453659,0.1496639996767044,0.14861120134592057,0.1483840048313141,0.0006930720945568634,0.01071999967098236,0.011680000461637974,0.011286399979144334,0.011408000253140926,0.0002922531565539699,7168,256,8,2048,1,608
0.017184000462293625,0.03347200155258179,0.019254400581121444,0.017712000757455826,0.004747943102947983,0.018015999346971512,0.033695999532938004,0.02026239987462759,0.018848000094294548,0.004499905399737767,0.006624000146985054,0.015776000916957855,0.007612800179049373,0.006720000179484487,0.002721974117616689,0.030400000512599945,0.04467200115323067,0.03212160002440214,0.030799999833106995,0.004187473962958767,0.0791039988398552,0.0952640026807785,0.08102720007300376,0.07942400127649307,0.004750237809596851,3.5998079776763916,3.705984115600586,3.6709696531295775,3.6770880222320557,0.02638942155480042,0.1348160058259964,0.13631999492645264,0.13527040034532548,0.13518399745225906,0.0004203570497555214,0.14713600277900696,0.1502400040626526,0.14838079810142518,0.14827200025320053,0.0007919538045572295,0.01071999967098236,0.01142400037497282,0.011174400057643651,0.011247999966144562,0.00024023462717812349,7168,256,8,2048,1,600
0.017472000792622566,0.03433600068092346,0.019414400309324266,0.017904000356793404,0.004977312886679051,0.018112000077962875,0.033824000507593155,0.020412800088524818,0.0191040001809597,0.004496482950363683,0.006271999794989824,0.015039999969303608,0.007571199955418706,0.006800000090152025,0.002498099632321685,0.030592000111937523,0.044576000422239304,0.03211839981377125,0.030719999223947525,0.004154114188045153,0.07779199630022049,0.09446399658918381,0.0798591986298561,0.07817599922418594,0.0048806907291391935,3.6408638954162598,3.6806719303131104,3.6668895483016968,3.6694400310516357,0.01101379528671111,0.13276800513267517,0.13478399813175201,0.13352320045232774,0.1335039958357811,0.0006390695667080124,0.14614400267601013,0.14902399480342865,0.14761280119419098,0.14766400307416916,0.0007791775796095564,0.01071999967098236,0.011744000017642975,0.011190399900078774,0.01119999960064888,0.00029225314737625386,7168,256,8,2048,1,592
0.016863999888300896,0.03455999866127968,0.019366399757564066,0.01780799962580204,0.005074432864623514,0.01788800023496151,0.034143999218940735,0.02054079994559288,0.019279999658465385,0.0045691347312192074,0.006432000081986189,0.015968000516295433,0.007619200134649872,0.006719999946653843,0.0027846051198277474,0.03049599938094616,0.045152001082897186,0.03223040010780096,0.03081599995493889,0.004309125602963547,0.07673600316047668,0.0926079973578453,0.07853759974241256,0.07703999802470207,0.004692885067364171,3.625663995742798,3.691904067993164,3.659980821609497,3.6592800617218018,0.01797981580021301,0.13075199723243713,0.1340160071849823,0.13219519853591918,0.13203199952840805,0.0009626059837423452,0.14617599546909332,0.14902399480342865,0.14724159836769105,0.14699199795722961,0.0008311439091518176,0.010879999957978725,0.011296000331640244,0.011068799998611212,0.011008000001311302,0.00015443109333117727,7168,256,8,2048,1,584
0.017343999817967415,0.033663999289274216,0.019353600032627583,0.017823999747633934,0.004774047999691229,0.017535999417304993,0.03372799977660179,0.019929599948227406,0.0186399994418025,0.004624499311027633,0.006304000038653612,0.015424000099301338,0.0075488000642508265,0.006719999946653843,0.002628306721308362,0.030079999938607216,0.045343998819589615,0.032172799855470655,0.030719999223947525,0.004402790337740932,0.07523199915885925,0.091839998960495,0.07751679942011833,0.07601599767804146,0.0047855396463615295,3.637183904647827,3.684351921081543,3.6608511447906493,3.657631993293762,0.01629490166114626,0.13020800054073334,0.13155199587345123,0.13068799823522567,0.13065600395202637,0.00041154457456141154,0.14582400023937225,0.14934399724006653,0.1473216012120247,0.1472960039973259,0.0009099254244329906,0.010528000071644783,0.01142400037497282,0.01107200002297759,0.011119999922811985,0.00023731845076489444,7168,256,8,2048,1,576
0.017343999817967415,0.03324799984693527,0.019308799877762794,0.01779200043529272,0.004651334000937938,0.01740800030529499,0.034143999218940735,0.019772799871861934,0.01825599931180477,0.0048199147278514196,0.006432000081986189,0.015647999942302704,0.007564799999818206,0.0066720000468194485,0.002695881758559576,0.030527999624609947,0.04604800045490265,0.03240640014410019,0.030911999754607677,0.004553231291240764,0.07465600222349167,0.09068799763917923,0.07649279981851578,0.07491199672222137,0.004735917062028512,3.632256031036377,3.671168088912964,3.6490112066268923,3.649343967437744,0.010807845736812805,0.1284160017967224,0.13177600502967834,0.12962879836559296,0.12956799566745758,0.0008664218835851788,0.1462399959564209,0.1483840048313141,0.14744000136852264,0.1475680023431778,0.0007050569781550857,0.010463999584317207,0.01152000017464161,0.010934399999678135,0.010976000223308802,0.0002894364677360459,7168,256,8,2048,1,568
0.016896000131964684,0.034015998244285583,0.019328000023961067,0.017872000113129616,0.004904901126034158,0.017343999817967415,0.0331839993596077,0.019772799871861934,0.018592000007629395,0.004498668340017609,0.006624000146985054,0.015135999768972397,0.00759040005505085,0.006768000079318881,0.002516380287715673,0.03014400042593479,0.044704001396894455,0.03205120023339987,0.0307839997112751,0.004228536125402933,0.07292799651622772,0.09065599739551544,0.07611839994788169,0.07364800199866295,0.005461810311784646,3.6286399364471436,3.759392023086548,3.659651184082031,3.649440050125122,0.03507361179729054,0.1268800050020218,0.13504000008106232,0.12852800041437148,0.12774399667978287,0.002299295299624686,0.14563199877738953,0.14870400726795197,0.14725120067596437,0.14689599722623825,0.0010068792541684933,0.010367999784648418,0.01119999960064888,0.010867199953645467,0.010975999757647514,0.0002600479747327132,7168,256,8,2048,1,560
0.017472000792622566,0.03436800092458725,0.01942720040678978,0.017776000313460827,0.0049839619081732366,0.017184000462293625,0.032896000891923904,0.01973439995199442,0.018543999642133713,0.004431094512979906,0.006271999794989824,0.015424000099301338,0.0075807999819517136,0.006719999946653843,0.0026199168634080563,0.03030399978160858,0.045471999794244766,0.03209919985383749,0.030671999789774418,0.0044622608699686536,0.07222399860620499,0.08854400366544724,0.07422400116920472,0.07267200201749802,0.004777275047245754,3.601344108581543,3.6445119380950928,3.62150399684906,3.624191999435425,0.012947862780376351,0.12518399953842163,0.12675200402736664,0.1259999990463257,0.1258080005645752,0.0005652800325455017,0.1454399973154068,0.14857600629329681,0.14684479981660842,0.14681599289178848,0.0008705508789537692,0.010239999741315842,0.011071999557316303,0.010806399770081044,0.010815999936312437,0.00023991461749614347,7168,256,8,2048,1,552
0.017184000462293625,0.03372799977660179,0.019340800121426582,0.017776000313460827,0.004804524697821159,0.01740800030529499,0.03286400064826012,0.0197375999763608,0.01836800016462803,0.004415995567675594,0.006463999859988689,0.015647999942302704,0.00760959992185235,0.006704000057652593,0.002682424699359221,0.03046399913728237,0.045504000037908554,0.03225919995456934,0.030799999833106995,0.00442004340290265,0.0713919997215271,0.08787199854850769,0.0732000008225441,0.07160000130534172,0.004892301138447284,3.610208034515381,3.663424015045166,3.640710401535034,3.641103982925415,0.014456866690356195,0.1236800029873848,0.12464000284671783,0.12423360049724579,0.12427200004458427,0.00032320118482090886,0.14636799693107605,0.14979200065135956,0.14770559966564178,0.14761599898338318,0.0008818087969415866,0.010080000385642052,0.010879999957978725,0.010608000028878451,0.010704000014811754,0.0002612461171121015,7168,256,8,2048,1,544
0.01740800030529499,0.034015998244285583,0.01934400014579296,0.017664000391960144,0.004897029329704624,0.01744000054895878,0.03308799862861633,0.019625600054860116,0.018223999999463558,0.004517852158895286,0.006335999816656113,0.015456000342965126,0.007577600050717592,0.006768000079318881,0.0026312797602928853,0.03033600002527237,0.04499199986457825,0.03215360008180142,0.030848000198602676,0.004285486948331157,0.07043199986219406,0.08656000345945358,0.07240000143647193,0.0708480030298233,0.004728865550517847,3.603424072265625,3.6463680267333984,3.6311584234237673,3.631327986717224,0.012281975684540508,0.12204799801111221,0.12412799894809723,0.12287359982728958,0.12278399989008904,0.0006601319217209773,0.1462399959564209,0.1494400054216385,0.14746240079402922,0.14721599966287613,0.001090615235609833,0.009983999654650688,0.010879999957978725,0.010617600008845329,0.010720000136643648,0.00026457637721705277,7168,256,8,2048,1,536
0.01756799966096878,0.03340800106525421,0.019369599968194963,0.017775999382138252,0.00468202905410059,0.01727999933063984,0.03254399821162224,0.0196511996909976,0.018496000207960606,0.004328345835335489,0.006304000038653612,0.01484800036996603,0.007536000013351441,0.006799999857321382,0.0024454471456243714,0.028511999174952507,0.04572800174355507,0.030761600099503995,0.02916800044476986,0.0049966967993522035,0.06934399902820587,0.08531200140714645,0.07106240019202233,0.06947200000286102,0.0047517806309503585,3.6031999588012695,3.6345601081848145,3.621871995925903,3.6228959560394287,0.009061839842075127,0.1204800009727478,0.12268800288438797,0.12142719998955727,0.1212959997355938,0.0006475080535162664,0.1446399986743927,0.14787200093269348,0.14658879786729812,0.14684800058603287,0.0009071829385881357,0.010015999898314476,0.011231999844312668,0.010556799918413162,0.010511999949812889,0.0003486237670880675,7168,256,8,2048,1,528
0.017503999173641205,0.034015998244285583,0.019785599783062935,0.017680000513792038,0.004952893478900685,0.017055999487638474,0.041919998824596405,0.021967999823391437,0.018447999842464924,0.007987564531186805,0.006399999838322401,0.016736000776290894,0.008540800120681525,0.0066720000468194485,0.003821300035927873,0.028831999748945236,0.05318399891257286,0.03308159988373518,0.029103999957442284,0.008225702982883932,0.06764800101518631,0.09033600240945816,0.07227520123124123,0.06864000111818314,0.007712574422770858,3.5812480449676514,3.9414079189300537,3.644985628128052,3.616160035133362,0.100628799293012,0.11903999745845795,0.12937599420547485,0.12085119858384133,0.11990399658679962,0.0028956432611955234,0.14560000598430634,0.15619200468063354,0.14740159958600998,0.1464959979057312,0.0029798206330945197,0.009759999811649323,0.011071999557316303,0.010463999956846238,0.010480000171810389,0.00038665741706815903,7168,256,8,2048,1,520
0.01744000054895878,0.03203200176358223,0.01910720020532608,0.017680000513792038,0.0043102342192601634,0.016575999557971954,0.031968001276254654,0.018838400207459926,0.01756799966096878,0.004408691135041426,0.006207999773323536,0.015552000142633915,0.0075392000377178196,0.006752000190317631,0.0026795371910924314,0.02844800055027008,0.043616000562906265,0.030451200157403945,0.02908799983561039,0.004397624492209031,0.0676800012588501,0.0830719992518425,0.07102400064468384,0.06807999685406685,0.005927420554528912,3.2675840854644775,3.359776020050049,3.3255104303359984,3.327407956123352,0.025128515851434025,0.11740799993276596,0.11980800330638885,0.11887680068612098,0.11905599758028984,0.0007138869166083232,0.12352000176906586,0.12588800489902496,0.12458559945225715,0.12451200187206268,0.0006447900367140322,0.010208000428974628,0.010944000445306301,0.010617600101977587,0.01065600011497736,0.00022068396042658505,7168,256,8,2048,1,512
0.01696000061929226,0.0326399989426136,0.019033599831163883,0.0175199992954731,0.004542597796621855,0.0163199994713068,0.03270399942994118,0.01883199978619814,0.017487999983131886,0.004658528429208336,0.006175999995321035,0.015231999568641186,0.007497599953785539,0.006736000068485737,0.0025869401231730545,0.0289280004799366,0.04460800066590309,0.03080640025436878,0.029311999678611755,0.0046037548452942546,0.0666240006685257,0.08300799876451492,0.06912960112094879,0.06700800359249115,0.0049329848403043865,3.3661439418792725,4.461728096008301,3.498623991012573,3.3977599143981934,0.32148723683647007,0.11644800007343292,0.12272000312805176,0.11782400086522102,0.11726399883627892,0.001729777685852262,0.12358400225639343,0.12556800246238708,0.1246911995112896,0.12467199936509132,0.0005715730785057297,0.009983999654650688,0.010816000401973724,0.010486400034278632,0.01056000031530857,0.00024456466238909075,7168,256,8,2048,1,504
0.01696000061929226,0.033504001796245575,0.01913600005209446,0.017535999417304993,0.0048008538262026106,0.0163199994713068,0.032607998698949814,0.018867200054228307,0.017712000757455826,0.004609981361555907,0.006496000103652477,0.02160000056028366,0.0082848000805825,0.006895999889820814,0.004440798932853832,0.028543999418616295,0.04848000034689903,0.030934399738907815,0.029023999348282814,0.00585346501745532,0.06550399959087372,0.08326400071382523,0.06954240053892136,0.06599999964237213,0.00607933955196673,3.3251841068267822,3.4319679737091064,3.3849568128585816,3.3841919898986816,0.03236458946551802,0.1149120032787323,0.11692799627780914,0.11571199968457221,0.11555200070142746,0.0006259247066689284,0.12464000284671783,0.1268800050020218,0.126060800999403,0.1263199970126152,0.0007571503991803299,0.009824000298976898,0.01065600011497736,0.010361600108444691,0.010432000271975994,0.0002402345180095861,7168,256,8,2048,1,496
0.017311999574303627,0.033215999603271484,0.019155200012028216,0.017616000026464462,0.004691361402117931,0.016383999958634377,0.03372799977660179,0.018982400000095368,0.017616000026464462,0.004946620294333324,0.006591999903321266,0.01583999954164028,0.0076927999965846535,0.006816000211983919,0.0027189530601335024,0.028224000707268715,0.04524800181388855,0.030486400052905083,0.028863999992609024,0.004927274279305715,0.06444799900054932,0.08073599636554718,0.06658880040049553,0.0647680014371872,0.004778820106313021,3.3375680446624756,3.4151039123535156,3.3693120002746584,3.3681440353393555,0.021466347676752463,0.11289600282907486,0.11552000045776367,0.11427200064063073,0.11408000066876411,0.0008096684836390208,0.12665599584579468,0.1287360042333603,0.12771839946508406,0.1276799961924553,0.0006168312670172153,0.009824000298976898,0.010432000271975994,0.010233600065112114,0.01030399976298213,0.0002145671328104553,7168,256,8,2048,1,488
0.016992000862956047,0.03372799977660179,0.01916159987449646,0.01764800027012825,0.004861890015619478,0.0163199994713068,0.032607998698949814,0.018816000036895274,0.017536000348627567,0.004630190582376891,0.006591999903321266,0.015072000212967396,0.007587200030684471,0.006768000079318881,0.002498068945917425,0.02848000079393387,0.046560000628232956,0.030662399902939796,0.028896000236272812,0.005307734417156576,0.06329599767923355,0.07884799689054489,0.06718720048666,0.06403199955821037,0.0050405877263436085,3.341887950897217,3.417504072189331,3.3809375524520875,3.3796639442443848,0.023727734420122014,0.11235199868679047,0.1149120032787323,0.1131232000887394,0.11297599971294403,0.0006966092082837474,0.12544000148773193,0.1284479945898056,0.12665600031614305,0.1268320009112358,0.0009134286945576742,0.0098879998549819,0.010432000271975994,0.010223999992012978,0.010288000106811523,0.00017068327026070122,7168,256,8,2048,1,480
0.01724799908697605,0.03340800106525421,0.019129600189626218,0.01759999990463257,0.004762344326267615,0.016448000445961952,0.03280000016093254,0.018758399970829488,0.017215999774634838,0.004714758896896127,0.0066559999249875546,0.015231999568641186,0.007584000052884221,0.006752000190317631,0.002549658954270918,0.028863999992609024,0.04726399853825569,0.030934399738907815,0.02913600020110607,0.005446716395600477,0.06255999952554703,0.07859200239181519,0.06738560050725936,0.06320000067353249,0.006504849214282865,3.34169602394104,3.4204161167144775,3.3822336196899414,3.3810559511184692,0.025615386074537373,0.11113599687814713,0.11238399893045425,0.11195199936628342,0.11204800009727478,0.0003500308987271916,0.12755200266838074,0.12982399761676788,0.12887040078639983,0.12892799824476242,0.0007240486189108987,0.009696000255644321,0.010463999584317207,0.010121600050479174,0.01017600018531084,0.00019780542654513312,7168,256,8,2048,1,472
0.01744000054895878,0.03347200155258179,0.01917440015822649,0.017583999782800674,0.004767008144572384,0.016287999227643013,0.03280000016093254,0.018892800062894823,0.01774400006979704,0.004670864594822734,0.006175999995321035,0.015168000012636185,0.007542400015518069,0.006783999968320131,0.0025492996369362833,0.028575999662280083,0.04572800174355507,0.030588800087571144,0.028959999792277813,0.005051247934694384,0.06124800071120262,0.07753600180149078,0.06470720060169696,0.061664000153541565,0.0050274732665404635,3.3041601181030273,3.416703939437866,3.3751999855041506,3.393823981285095,0.040791803005092574,0.1090560033917427,0.11116799712181091,0.1100320003926754,0.1098560020327568,0.0006544364627191267,0.12777599692344666,0.13052800297737122,0.12953920364379884,0.12958400696516037,0.0008779277248716597,0.009535999968647957,0.010688000358641148,0.010156800039112568,0.010096000041812658,0.0002995720139740428,7168,256,8,2048,1,464
0.01692800037562847,0.03388800099492073,0.01911359969526529,0.017551999539136887,0.004930265873717707,0.01648000068962574,0.03219199925661087,0.018793600238859655,0.017551999539136887,0.004497953403877205,0.006560000125318766,0.02473600022494793,0.008598400000482797,0.00684799998998642,0.005380246966986401,0.02848000079393387,0.04476799815893173,0.03039040006697178,0.028880000114440918,0.004798165414259641,0.05958399921655655,0.07660800218582153,0.06319360025227069,0.06164800003170967,0.004726148248626319,3.3504319190979004,3.418207883834839,3.3886815786361693,3.392575979232788,0.02062753797410059,0.10787200182676315,0.11049599945545197,0.10861440002918243,0.10838399827480316,0.0007029519409254998,0.1303360015153885,0.1329919993877411,0.13144639879465103,0.13126399368047714,0.0008774108422561302,0.009344000369310379,0.010816000401973724,0.009942400176078081,0.009920000098645687,0.00037154469489143326,7168,256,8,2048,1,456
0.016992000862956047,0.03292800113558769,0.01903040036559105,0.01750400010496378,0.0046379926444710074,0.0163199994713068,0.03206399828195572,0.01866880003362894,0.017376000061631203,0.00450071042065891,0.006560000125318766,0.01571200042963028,0.007593600079417229,0.0066720000468194485,0.0027076256132858557,0.02860799990594387,0.045152001082897186,0.03141760043799877,0.028896000236272812,0.00528914238788784,0.06694400310516357,0.07571200281381607,0.0711488001048565,0.07135999947786331,0.0027679242957094367,3.171072006225586,3.2847681045532227,3.249622416496277,3.262752056121826,0.039256974899308905,0.10627199709415436,0.10764800012111664,0.1070880003273487,0.10713600367307663,0.0003808541736898934,0.1106560006737709,0.11884800344705582,0.11354560032486916,0.11273600161075592,0.0024522136769825637,0.009184000082314014,0.01033599954098463,0.009737600013613701,0.009839999955147505,0.00033256899288526385,7168,256,8,2048,1,448
0.01711999997496605,0.03299200162291527,0.018969600461423396,0.01744000054895878,0.004678698060061615,0.0161920003592968,0.03187200054526329,0.01851519998162985,0.017376000061631203,0.004487427139632977,0.006335999816656113,0.015200000256299973,0.007500800024718046,0.0066720000468194485,0.0025708251927373414,0.028896000236272812,0.04636799916625023,0.031686400063335896,0.029279999434947968,0.0051430837389488835,0.06614399701356888,0.0748480036854744,0.07077759951353073,0.07180799916386604,0.002813593980877674,3.1566081047058105,3.2560319900512695,3.2229536056518553,3.2343519926071167,0.029895724950264196,0.10512000322341919,0.10652799904346466,0.10557120069861411,0.1053759977221489,0.00046448524830798897,0.11123199760913849,0.11420799791812897,0.11256639957427979,0.1125119999051094,0.0011069458302161398,0.00902399979531765,0.009759999811649323,0.009427199885249139,0.009488000068813562,0.00020248701081498907,7168,256,8,2048,1,440
0.017152000218629837,0.033504001796245575,0.018966400437057017,0.01740800030529499,0.0048476793849239995,0.016416000202298164,0.03328000009059906,0.018796800076961516,0.01735999993979931,0.004850321822931885,0.006624000146985054,0.015744000673294067,0.007708800071850419,0.006816000211983919,0.00268065492283079,0.02844800055027008,0.047520000487565994,0.03366719987243414,0.029488000087440014,0.006650219899759089,0.06444799900054932,0.07360000163316727,0.06975680068135262,0.07148800045251846,0.00331219203467396,3.1444480419158936,3.2759358882904053,3.2263807535171507,3.242703914642334,0.042065154866154704,0.10367999970912933,0.10518400371074677,0.10428480133414268,0.1040480025112629,0.0005158758234142387,0.11110399663448334,0.12080000340938568,0.11661759987473488,0.11662399768829346,0.002756984581042104,0.009056000038981438,0.009824000298976898,0.009468800015747547,0.009488000068813562,0.00024473212177865503,7168,256,8,2048,1,432
0.01692800037562847,0.033535998314619064,0.019107200019061566,0.017583999782800674,0.004815259440374595,0.01648000068962574,0.03235200047492981,0.018707199953496456,0.0175199992954731,0.004574572252820032,0.0066559999249875546,0.01568000018596649,0.008003199985250831,0.006783999968320131,0.0027741047184505034,0.02844800055027008,0.04435199871659279,0.032105600088834764,0.029280000366270542,0.005777963906724451,0.06188800185918808,0.07289600372314453,0.06963520050048828,0.07003200054168701,0.0027800779641864704,3.1731200218200684,3.294464111328125,3.223148822784424,3.222640037536621,0.033404559026034,0.1021760031580925,0.10326399654150009,0.10260160118341446,0.10228799656033516,0.0004590743607894168,0.11030399799346924,0.1226240023970604,0.11589440032839775,0.11529599875211716,0.004375655076075376,0.008895999751985073,0.009631999768316746,0.00927360001951456,0.009312000125646591,0.0002266360067275901,7168,256,8,2048,1,424
0.01711999997496605,0.033504001796245575,0.01904960013926029,0.017487999983131886,0.0048215850805394,0.016224000602960587,0.03126399964094162,0.018502399884164335,0.017295999452471733,0.004291432529970876,0.006560000125318766,0.015424000099301338,0.0075552000664174555,0.006704000057652593,0.00262456385196271,0.02848000079393387,0.043296001851558685,0.0324096005409956,0.02907200064510107,0.0055527481665927254,0.05961599946022034,0.07049600034952164,0.06635199971497059,0.06752000004053116,0.0038588139813832663,3.128767967224121,3.279968023300171,3.234208011627197,3.2492960691452026,0.04539737150383609,0.09980800002813339,0.10182400047779083,0.10070400014519691,0.1005919985473156,0.0005683037306271759,0.11046399921178818,0.1233920007944107,0.117068799585104,0.11734399944543839,0.00462351198445148,0.00863999966531992,0.009631999768316746,0.00924479989334941,0.009343999903649092,0.0003120452308191835,7168,256,8,2048,1,416
0.01724799908697605,0.033376000821590424,0.018998399935662748,0.017376000061631203,0.004794024315733001,0.016256000846624374,0.03283200040459633,0.01868800036609173,0.017248000018298626,0.0047506583997181965,0.006271999794989824,0.015200000256299973,0.00752960005775094,0.006688000168651342,0.002562840491809319,0.02828799933195114,0.047648001462221146,0.03342720009386539,0.029632000252604485,0.006421040711528759,0.06412799656391144,0.07097599655389786,0.06777599975466728,0.06812799721956253,0.0018596377049625071,3.197727918624878,3.2980480194091797,3.2590879678726195,3.263599991798401,0.032173884363445274,0.0984639972448349,0.10051199793815613,0.09931199997663498,0.09928000345826149,0.0005158351465702288,0.11107199639081955,0.12095999717712402,0.11401279866695405,0.112271998077631,0.003223448391208485,0.009247999638319016,0.00979200005531311,0.009478399995714426,0.009471999946981668,0.0001763197338141639,7168,256,8,2048,1,408
0.016704000532627106,0.0344959981739521,0.019039999693632126,0.017487999983131886,0.005159824606079287,0.01648000068962574,0.03222399950027466,0.018895999900996684,0.017679999582469463,0.004468149884800749,0.006591999903321266,0.01600000075995922,0.007609600154682994,0.006688000168651342,0.00279742256011775,0.028351999819278717,0.04374400153756142,0.03215680029243231,0.02894399967044592,0.005264918493809756,0.058848001062870026,0.06883200258016586,0.06626560091972351,0.06681600213050842,0.0026421539175899176,3.1500799655914307,3.3440639972686768,3.2668448209762575,3.283376097679138,0.056863549827641066,0.09593600034713745,0.0995199978351593,0.0979935996234417,0.0981920026242733,0.0010095022797263708,0.1101439967751503,0.12374400347471237,0.11841599941253662,0.1189120002090931,0.004024915613613107,0.008767999708652496,0.009600000455975533,0.009257600083947182,0.009312000125646591,0.00023430044807428688,7168,256,8,2048,1,400
0.016767999157309532,0.037696000188589096,0.019295999966561794,0.01726400014013052,0.006138397530164991,0.01616000011563301,0.03280000016093254,0.018755200132727624,0.017376000061631203,0.004712252919087925,0.006560000125318766,0.016416000202298164,0.008355200104415417,0.006752000190317631,0.003228432125937347,0.026815999299287796,0.04476799815893173,0.03489599954336882,0.033743999898433685,0.006717367211657482,0.06435199826955795,0.06835199892520905,0.0663231998682022,0.06599999964237213,0.0012217304300966303,3.1660799980163574,3.3159360885620117,3.2552736043930053,3.2495999336242676,0.04122071245851284,0.09520000219345093,0.09753599762916565,0.09630079939961433,0.09619200229644775,0.0007207025276816937,0.11088000237941742,0.12249600142240524,0.11734720021486282,0.11975999921560287,0.004558588991003793,0.008736000396311283,0.009503999724984169,0.00915520004928112,0.00916799996048212,0.00019749462512439847,7168,256,8,2048,1,392
0.016863999888300896,0.032416000962257385,0.018569599837064743,0.017055999487638474,0.004616438206477357,0.01600000075995922,0.03296000137925148,0.018515200540423393,0.016976000741124153,0.0048610561823250985,0.006624000146985054,0.01539199985563755,0.00975040001794696,0.009424000047147274,0.0029957554243354298,0.04047999903559685,0.04639999940991402,0.0421984001994133,0.041680000722408295,0.00176940323184527,0.0644799992442131,0.0724480003118515,0.06598080024123192,0.06523200124502182,0.0022272755604313818,3.1256959438323975,3.2432639598846436,3.1934879779815675,3.195631980895996,0.0326426636012458,0.09279999881982803,0.09459199756383896,0.09386560022830963,0.0939520001411438,0.0005527849368031249,0.10684800148010254,0.11177600175142288,0.1097728006541729,0.11022400110960007,0.0017130135676561725,0.008320000022649765,0.009279999881982803,0.00894719995558262,0.009087999816983938,0.00033076289515524736,7168,256,8,2048,1,384
0.01696000061929226,0.033695999532938004,0.018832000344991683,0.017184000462293625,0.004959220313096222,0.015936000272631645,0.03232000023126602,0.019011200033128263,0.017103999853134155,0.004919232722756907,0.006591999903321266,0.015615999698638916,0.009865600010380149,0.008559999987483025,0.0035297623810100873,0.03961599990725517,0.04531199857592583,0.04141439981758595,0.04094399884343147,0.0016744163864510853,0.06335999816656113,0.06627199798822403,0.06436479985713958,0.06431999802589417,0.0007945025263584346,3.117759943008423,3.237600088119507,3.1757312059402465,3.172111988067627,0.03497052111974626,0.09228800237178802,0.09356799721717834,0.09272000044584275,0.0926239974796772,0.000387780122907063,0.10313600301742554,0.10582400113344193,0.10490880087018013,0.10489600151777267,0.000708089315957566,0.008352000266313553,0.009119999594986439,0.008880000095814466,0.008944000117480755,0.00022863758818754157,7168,256,8,2048,1,376
0.016575999557971954,0.033535998314619064,0.0187263997271657,0.017103999853134155,0.004943327384140662,0.016448000445961952,0.032607998698949814,0.019305599853396416,0.01756799966096878,0.004710722331538587,0.007615999784320593,0.015776000916957855,0.012681600032374262,0.012911999598145485,0.002242287025540543,0.040383998304605484,0.05164799839258194,0.04314239993691445,0.04145599901676178,0.003923722055973037,0.06224000081419945,0.06579200178384781,0.06353599913418292,0.06331199780106544,0.0009019520335178554,3.0941760540008545,3.2189760208129883,3.1662879943847657,3.170639991760254,0.039848668375461735,0.0902400016784668,0.09251199662685394,0.09116799980401993,0.09124800190329552,0.0006632563555397933,0.10300800204277039,0.10611200332641602,0.1044160008430481,0.1043199971318245,0.0010305794727238566,0.008415999822318554,0.009088000282645226,0.008886400051414967,0.008944000117480755,0.00021034984996103802,7168,256,8,2048,1,368
0.017152000218629837,0.033215999603271484,0.018953600153326988,0.017424000427126884,0.004755743528200157,0.01651199907064438,0.03215999901294708,0.020179199799895287,0.01758400071412325,0.005010247583089638,0.0066559999249875546,0.015615999698638916,0.011628799932077527,0.012496000155806541,0.003596498183130334,0.038943998515605927,0.04841599985957146,0.041548799350857736,0.04089600034058094,0.0025396877440273507,0.0613120011985302,0.06521599739789963,0.062355199828743935,0.06183999963104725,0.0011958068094029101,3.1372480392456055,3.2413439750671387,3.1860543966293333,3.1928640604019165,0.030645710854013995,0.08873599767684937,0.0907519981265068,0.08936319947242737,0.08920000120997429,0.0005788725647937702,0.1027199998497963,0.1048320010304451,0.10381760001182556,0.10384000092744827,0.000687076834906238,0.008320000022649765,0.008991999551653862,0.008777599968016147,0.008911999873816967,0.00024912777005470883,7168,256,8,2048,1,360
0.016992000862956047,0.03283200040459633,0.018742399848997594,0.017199999652802944,0.004698185431177401,0.016831999644637108,0.03244800120592117,0.020380800031125544,0.017583999782800674,0.004944522248595759,0.011359999887645245,0.016448000445961952,0.013769600167870521,0.014160000253468752,0.001500458943835718,0.04012800008058548,0.04527999833226204,0.04162239991128445,0.040992001071572304,0.0015625729886935514,0.06022400036454201,0.06351999938488007,0.06102400049567223,0.060527998954057693,0.0009968396118921487,3.076256036758423,3.206239938735962,3.168393611907959,3.1841920614242554,0.04073919608340797,0.08656000345945358,0.08867199718952179,0.08781760036945344,0.08790399879217148,0.000717264381700098,0.10313600301742554,0.10540799796581268,0.10420800000429153,0.10417599976062775,0.0007492718627040583,0.008415999822318554,0.009184000082314014,0.008793599996715784,0.008848000317811966,0.0002012696549019957,7168,256,8,2048,1,352
0.016896000131964684,0.032607998698949814,0.01874879952520132,0.01724799908697605,0.004622143565057467,0.016543999314308167,0.03244800120592117,0.020604800060391427,0.017231999896466732,0.005616350223644625,0.011455999687314034,0.014944000169634819,0.01409280002117157,0.014384000096470118,0.0009558524551817278,0.039872001856565475,0.048608001321554184,0.04198400042951107,0.0410080011934042,0.0025336643582687893,0.059007998555898666,0.061535999178886414,0.0599007997661829,0.05976000055670738,0.0007883244222283371,3.0980799198150635,3.2058238983154297,3.146009588241577,3.1474720239639282,0.0332056020221316,0.08479999750852585,0.08687999844551086,0.08595199882984161,0.08617600053548813,0.0007460875790178079,0.10208000242710114,0.10489600151777267,0.1038816012442112,0.10385600104928017,0.0007050243959286674,0.008352000266313553,0.00886400043964386,0.008675200026482343,0.008688000030815601,0.0001345903454526309,7168,256,8,2048,1,344
0.016896000131964684,0.033376000821590424,0.019734400138258935,0.01732799969613552,0.005250771261418396,0.016992000862956047,0.03299200162291527,0.02362560052424669,0.021184000186622143,0.006352657905386255,0.013024000450968742,0.015936000272631645,0.014739200100302696,0.014768000226467848,0.0007757211173116058,0.03968000039458275,0.046431999653577805,0.042585600167512894,0.04206399992108345,0.0023563734114762824,0.0586559996008873,0.06195199862122536,0.060179200023412704,0.06014399975538254,0.0009641720417430508,3.0827200412750244,3.1929919719696045,3.1447328090667725,3.151296019554138,0.033530041714005365,0.08371199667453766,0.08681599795818329,0.08505919873714447,0.08516800031065941,0.0009266136569580356,0.10220800340175629,0.10409600287675858,0.10302720069885254,0.10281600058078766,0.0007124166422215187,0.008128000423312187,0.008960000239312649,0.008643200062215329,0.00872000027447939,0.00024051148471718032,7168,256,8,2048,1,336
0.0163199994713068,0.03286400064826012,0.018736000172793865,0.017280000261962414,0.0047254857990821075,0.01692800037562847,0.03187200054526329,0.02190400008112192,0.0190400006249547,0.005137814090887699,0.013248000293970108,0.015263999812304974,0.014528000075370074,0.014607999939471483,0.0005839451122406974,0.039903998374938965,0.044224001467227936,0.04132159985601902,0.04108799993991852,0.0012469372763022073,0.057792000472545624,0.06035200133919716,0.05866240039467811,0.0585120003670454,0.0007322060037518706,3.0854721069335938,3.203648090362549,3.156425642967224,3.160640001296997,0.032811751483602734,0.08198399841785431,0.08409599959850311,0.0829184003174305,0.0830559991300106,0.000611660749966112,0.10201600193977356,0.10393600165843964,0.1031711995601654,0.10343999788165092,0.0007178918624428382,0.008383999578654766,0.008832000195980072,0.008598400000482797,0.008592000231146812,0.00013120018354654089,7168,256,8,2048,1,328
0.01711999997496605,0.03385600075125694,0.019033600017428397,0.017456000670790672,0.004943473096734048,0.019680000841617584,0.0323840007185936,0.026339200139045716,0.025887999683618546,0.004209780960912581,0.013856000266969204,0.015744000673294067,0.014652800280600786,0.014672000426799059,0.0006080758348739592,0.03929600119590759,0.050144001841545105,0.04158720001578331,0.040591999888420105,0.002974079880632022,0.05641600117087364,0.05987200140953064,0.05745920017361641,0.05713599920272827,0.0009593814111139251,3.044127941131592,3.162303924560547,3.0994463920593263,3.1008800268173218,0.03399349431946761,0.08009599894285202,0.08182399719953537,0.08111680001020431,0.08126400038599968,0.0005526739243088622,0.10105600208044052,0.10259199887514114,0.10170239955186844,0.10148799791932106,0.0005506964621014909,0.008415999822318554,0.008895999751985073,0.008659199997782707,0.008671999908983707,0.00013286747305631542,7168,256,8,2048,1,320
0.01679999940097332,0.033695999532938004,0.018736000172793865,0.017152000218629837,0.004988906531364996,0.017952000722289085,0.033824000507593155,0.025311999954283237,0.024608000181615353,0.005061445283684372,0.01375999953597784,0.015456000342965126,0.014678399916738272,0.014624000061303377,0.0004361990507674709,0.04032000154256821,0.04940799996256828,0.042083199322223666,0.041151998564600945,0.002566888814515343,0.05552000179886818,0.058848001062870026,0.05641279965639114,0.05612799897789955,0.000923514889133904,3.0795838832855225,3.1939198970794678,3.1568063735961913,3.1715199947357178,0.03723901936421178,0.07865600287914276,0.0804160013794899,0.07970240116119384,0.0796160027384758,0.0005246530478973484,0.10425599664449692,0.10649599879980087,0.10518720000982285,0.10497600212693214,0.0007325763167014073,0.007872000336647034,0.008767999708652496,0.008518399950116873,0.008575999643653631,0.00025188690561612137,7168,256,8,2048,1,312
0.016736000776290894,0.03347200155258179,0.018656000122427942,0.017023999243974686,0.004941861501291995,0.021344000473618507,0.03190400078892708,0.02539200019091368,0.025152000598609447,0.003248031636593371,0.01375999953597784,0.01587199978530407,0.014470400009304284,0.014288000296801329,0.0005748966591774967,0.04044799879193306,0.044415999203920364,0.041763200610876086,0.041600000113248825,0.0011361980595493994,0.0544000007212162,0.05718399956822395,0.05527679957449436,0.05510399863123894,0.0007105439598662027,3.047327995300293,3.209536075592041,3.152684783935547,3.169279932975769,0.05171668157794777,0.07692799717187881,0.07903999835252762,0.07803519889712333,0.07806399837136269,0.0007332407289309156,0.10307200253009796,0.10608000308275223,0.10492480024695397,0.10497600212693214,0.0008414786849744149,0.008224000222980976,0.008832000195980072,0.0084672000259161,0.008464000187814236,0.00015558712779814124,7168,256,8,2048,1,304
0.016575999557971954,0.03308799862861633,0.01863679997622967,0.017008000053465366,0.0048220757204486325,0.0225600004196167,0.03081599995493889,0.026412800140678882,0.02675200067460537,0.002774575462319469,0.013791999779641628,0.01568000018596649,0.014367999881505967,0.014287999831140041,0.0005023084181979715,0.03929600119590759,0.044576000422239304,0.04066880010068417,0.04054399952292442,0.0014309010035474298,0.05302400141954422,0.05737600103020668,0.0543552003800869,0.05406400002539158,0.001117272344980865,3.07206392288208,3.177216053009033,3.1380576133728026,3.154976010322571,0.037753436801536026,0.0751039981842041,0.0767040029168129,0.07607999965548515,0.07606399804353714,0.00048345545323131986,0.10284800082445145,0.10639999806880951,0.10498239994049072,0.10521600022912025,0.001071407680181652,0.008128000423312187,0.008671999908983707,0.00835199998691678,0.008320000022649765,0.00014310837818260613,7168,256,8,2048,1,296
0.016736000776290894,0.03219199925661087,0.01851519998162985,0.01692800037562847,0.004563500448189691,0.023360000923275948,0.03190400078892708,0.029011200368404388,0.02913600020110607,0.0022585380963259316,0.013919999822974205,0.01587199978530407,0.014688000082969666,0.014592000283300877,0.0005855212091949202,0.039903998374938965,0.054016001522541046,0.04207359999418259,0.040831999853253365,0.00402988699602287,0.05257600173354149,0.0560000017285347,0.05357440076768398,0.05310400016605854,0.0010122124702031852,3.0168960094451904,3.1572160720825195,3.1178336143493652,3.1384479999542236,0.04604762638388475,0.07315199822187424,0.07443200051784515,0.07391040027141571,0.07390400022268295,0.0004184663873214357,0.10009600222110748,0.10313600301742554,0.10189120098948479,0.10222400352358818,0.0009907040653476897,0.008063999935984612,0.008511999621987343,0.008230399899184703,0.008239999879151583,0.0001422469517689496,7168,256,8,2048,1,288
0.016672000288963318,0.03331200033426285,0.01913600005209446,0.01697599980980158,0.0050053156273902185,0.028704000636935234,0.03232000023126602,0.030044800229370595,0.029904000461101532,0.0009373815242897865,0.013919999822974205,0.01571200042963028,0.014464000146836043,0.014368000440299511,0.0005226885947644083,0.04022400081157684,0.045632001012563705,0.04181440025568008,0.04123200103640556,0.001483506466015371,0.05113599821925163,0.05427199974656105,0.05241599939763546,0.052239999175071716,0.0008307686900160698,3.078336000442505,3.213184118270874,3.141715240478516,3.141808032989502,0.04617886362370036,0.07062400132417679,0.0727040022611618,0.07194560021162033,0.0721759982407093,0.0006648074946634022,0.10044799745082855,0.1029760017991066,0.10168000012636184,0.1016639992594719,0.0007610695521128534,0.007968000136315823,0.008287999778985977,0.008131199982017279,0.008112000301480293,9.433206010574595e-05,7168,256,8,2048,1,280
0.016767999157309532,0.03328000009059906,0.021264000050723552,0.018672000616788864,0.0054180686565291096,0.026528000831604004,0.032255999743938446,0.029795200377702714,0.030048000626266003,0.0013353970987253097,0.013952000066637993,0.015456000342965126,0.01448000008240342,0.014480000361800194,0.00041532266318473454,0.039712000638246536,0.044319998472929,0.0416192002594471,0.041360000148415565,0.0012384614817254375,0.050016000866889954,0.05369599908590317,0.051507200300693515,0.051024001091718674,0.0010899930313847037,3.037856101989746,3.2040960788726807,3.130028820037842,3.136431932449341,0.057118164838842085,0.06921599805355072,0.07212799787521362,0.07041279971599579,0.07035199925303459,0.0008490794561457903,0.09971199929714203,0.11948800086975098,0.10318400040268898,0.10123200342059135,0.0055463535635956705,0.007935999892652035,0.008832000195980072,0.008160000201314688,0.008112000301480293,0.00025439499605066905,7168,256,8,2048,1,272
0.01711999997496605,0.033663999289274216,0.021030399948358536,0.01923200022429228,0.004795812374962557,0.028511999174952507,0.03097599931061268,0.029551999643445015,0.029375999234616756,0.0007957971614938322,0.013824000023305416,0.01587199978530407,0.014659199956804514,0.014671999961137772,0.0005212071396439736,0.03996799886226654,0.04838399961590767,0.0425087995827198,0.041471999138593674,0.0025785808624869968,0.04940799996256828,0.052671998739242554,0.05054719969630241,0.050543999299407005,0.0009258120264738216,3.084928035736084,3.2284159660339355,3.1517632007598877,3.1565439701080322,0.03714365086166647,0.06739199906587601,0.0692799985408783,0.06849279925227165,0.06844799965620041,0.0005531830177010003,0.100832000374794,0.1064319983124733,0.10216639935970306,0.10135999694466591,0.0016309980474701192,0.007872000336647034,0.008191999979317188,0.00803520018234849,0.00800000037997961,9.857861877160603e-05,7168,256,8,2048,1,264
0.02521600015461445,0.03296000137925148,0.02864960003644228,0.028560000471770763,0.0024891825554549316,0.028575999662280083,0.031647998839616776,0.029401600174605847,0.02921600081026554,0.0008412771359608867,0.01408000010997057,0.015200000256299973,0.01454720003530383,0.014384000096470118,0.0004226422897786158,0.03996799886226654,0.046112000942230225,0.04152639992535114,0.04102399945259094,0.0017205798120793828,0.048448000103235245,0.051263999193906784,0.049615999683737755,0.04934399947524071,0.0008726378737347134,2.86844801902771,3.053760051727295,2.9665120124816893,2.961392045021057,0.05248150014519353,0.06534399837255478,0.06777600198984146,0.06670399904251098,0.06680000200867653,0.0006449812246183377,0.09151999652385712,0.0947519987821579,0.09299839958548546,0.0931680016219616,0.0010504391115954428,0.007615999784320593,0.008224000222980976,0.007936000032350421,0.007968000136315823,0.0001593588062058319,7168,256,8,2048,1,256
0.02812799997627735,0.0323840007185936,0.029910399951040743,0.029744000174105167,0.0013342158290048603,0.02848000079393387,0.03136000037193298,0.02939200010150671,0.029199999757111073,0.0007473559125561101,0.013887999579310417,0.015584000386297703,0.014588800072669984,0.014576000161468983,0.00047817268943473723,0.03996799886226654,0.04435199871659279,0.0416351992636919,0.04148799926042557,0.0011287838217550362,0.04745600000023842,0.05011200159788132,0.04845760017633438,0.04831999912858009,0.0007405846832816609,2.8658881187438965,3.048448085784912,2.96986243724823,2.966639995574951,0.05131880599852799,0.06403200328350067,0.06649599969387054,0.06489280089735985,0.06470400094985962,0.0007635132807795052,0.09180799871683121,0.09452799707651138,0.09244160056114196,0.0920800007879734,0.0008106549703386476,0.007360000163316727,0.008224000222980976,0.00788160003721714,0.007935999892652035,0.00022944243783858156,7168,256,8,2048,1,248
0.025760000571608543,0.05222399905323982,0.032553599961102006,0.030943999998271465,0.006792086152377811,0.02848000079393387,0.03763199970126152,0.030371200107038022,0.029888000339269638,0.002510009794882671,0.014175999909639359,0.020031999796628952,0.015244799852371215,0.014639999717473984,0.0016437662170308476,0.040063999593257904,0.05920000001788139,0.04373759962618351,0.04171199910342693,0.005458768884512922,0.04601600021123886,0.05913599953055382,0.04896959997713566,0.04739199951291084,0.0036274804223105886,2.8947839736938477,3.042527914047241,2.975055956840515,2.966207981109619,0.05367399896915341,0.06313599646091461,0.06460800021886826,0.06376959905028343,0.06366400048136711,0.0005032866626189262,0.09123200178146362,0.10688000172376633,0.0941088005900383,0.09291199967265129,0.0044495525672325785,0.007424000184983015,0.010528000071644783,0.008300800016149879,0.007936000358313322,0.0009294553900242036,7168,256,8,2048,1,240
0.029664000496268272,0.03299200162291527,0.03091839998960495,0.030767999589443207,0.0009139687473594239,0.028960000723600388,0.03062400035560131,0.02985920011997223,0.02980799973011017,0.00046778032805558736,0.014431999996304512,0.015744000673294067,0.014918400067836046,0.01470400020480156,0.00041619695795435096,0.040672000497579575,0.045184001326560974,0.04175680018961429,0.04110400006175041,0.0014012530857834956,0.04527999833226204,0.05651199817657471,0.04732479937374592,0.046431999653577805,0.003106949154443915,2.881056070327759,3.032288074493408,2.9540511846542357,2.9625439643859863,0.04744846687428844,0.05974400043487549,0.06201599910855293,0.06076480001211167,0.0607680007815361,0.0006104283605323962,0.0912960022687912,0.09731200337409973,0.09398400038480759,0.09412800148129463,0.0017570313338619488,0.007519999984651804,0.007840000092983246,0.007692799950018525,0.007695999927818775,9.727159312986677e-05,7168,256,8,2048,1,232
0.028863999992609024,0.03270399942994118,0.03060479983687401,0.030415999703109264,0.000980600209985311,0.028511999174952507,0.03142400085926056,0.029423999972641467,0.029184000566601753,0.0008256066222559907,0.013919999822974205,0.015744000673294067,0.014556800108402967,0.014367999974638224,0.0005021963237584133,0.040511999279260635,0.04499199986457825,0.04178239963948727,0.04153599962592125,0.001282321818098029,0.04435199871659279,0.04806400090456009,0.045654399693012236,0.0453759990632534,0.001040374753086853,2.8517439365386963,3.0157759189605713,2.9335391998291014,2.923184037208557,0.056454626444180596,0.058559998869895935,0.05990400165319443,0.059487999975681306,0.059567999094724655,0.000377817491996323,0.09312000125646591,0.09945599734783173,0.09584000036120414,0.0960640013217926,0.0019197318619583717,0.007584000006318092,0.007968000136315823,0.007737600058317184,0.007712000049650669,0.00011956194469594649,7168,256,8,2048,1,224
0.027871999889612198,0.03347200155258179,0.030668800324201585,0.030736000277101994,0.0013675803636422057,0.02800000086426735,0.03855999931693077,0.030022400058805944,0.02891199942678213,0.0029754767183207058,0.01398400031030178,0.01571200042963028,0.014608000125735997,0.014560000039637089,0.0005455507250867396,0.039455998688936234,0.045471999794244766,0.041494399681687354,0.041071999818086624,0.0016511535868383453,0.043935999274253845,0.047040000557899475,0.044790399819612504,0.04456000030040741,0.0008849666654848002,2.8272318840026855,2.9892799854278564,2.9221407890319826,2.9230079650878906,0.05159845902292597,0.05628800019621849,0.05859199911355972,0.05745280012488365,0.057328000664711,0.0006292210717943742,0.09347199648618698,0.10416000336408615,0.09847680032253266,0.09800000116229057,0.0036649769263380452,0.007455999962985516,0.007840000092983246,0.007651200005784631,0.007648000027984381,0.00012096678306876766,7168,256,8,2048,1,216
0.030047999694943428,0.03311999887228012,0.030966399982571603,0.030736000277101994,0.0009336157310769397,0.02860799990594387,0.03203200176358223,0.029676799848675727,0.029488000087440014,0.0009372454723455631,0.014208000153303146,0.01600000075995922,0.014783999975770712,0.01459199981763959,0.0004802134795467073,0.04022400081157684,0.04732799902558327,0.042476799711585043,0.04163200035691261,0.0023041868914010113,0.042847998440265656,0.04755200073122978,0.044460799917578696,0.044096000492572784,0.001436953889163781,2.828671932220459,2.9691200256347656,2.9201631784439086,2.9348959922790527,0.04739993011524499,0.054976001381874084,0.05689600110054016,0.05562880076467991,0.05539200082421303,0.0005779879576364643,0.09670399874448776,0.10300800204277039,0.09996799975633622,0.10055999830365181,0.0018181522878407597,0.007104000076651573,0.007648000027984381,0.007488000020384788,0.007519999984651804,0.00014872250062853868,7168,256,8,2048,1,208
0.028384000062942505,0.03276799991726875,0.030620800144970418,0.03046399913728237,0.001085026722115742,0.028224000707268715,0.03001599945127964,0.029190400242805482,0.029248000122606754,0.0005283004184559271,0.013952000066637993,0.015552000142633915,0.01467519998550415,0.014640000183135271,0.0004570962772698062,0.03996799886226654,0.04495999962091446,0.0418528001755476,0.04163200035691261,0.0016808656496579916,0.04169600084424019,0.044224001467227936,0.04250879995524883,0.04249599948525429,0.0007015526851749328,2.8427200317382812,2.9984641075134277,2.9119712352752685,2.9159040451049805,0.04733146057996052,0.052480001002550125,0.05820799991488457,0.053667199611663816,0.053199999034404755,0.0015629272750352665,0.09622400254011154,0.10572800040245056,0.10084480121731758,0.10091200098395348,0.002505180063799837,0.0072639998979866505,0.007615999784320593,0.007456000102683902,0.007424000184983015,9.274481043948853e-05,7168,256,8,2048,1,200
0.029343999922275543,0.03296000137925148,0.030691200122237205,0.030687999911606312,0.0009135932991916614,0.028351999819278717,0.033535998314619064,0.029590399377048014,0.02900799922645092,0.001492040577297082,0.0144640002399683,0.016095999628305435,0.014854400046169757,0.014719999860972166,0.00046279552409751447,0.03996799886226654,0.04444799944758415,0.04123839922249317,0.04055999964475632,0.0014338749633898138,0.04092799872159958,0.043296001851558685,0.04211839996278286,0.04190400056540966,0.0007622187728922377,2.7399039268493652,2.9393279552459717,2.8384511709213256,2.8515360355377197,0.06503824080633355,0.05052800104022026,0.05183999985456467,0.05109439976513386,0.0509600006043911,0.00046791128590902286,0.09273599833250046,0.09638399630784988,0.09430079832673073,0.09400000050663948,0.0011194000369101314,0.00848000030964613,0.013183999806642532,0.010777600016444922,0.01089600007981062,0.0015182169281225005,7168,256,8,2048,1,192
0.029311999678611755,0.03276799991726875,0.030339200049638748,0.029776000417768955,0.0010776398979142961,0.027807999402284622,0.030559999868273735,0.028803199902176856,0.02870399970561266,0.0008031235230908519,0.013952000066637993,0.015263999812304974,0.014406399894505739,0.014175999909639359,0.0004463512640454555,0.0390079990029335,0.04435199871659279,0.040934399142861365,0.04047999903559685,0.0016088587662850234,0.03948799893260002,0.04262400045990944,0.04071040004491806,0.04055999964475632,0.0008947193340060399,2.7367360591888428,2.8839681148529053,2.8192831754684446,2.8284319639205933,0.05433481719170054,0.04816000163555145,0.04972799867391586,0.0489120002835989,0.04894400015473366,0.0004378853392002688,0.09408000111579895,0.10054399818181992,0.09682239964604378,0.09696000069379807,0.0019171202812774525,0.007872000336647034,0.013728000223636627,0.009859200101345778,0.009711999911814928,0.001644716014591679,7168,256,8,2048,1,184
0.030047999694943428,0.03302399814128876,0.030847999826073648,0.03048000019043684,0.0008572174340720076,0.027424000203609467,0.03171199932694435,0.02896639984101057,0.02879999950528145,0.001020473755910318,0.013791999779641628,0.015263999812304974,0.014383999910205603,0.014431999996304512,0.00040127792819864697,0.03951999917626381,0.04521600157022476,0.04102720022201538,0.04055999964475632,0.0016466455800412407,0.03936000168323517,0.04291199892759323,0.040377600118517876,0.04022400081157684,0.0010639987871855722,2.740607976913452,2.90447998046875,2.8195552110671995,2.808575987815857,0.04950700941316329,0.04630399867892265,0.05212799832224846,0.04792959913611412,0.047439999878406525,0.0014850756544828726,0.09542399644851685,0.10361599922180176,0.09834240078926086,0.0981760025024414,0.0020096816657902985,0.007807999849319458,0.013952000066637993,0.009945599921047687,0.009375999681651592,0.0018937297605711434,7168,256,8,2048,1,176
0.02953599952161312,0.032575998455286026,0.0304255997762084,0.030207999981939793,0.0007840714105249814,0.028031999245285988,0.031647998839616776,0.02910399977117777,0.028816000558435917,0.001003724000866244,0.01360000018030405,0.015424000099301338,0.014185600075870752,0.014095999766141176,0.00046417651301096564,0.039423998445272446,0.04355200007557869,0.04076480008661747,0.04076800122857094,0.0010720193463634802,0.037856001406908035,0.044704001396894455,0.03943680040538311,0.0387520007789135,0.0019436517483885699,2.754688024520874,2.938944101333618,2.814790439605713,2.796064019203186,0.055383703354900525,0.04521600157022476,0.04665600135922432,0.04587200060486794,0.045744000002741814,0.0005213643096620479,0.09558399766683578,0.10569600015878677,0.10113919973373413,0.10099199786782265,0.0025466138367548972,0.007071999832987785,0.010847999714314938,0.008355199871584774,0.007871999870985746,0.0012429394001205918,7168,256,8,2048,1,168
0.030047999694943428,0.032416000962257385,0.030899200402200223,0.030608000233769417,0.0008016880771862652,0.028511999174952507,0.03097599931061268,0.02941119987517595,0.029296000488102436,0.0008137632474320445,0.013728000223636627,0.015424000099301338,0.01461439998820424,0.014607999939471483,0.00044456965401575715,0.03961599990725517,0.044064000248909,0.04150719940662384,0.040991999208927155,0.001398912517516187,0.037567999213933945,0.04012800008058548,0.0384832002222538,0.0382240004837513,0.0009183720383867315,2.708415985107422,2.8986239433288574,2.800544023513794,2.807360053062439,0.05729867067942016,0.043327998369932175,0.04566400125622749,0.04419840015470981,0.044064000248909,0.0006737961842183735,0.09984000027179718,0.10835199803113937,0.10298559963703155,0.10124799981713295,0.003129791255638594,0.009503999724984169,0.014399999752640724,0.011398399993777276,0.011008000001311302,0.0017377384051588047,7168,256,8,2048,1,160
0.0297279991209507,0.03244800120592117,0.03062400035560131,0.030400000512599945,0.0007455386191439587,0.028416000306606293,0.03081599995493889,0.029209600202739237,0.029120000079274178,0.0006843512870656427,0.013952000066637993,0.015231999568641186,0.014527999982237815,0.014448000118136406,0.0004319407345611248,0.039264000952243805,0.04447999969124794,0.041302400082349776,0.04113599844276905,0.0015471628078711174,0.03606399893760681,0.03888000175356865,0.03710400052368641,0.03691199980676174,0.0008827886378188853,2.773695945739746,2.893120050430298,2.8188672065734863,2.81768000125885,0.04288284187247231,0.04265600070357323,0.04364800080657005,0.04299839995801449,0.04289599880576134,0.0003244649452586355,0.1011200025677681,0.1072319969534874,0.10368959978222847,0.10316799953579903,0.00201284966523171,0.008352000266313553,0.013856000266969204,0.010963200125843287,0.010768000036478043,0.0016425198113152982,7168,256,8,2048,1,152
0.02908799983561039,0.033055998384952545,0.03022079970687628,0.02985600009560585,0.0011008367426428621,0.028095999732613564,0.031488001346588135,0.0292864004150033,0.02913600020110607,0.0008454062102950009,0.013535999692976475,0.015135999768972397,0.01417279988527298,0.014047999866306782,0.00048030936669734886,0.039712000638246536,0.04531199857592583,0.04194240011274815,0.041279999539256096,0.0020919804232375576,0.03516799956560135,0.03782400116324425,0.03613760024309158,0.03619199991226196,0.000769073254016862,2.7147200107574463,2.8898239135742188,2.798179197311401,2.80131196975708,0.04873842170464768,0.04124800115823746,0.043007999658584595,0.04195519983768463,0.0419359989464283,0.0004885528914754733,0.10175999999046326,0.10598400235176086,0.1039776012301445,0.10395200178027153,0.0010715992881137322,0.00848000030964613,0.013728000223636627,0.010719999950379134,0.010255999863147736,0.0016077253443308626,7168,256,8,2048,1,144
0.029632000252604485,0.03270399942994118,0.030729600228369236,0.030432000756263733,0.0008829970548234125,0.027775999158620834,0.0390079990029335,0.030287999846041202,0.029488000087440014,0.0030539886514710283,0.013952000066637993,0.016416000202298164,0.014704000111669302,0.014655999839305878,0.0006525568197179765,0.04047999903559685,0.0490880012512207,0.04264000058174133,0.04150400124490261,0.002618580017589386,0.03433600068092346,0.03705599904060364,0.035472000017762184,0.03508799895644188,0.0009546784306171756,2.737920045852661,2.880863904953003,2.81005437374115,2.8095200061798096,0.045792445774910935,0.03996799886226654,0.04639999940991402,0.041158399730920794,0.04054399952292442,0.0018128952256754123,0.10291200131177902,0.1096000000834465,0.10490880012512208,0.1045599989593029,0.001926293670853655,0.009344000369310379,0.014015999622642994,0.0114847999997437,0.011376000009477139,0.0014428735366145392,7168,256,8,2048,1,136
0.02921600081026554,0.032575998455286026,0.03054719977080822,0.03043199982494116,0.0009630027557827485,0.028031999245285988,0.03139200061559677,0.02903360016644001,0.028912000358104706,0.0009270122325038984,0.014112000353634357,0.015552000142633915,0.014521599933505058,0.014287999831140041,0.00045046183956926246,0.039423998445272446,0.04527999833226204,0.04127039909362793,0.041039999574422836,0.0016804751558006617,0.033535998314619064,0.03718400001525879,0.03439679965376854,0.033824000507593155,0.0010804870598958188,2.5511999130249023,2.7392640113830566,2.660115194320679,2.669152021408081,0.06027857528886299,0.03872000053524971,0.0398080013692379,0.03922240026295185,0.039264000952243805,0.00034821204601688413,0.09974399954080582,0.10585600137710571,0.10261119976639747,0.10200000181794167,0.0018340896276573353,0.011744000017642975,0.014527999795973301,0.012857600022107363,0.012752000242471695,0.0008050781776134525,7168,256,8,2048,1,128
0.029343999922275543,0.03232000023126602,0.030316800251603125,0.030063999816775322,0.0008298063378407247,0.027871999889612198,0.03187200054526329,0.02913600020110607,0.028959999792277813,0.0011049272043908503,0.013919999822974205,0.015200000256299973,0.014374400023370981,0.01435199985280633,0.0003960250626231244,0.03999999910593033,0.046879999339580536,0.04189120009541512,0.04100799933075905,0.0022162142635511273,0.032287999987602234,0.03526400029659271,0.033327999711036685,0.03300799988210201,0.0008678138741912555,2.6390719413757324,2.774399995803833,2.713081622123718,2.715167999267578,0.036890304179787406,0.03766399994492531,0.03916800022125244,0.03832320049405098,0.03824000060558319,0.00045776814126718534,0.09830400347709656,0.10361599922180176,0.10109760016202926,0.10148800164461136,0.0019741720589887242,0.012543999589979649,0.014976000413298607,0.013526400085538626,0.013439999893307686,0.0005983316773449227,7168,256,8,2048,1,120
0.029120000079274178,0.03299200162291527,0.030422400310635568,0.030304000712931156,0.0010000247486217436,0.027807999402284622,0.03152000159025192,0.029107200168073177,0.02902400027960539,0.0010038215633603599,0.013887999579310417,0.016063999384641647,0.0145151998847723,0.014336000196635723,0.000576035428180468,0.03920000046491623,0.04556800052523613,0.04111040011048317,0.04062400013208389,0.0017962269282133189,0.03142400085926056,0.03577600046992302,0.032601600512862206,0.032096000388264656,0.0012518340721140385,2.630239963531494,2.7772159576416016,2.703232002258301,2.6871520280838013,0.05377654059266837,0.036320000886917114,0.037151999771595,0.03678720034658909,0.03680000081658363,0.00020399814981063972,0.09945599734783173,0.10425599664449692,0.10168959945440292,0.10156799852848053,0.0014846620621301535,0.012703999876976013,0.018880000337958336,0.014115200005471706,0.013760000001639128,0.0016539048395790253,7168,256,8,2048,1,112
0.02940800040960312,0.031968001276254654,0.030172800272703172,0.029935999773442745,0.0007540672012172461,0.027648000046610832,0.030912000685930252,0.02885760013014078,0.02864000014960766,0.0009875307278719868,0.013952000066637993,0.015647999942302704,0.014771199971437454,0.014911999925971031,0.0005391215422439062,0.040031999349594116,0.04700800031423569,0.04162240028381348,0.04070400074124336,0.0020767015952488643,0.0306560005992651,0.033535998314619064,0.03177920058369636,0.031408000737428665,0.0010008839365013014,2.633984088897705,2.7767679691314697,2.7014464139938354,2.681104063987732,0.04985704249478009,0.034143999218940735,0.0360959991812706,0.035289599746465686,0.03519999980926514,0.0005401845073148689,0.10047999769449234,0.10672000050544739,0.10248960033059121,0.1019200012087822,0.001655164918475295,0.01235199999064207,0.01462399959564209,0.013494399935007095,0.01345600001513958,0.0007178350059591741,7168,256,8,2048,1,104
0.02969600073993206,0.03254399821162224,0.030812799744307996,0.030704000033438206,0.00075826427843523,0.024960000067949295,0.03484800085425377,0.026982400193810464,0.02619200013577938,0.0027089774945724464,0.01408000010997057,0.015584000386297703,0.014671999961137772,0.014575999695807695,0.00046620172624617877,0.04009599983692169,0.04479999840259552,0.04126080013811588,0.04070400074124336,0.0013642054232816487,0.029791999608278275,0.032575998455286026,0.030713599920272828,0.03041600063443184,0.0008301265852821036,2.602976083755493,2.782975912094116,2.6800575971603395,2.682687997817993,0.05011342454516494,0.03347200155258179,0.03452799841761589,0.03391360007226467,0.03380800038576126,0.0003391998556440138,0.09785600006580353,0.10374400019645691,0.10015679970383644,0.09982400014996529,0.0017961927170263984,0.012959999963641167,0.014560000039637089,0.013494399935007095,0.01345600001513958,0.0004608555809900567,7168,256,8,2048,1,96
0.028672000393271446,0.03315199911594391,0.030095999874174596,0.02995199989527464,0.0011977790013084477,0.02473600022494793,0.03161599859595299,0.026191999949514867,0.025584000162780285,0.001877461693010095,0.013535999692976475,0.01548799965530634,0.01440959982573986,0.014336000196635723,0.00047464745644769526,0.0387520007789135,0.04505600035190582,0.04083200022578239,0.040480000898242,0.0017264585227077635,0.028704000636935234,0.031808000057935715,0.029788799956440924,0.02939199935644865,0.0008824633937443632,2.6133439540863037,2.747136116027832,2.6782559633255003,2.662895917892456,0.04345169119609351,0.03126399964094162,0.03276799991726875,0.032019199803471565,0.03193599916994572,0.0004870311819445191,0.09696000069379807,0.10198400169610977,0.0987296000123024,0.0984640009701252,0.0014187266085981117,0.012703999876976013,0.014655999839305878,0.013587199989706278,0.013391999993473291,0.0005888694983052637,7168,256,8,2048,1,88
0.02937600016593933,0.03574400022625923,0.03090239968150854,0.030127999372780323,0.0018464333039967594,0.025248000398278236,0.02691200003027916,0.025840000063180924,0.02571200020611286,0.0005045964048035735,0.013952000066637993,0.01587199978530407,0.014620800036936998,0.014560000039637089,0.0006087489355557298,0.0398080013692379,0.048895999789237976,0.04253120012581348,0.04110399819910526,0.003145827339320454,0.028095999732613564,0.030719999223947525,0.028940799832344054,0.028624000027775764,0.0007738707832094895,2.5893120765686035,2.772320032119751,2.6756864309310915,2.685887932777405,0.055548270654087364,0.030271999537944794,0.03500799834728241,0.03132799956947565,0.030767999589443207,0.0013238097755713613,0.09753599762916565,0.10022400319576263,0.09875200018286705,0.09863999858498573,0.0008800882266710465,0.012480000033974648,0.01398400031030178,0.013452800083905458,0.01360000018030405,0.0005209616069715637,7168,256,8,2048,1,80
0.029759999364614487,0.0342399999499321,0.03090560007840395,0.030559999868273735,0.0012257128210279842,0.02537599951028824,0.027936000376939774,0.026092799939215185,0.02571200020611286,0.0009134531240896216,0.01408000010997057,0.015647999942302704,0.014672000054270029,0.014575999695807695,0.0004133453475664664,0.039264000952243805,0.047807998955249786,0.04194560013711453,0.041311999782919884,0.0022481585956773986,0.02751999907195568,0.032607998698949814,0.02910079974681139,0.028560000471770763,0.0016088838135466781,2.6018879413604736,2.78438401222229,2.687801551818848,2.685231924057007,0.05574213643328701,0.029120000079274178,0.030880000442266464,0.029785600304603577,0.02979200053960085,0.0005065309367422591,0.09577599912881851,0.10060799866914749,0.098089599609375,0.09772799909114838,0.0013051956317250916,0.012543999589979649,0.014271999709308147,0.013551999907940626,0.013584000058472157,0.0005404590795988796,7168,256,8,2048,1,72
0.0297279991209507,0.03651199862360954,0.03124479968100786,0.030287999659776688,0.002065088337446678,0.025248000398278236,0.031808000057935715,0.02724479977041483,0.026815999299287796,0.0017683698247477038,0.01408000010997057,0.015200000256299973,0.014336000103503466,0.014239999931305647,0.00031548819601652246,0.039903998374938965,0.046751998364925385,0.04193599931895733,0.04097599908709526,0.0021219761824419984,0.026496000587940216,0.030112000182271004,0.0276095999404788,0.02715199999511242,0.0010763422404334935,2.4240639209747314,2.6040000915527344,2.518345594406128,2.5317440032958984,0.05849605712903223,0.027583999559283257,0.03488000109791756,0.029008000157773495,0.02844800055027008,0.0019861281878307355,0.09382399916648865,0.09855999797582626,0.09567999988794326,0.09497600048780441,0.0016353845819697564,0.012415999546647072,0.014015999622642994,0.01346239997074008,0.013503999914973974,0.0003924537154895274,7168,256,8,2048,1,64
0.029152000322937965,0.0318400003015995,0.030243200063705445,0.030368000268936157,0.0008720748397432245,0.025087999179959297,0.028095999732613564,0.026140799932181834,0.02604799997061491,0.0007483417840794998,0.013728000223636627,0.01926399953663349,0.01497279992327094,0.014639999717473984,0.0014889079729709627,0.03948799893260002,0.04412800073623657,0.040880000218749046,0.04044800065457821,0.0012887903513475964,0.02550400048494339,0.028863999992609024,0.026876799948513507,0.026623999699950218,0.0010044586416863089,2.564095973968506,2.663424015045166,2.6079008102416994,2.6178879737854004,0.030393914925611068,0.026559999212622643,0.029311999678611755,0.02758719976991415,0.02750399988144636,0.0006802465789796298,0.09232000261545181,0.10585600137710571,0.09605759978294373,0.09504000097513199,0.0036556497953545946,0.012512000277638435,0.014112000353634357,0.013443199917674065,0.013311999849975109,0.0004860314243438864,7168,256,8,2048,1,56
0.029311999678611755,0.03232000023126602,0.030601599998772145,0.03048000019043684,0.0007743803988077423,0.025151999667286873,0.027936000376939774,0.02649280000478029,0.026592000387609005,0.0008870930783423796,0.014015999622642994,0.015200000256299973,0.014534399937838316,0.014543999917805195,0.0003041853165767712,0.039903998374938965,0.04707200080156326,0.0419743999838829,0.04094400070607662,0.002325766048872081,0.024992000311613083,0.029664000496268272,0.026905600167810916,0.026895999908447266,0.0015626880800492665,2.5306880474090576,2.645983934402466,2.602355194091797,2.6051679849624634,0.03459724967418434,0.02595200017094612,0.02864000014960766,0.027142400108277797,0.027328000403940678,0.0008276564107499811,0.09344000369310379,0.10063999891281128,0.0953344002366066,0.09467200189828873,0.00215817625368399,0.012415999546647072,0.014240000396966934,0.013263999857008458,0.013296000193804502,0.0005957934425484932,7168,256,8,2048,1,48
0.029343999922275543,0.031936001032590866,0.030297600105404852,0.03033600002527237,0.0007557423205337739,0.02454400062561035,0.026944000273942947,0.025523200072348116,0.02551999967545271,0.0007767764467234655,0.014047999866306782,0.015424000099301338,0.014550399966537952,0.014384000096470118,0.00041724129519496775,0.03961599990725517,0.05056000128388405,0.041331200301647185,0.04036800004541874,0.0031104003642629424,0.02470399998128414,0.028224000707268715,0.025763200037181376,0.025551999919116497,0.0009743411056359655,2.5390400886535645,2.623231887817383,2.580883193016052,2.5787200927734375,0.024685234294622004,0.026528000831604004,0.02812799997627735,0.02714240029454231,0.027008000761270523,0.0004985840822187054,0.09206400066614151,0.09609600156545639,0.09404799938201905,0.09411200135946274,0.001197415902658703,0.012575999833643436,0.01408000010997057,0.013270399905741215,0.01307199988514185,0.0005273789882011145,7168,256,8,2048,1,40
0.028960000723600388,0.03292800113558769,0.030054400302469732,0.029808000661432743,0.0011243620382934481,0.024512000381946564,0.0272000003606081,0.02567040007561445,0.025615999475121498,0.0008837793757702709,0.013632000423967838,0.015904000028967857,0.014508800115436316,0.014431999996304512,0.0005771010969905826,0.039583999663591385,0.04416000097990036,0.040889599919319154,0.040463998913764954,0.0013271940973095253,0.024224000051617622,0.028991999104619026,0.025737600214779378,0.02564800065010786,0.001293611235267647,2.405247926712036,2.540287971496582,2.4842495918273926,2.4844800233840942,0.04249865405203471,0.026016000658273697,0.028255999088287354,0.026809600181877613,0.02652799990028143,0.00073847224544773,0.08851200342178345,0.09888000041246414,0.09219200015068055,0.0920800007879734,0.0026541489036885587,0.012864000163972378,0.0163199994713068,0.013910399936139583,0.013743999879807234,0.001002172184118562,7168,256,8,2048,1,32
0.02864000014960766,0.032255999743938446,0.029753600247204304,0.029392000287771225,0.0011101555092050787,0.023520000278949738,0.02723200060427189,0.025107200257480145,0.025008000433444977,0.0010814104577751026,0.01360000018030405,0.015200000256299973,0.014201599825173616,0.01414399966597557,0.0004321304232024821,0.03788800165057182,0.044319998472929,0.03994240052998066,0.03959999978542328,0.0017971803325239663,0.023552000522613525,0.02755199931561947,0.0247936001047492,0.024575999937951565,0.0011212607732002168,2.4094719886779785,2.614272117614746,2.5349984407424926,2.5399680137634277,0.05059875316604079,0.025439999997615814,0.02796800062060356,0.02647680025547743,0.02622400037944317,0.0009323154563522129,0.08780799806118011,0.09590400010347366,0.09067199975252152,0.08953600004315376,0.0026581678273315647,0.012640000320971012,0.014336000196635723,0.013273600023239851,0.013119999784976244,0.0005040989507809203,7168,256,8,2048,1,24
0.02816000021994114,0.03235200047492981,0.029664000310003758,0.029488000087440014,0.0011124777669565637,0.025407999753952026,0.030432000756263733,0.02710719984024763,0.026479999534785748,0.0014524228988663317,0.013663999736309052,0.015200000256299973,0.014355199970304966,0.01432000007480383,0.0004705633392856633,0.03884800150990486,0.043616000562906265,0.040623999759554864,0.04012800008058548,0.0014815167826134838,0.023871999233961105,0.028063999488949776,0.025049599632620812,0.024783999659121037,0.0011440435773764457,2.4421439170837402,2.579360008239746,2.514809584617615,2.5170880556106567,0.0395969156404358,0.02579200081527233,0.03484800085425377,0.028310400247573853,0.02785600069910288,0.002487989280063941,0.08822400122880936,0.09443199634552002,0.09005120024085045,0.08920000120997429,0.0018794339182329693,0.012768000364303589,0.014240000396966934,0.013465599901974202,0.013359999749809504,0.000471997267964356,7168,256,8,2048,1,16
0.02953599952161312,0.032607998698949814,0.03026239965111017,0.03003200050443411,0.0008559085237111296,0.025407999753952026,0.03436800092458725,0.02749119997024536,0.02681600023061037,0.002434460135826646,0.013632000423967838,0.015072000212967396,0.014044800028204917,0.013952000066637993,0.0003912516165268484,0.03939199820160866,0.05766399949789047,0.042870399355888364,0.040735999122262,0.005447694706282398,0.02412799932062626,0.026528000831604004,0.024873599968850614,0.024639999493956566,0.0006972846077331555,2.4141440391540527,2.560447931289673,2.478707194328308,2.476672053337097,0.04441065099861354,0.025536000728607178,0.029472000896930695,0.026787200197577476,0.026544000022113323,0.0010295302323436817,0.0873280018568039,0.09040000289678574,0.08883200064301491,0.08873600140213966,0.0009928258906729626,0.01228800043463707,0.014271999709308147,0.01328959995880723,0.01321600005030632,0.0007266255939956098,7168,256,8,2048,1,8
0.029055999591946602,0.0323840007185936,0.03023039996623993,0.029823999851942062,0.000978808057652643,0.023744000121951103,0.026528000831604004,0.024976000003516675,0.025104000233113766,0.0008985394309521775,0.013407999649643898,0.014944000169634819,0.014153599832206964,0.014160000253468752,0.0004518804200574079,0.03814399987459183,0.04355200007557869,0.04001919999718666,0.039712000638246536,0.0015406069123978829,0.023391999304294586,0.027456000447273254,0.024908799678087234,0.02459200005978346,0.0012255794032227743,2.347775936126709,2.491231918334961,2.426364803314209,2.447152018547058,0.046547436448214775,0.02537599951028824,0.028192000463604927,0.026191999949514867,0.025839999318122864,0.0008158745941722013,0.08659200370311737,0.09120000153779984,0.08812799975275994,0.08769599720835686,0.0013522044511750664,0.01235199999064207,0.02035200037062168,0.013855999987572431,0.013119999784976244,0.00220451911284222,7168,256,8,2048,1,4
0.02985600009560585,0.03283200040459633,0.030908800289034845,0.0307839997112751,0.0008613232855935341,0.0244159996509552,0.028736000880599022,0.025846399925649167,0.02566399984061718,0.0012077238377436194,0.013535999692976475,0.01532800029963255,0.01427839994430542,0.014207999687641859,0.0005202929737974427,0.03888000175356865,0.043776001781225204,0.040192000567913055,0.039503999054431915,0.001457529096274006,0.023615999147295952,0.02796800062060356,0.025135999917984007,0.024768000468611717,0.0011536214337525895,2.324320077896118,2.4394240379333496,2.3749024629592896,2.372960090637207,0.033345779087484165,0.025312000885605812,0.029952000826597214,0.026265600137412547,0.025824000127613544,0.001350066432538063,0.08646400272846222,0.09859199821949005,0.09018879979848862,0.08900799974799156,0.0034161609852362707,0.012512000277638435,0.01414399966597557,0.013315200060606002,0.013168000150471926,0.0005817401600160752,7168,256,8,2048,1,2
0.029440000653266907,0.033344000577926636,0.03043520003557205,0.03015999961644411,0.0010764993912968537,0.02675200067460537,0.028543999418616295,0.027356799878180026,0.02729600016027689,0.00046514588227009295,0.013311999849975109,0.015647999942302704,0.01408000010997057,0.013935999944806099,0.000601906293385355,0.03846399858593941,0.0435199998319149,0.040137600153684616,0.039952000603079796,0.0013580258350213254,0.016224000602960587,0.01852799952030182,0.016953600011765955,0.016976000741124153,0.0006229404109308712,2.360032081604004,2.441279888153076,2.389859199523926,2.378767967224121,0.02542050886189845,0.024800000712275505,0.029279999434947968,0.026022399961948394,0.025631999596953392,0.001175214728543688,0.08627200126647949,0.09033600240945816,0.0878880001604557,0.08774399757385254,0.001128947902563108,0.012256000190973282,0.014816000126302242,0.01352319996803999,0.01356800040230155,0.000737973076546336,7168,256,8,2048,1,1
